timestamp,building,floor_area,category,meter_id,energy_kwh,avg_power_kw,occupancy_level,outside_temp_c,is_weekend,notes
2026-05-11 00:00,Building A,Floor 1,HVAC,F1-HVAC,11.22,11.22,0.03,9.0,No,Normal simulated hourly value
2026-05-11 00:00,Building A,Floor 1,Lighting,F1-LIGHT,1.57,1.57,0.03,9.0,No,Normal simulated hourly value
2026-05-11 00:00,Building A,Floor 1,Plug Loads,F1-PLUG,2.6,2.6,0.03,9.0,No,Normal simulated hourly value
2026-05-11 00:00,Building A,Floor 2,HVAC,F2-HVAC,12.62,12.62,0.03,9.0,No,Normal simulated hourly value
2026-05-11 00:00,Building A,Floor 2,Lighting,F2-LIGHT,2.11,2.11,0.03,9.0,No,Normal simulated hourly value
2026-05-11 00:00,Building A,Floor 2,Plug Loads,F2-PLUG,2.4,2.4,0.03,9.0,No,Normal simulated hourly value
2026-05-11 00:00,Building A,Floor 3,HVAC,F3-HVAC,10.47,10.47,0.03,9.0,No,Normal simulated hourly value
2026-05-11 00:00,Building A,Floor 3,Lighting,F3-LIGHT,1.31,1.31,0.03,9.0,No,Normal simulated hourly value
2026-05-11 00:00,Building A,Floor 3,Server Room,F3-SERVER,13.81,13.81,0.03,9.0,No,Normal simulated hourly value
2026-05-11 00:00,Building A,Common Areas,Elevators,CA-ELEV,0.64,0.64,0.03,9.0,No,Normal simulated hourly value
2026-05-11 00:00,Building A,Common Areas,Fire System,CA-FIRE,0.36,0.36,0.03,9.0,No,Normal simulated hourly value
2026-05-11 00:00,Building A,Common Areas,Outdoor Lighting,CA-OUTLIGHT,4.66,4.66,0.03,9.0,No,Normal simulated hourly value
2026-05-11 01:00,Building A,Floor 1,HVAC,F1-HVAC,11.91,11.91,0.1,9.0,No,Normal simulated hourly value
2026-05-11 01:00,Building A,Floor 1,Lighting,F1-LIGHT,3.66,3.66,0.1,9.0,No,Normal simulated hourly value
2026-05-11 01:00,Building A,Floor 1,Plug Loads,F1-PLUG,3.17,3.17,0.1,9.0,No,Normal simulated hourly value
2026-05-11 01:00,Building A,Floor 2,HVAC,F2-HVAC,13.31,13.31,0.1,9.0,No,Normal simulated hourly value
2026-05-11 01:00,Building A,Floor 2,Lighting,F2-LIGHT,3.55,3.55,0.1,9.0,No,Normal simulated hourly value
2026-05-11 01:00,Building A,Floor 2,Plug Loads,F2-PLUG,3.57,3.57,0.1,9.0,No,Normal simulated hourly value
2026-05-11 01:00,Building A,Floor 3,HVAC,F3-HVAC,11.3,11.3,0.1,9.0,No,Normal simulated hourly value
2026-05-11 01:00,Building A,Floor 3,Lighting,F3-LIGHT,2.96,2.96,0.1,9.0,No,Normal simulated hourly value
2026-05-11 01:00,Building A,Floor 3,Server Room,F3-SERVER,14.43,14.43,0.1,9.0,No,Normal simulated hourly value
2026-05-11 01:00,Building A,Common Areas,Elevators,CA-ELEV,1.16,1.16,0.1,9.0,No,Normal simulated hourly value
2026-05-11 01:00,Building A,Common Areas,Fire System,CA-FIRE,0.36,0.36,0.1,9.0,No,Normal simulated hourly value
2026-05-11 01:00,Building A,Common Areas,Outdoor Lighting,CA-OUTLIGHT,5.04,5.04,0.1,9.0,No,Normal simulated hourly value
2026-05-11 02:00,Building A,Floor 1,HVAC,F1-HVAC,12.65,12.65,0.08,8.9,No,Normal simulated hourly value
2026-05-11 02:00,Building A,Floor 1,Lighting,F1-LIGHT,2.2,2.2,0.08,8.9,No,Normal simulated hourly value
2026-05-11 02:00,Building A,Floor 1,Plug Loads,F1-PLUG,3.1,3.1,0.08,8.9,No,Normal simulated hourly value
2026-05-11 02:00,Building A,Floor 2,HVAC,F2-HVAC,13.33,13.33,0.08,8.9,No,Normal simulated hourly value
2026-05-11 02:00,Building A,Floor 2,Lighting,F2-LIGHT,2.42,2.42,0.08,8.9,No,Normal simulated hourly value
2026-05-11 02:00,Building A,Floor 2,Plug Loads,F2-PLUG,2.84,2.84,0.08,8.9,No,Normal simulated hourly value
2026-05-11 02:00,Building A,Floor 3,HVAC,F3-HVAC,10.95,10.95,0.08,8.9,No,Normal simulated hourly value
2026-05-11 02:00,Building A,Floor 3,Lighting,F3-LIGHT,1.83,1.83,0.08,8.9,No,Normal simulated hourly value
2026-05-11 02:00,Building A,Floor 3,Server Room,F3-SERVER,13.32,13.32,0.08,8.9,No,Normal simulated hourly value
2026-05-11 02:00,Building A,Common Areas,Elevators,CA-ELEV,0.88,0.88,0.08,8.9,No,Normal simulated hourly value
2026-05-11 02:00,Building A,Common Areas,Fire System,CA-FIRE,0.36,0.36,0.08,8.9,No,Normal simulated hourly value
2026-05-11 02:00,Building A,Common Areas,Outdoor Lighting,CA-OUTLIGHT,4.74,4.74,0.08,8.9,No,Normal simulated hourly value
2026-05-11 03:00,Building A,Floor 1,HVAC,F1-HVAC,12.25,12.25,0.05,9.1,No,Normal simulated hourly value
2026-05-11 03:00,Building A,Floor 1,Lighting,F1-LIGHT,1.98,1.98,0.05,9.1,No,Normal simulated hourly value
2026-05-11 03:00,Building A,Floor 1,Plug Loads,F1-PLUG,2.69,2.69,0.05,9.1,No,Normal simulated hourly value
2026-05-11 03:00,Building A,Floor 2,HVAC,F2-HVAC,12.27,12.27,0.05,9.1,No,Normal simulated hourly value
2026-05-11 03:00,Building A,Floor 2,Lighting,F2-LIGHT,2.18,2.18,0.05,9.1,No,Normal simulated hourly value
2026-05-11 03:00,Building A,Floor 2,Plug Loads,F2-PLUG,2.63,2.63,0.05,9.1,No,Normal simulated hourly value
2026-05-11 03:00,Building A,Floor 3,HVAC,F3-HVAC,10.65,10.65,0.05,9.1,No,Normal simulated hourly value
2026-05-11 03:00,Building A,Floor 3,Lighting,F3-LIGHT,2.03,2.03,0.05,9.1,No,Normal simulated hourly value
2026-05-11 03:00,Building A,Floor 3,Server Room,F3-SERVER,13.9,13.9,0.05,9.1,No,Normal simulated hourly value
2026-05-11 03:00,Building A,Common Areas,Elevators,CA-ELEV,0.98,0.98,0.05,9.1,No,Normal simulated hourly value
2026-05-11 03:00,Building A,Common Areas,Fire System,CA-FIRE,0.37,0.37,0.05,9.1,No,Normal simulated hourly value
2026-05-11 03:00,Building A,Common Areas,Outdoor Lighting,CA-OUTLIGHT,4.57,4.57,0.05,9.1,No,Normal simulated hourly value
2026-05-11 04:00,Building A,Floor 1,HVAC,F1-HVAC,11.11,11.11,0.05,9.7,No,Normal simulated hourly value
2026-05-11 04:00,Building A,Floor 1,Lighting,F1-LIGHT,2.16,2.16,0.05,9.7,No,Normal simulated hourly value
2026-05-11 04:00,Building A,Floor 1,Plug Loads,F1-PLUG,2.85,2.85,0.05,9.7,No,Normal simulated hourly value
2026-05-11 04:00,Building A,Floor 2,HVAC,F2-HVAC,12.15,12.15,0.05,9.7,No,Normal simulated hourly value
2026-05-11 04:00,Building A,Floor 2,Lighting,F2-LIGHT,2.13,2.13,0.05,9.7,No,Normal simulated hourly value
2026-05-11 04:00,Building A,Floor 2,Plug Loads,F2-PLUG,2.77,2.77,0.05,9.7,No,Normal simulated hourly value
2026-05-11 04:00,Building A,Floor 3,HVAC,F3-HVAC,11.04,11.04,0.05,9.7,No,Normal simulated hourly value
2026-05-11 04:00,Building A,Floor 3,Lighting,F3-LIGHT,1.71,1.71,0.05,9.7,No,Normal simulated hourly value
2026-05-11 04:00,Building A,Floor 3,Server Room,F3-SERVER,13.34,13.34,0.05,9.7,No,Normal simulated hourly value
2026-05-11 04:00,Building A,Common Areas,Elevators,CA-ELEV,0.93,0.93,0.05,9.7,No,Normal simulated hourly value
2026-05-11 04:00,Building A,Common Areas,Fire System,CA-FIRE,0.36,0.36,0.05,9.7,No,Normal simulated hourly value
2026-05-11 04:00,Building A,Common Areas,Outdoor Lighting,CA-OUTLIGHT,4.75,4.75,0.05,9.7,No,Normal simulated hourly value
2026-05-11 05:00,Building A,Floor 1,HVAC,F1-HVAC,12.31,12.31,0.12,10.1,No,Normal simulated hourly value
2026-05-11 05:00,Building A,Floor 1,Lighting,F1-LIGHT,3.39,3.39,0.12,10.1,No,Normal simulated hourly value
2026-05-11 05:00,Building A,Floor 1,Plug Loads,F1-PLUG,2.95,2.95,0.12,10.1,No,Normal simulated hourly value
2026-05-11 05:00,Building A,Floor 2,HVAC,F2-HVAC,12.81,12.81,0.12,10.1,No,Normal simulated hourly value
2026-05-11 05:00,Building A,Floor 2,Lighting,F2-LIGHT,4.0,4.0,0.12,10.1,No,Normal simulated hourly value
2026-05-11 05:00,Building A,Floor 2,Plug Loads,F2-PLUG,3.65,3.65,0.12,10.1,No,Normal simulated hourly value
2026-05-11 05:00,Building A,Floor 3,HVAC,F3-HVAC,11.22,11.22,0.12,10.1,No,Normal simulated hourly value
2026-05-11 05:00,Building A,Floor 3,Lighting,F3-LIGHT,3.08,3.08,0.12,10.1,No,Normal simulated hourly value
2026-05-11 05:00,Building A,Floor 3,Server Room,F3-SERVER,14.69,14.69,0.12,10.1,No,Normal simulated hourly value
2026-05-11 05:00,Building A,Common Areas,Elevators,CA-ELEV,1.22,1.22,0.12,10.1,No,Normal simulated hourly value
2026-05-11 05:00,Building A,Common Areas,Fire System,CA-FIRE,0.37,0.37,0.12,10.1,No,Normal simulated hourly value
2026-05-11 05:00,Building A,Common Areas,Outdoor Lighting,CA-OUTLIGHT,4.91,4.91,0.12,10.1,No,Normal simulated hourly value
2026-05-11 06:00,Building A,Floor 1,HVAC,F1-HVAC,15.0,15.0,0.36,11.2,No,Normal simulated hourly value
2026-05-11 06:00,Building A,Floor 1,Lighting,F1-LIGHT,4.39,4.39,0.36,11.2,No,Normal simulated hourly value
2026-05-11 06:00,Building A,Floor 1,Plug Loads,F1-PLUG,5.03,5.03,0.36,11.2,No,Normal simulated hourly value
2026-05-11 06:00,Building A,Floor 2,HVAC,F2-HVAC,16.42,16.42,0.36,11.2,No,Normal simulated hourly value
2026-05-11 06:00,Building A,Floor 2,Lighting,F2-LIGHT,4.62,4.62,0.36,11.2,No,Normal simulated hourly value
2026-05-11 06:00,Building A,Floor 2,Plug Loads,F2-PLUG,5.95,5.95,0.36,11.2,No,Normal simulated hourly value
2026-05-11 06:00,Building A,Floor 3,HVAC,F3-HVAC,14.51,14.51,0.36,11.2,No,Normal simulated hourly value
2026-05-11 06:00,Building A,Floor 3,Lighting,F3-LIGHT,3.82,3.82,0.36,11.2,No,Normal simulated hourly value
2026-05-11 06:00,Building A,Floor 3,Server Room,F3-SERVER,13.22,13.22,0.36,11.2,No,Normal simulated hourly value
2026-05-11 06:00,Building A,Common Areas,Elevators,CA-ELEV,2.38,2.38,0.36,11.2,No,Normal simulated hourly value
2026-05-11 06:00,Building A,Common Areas,Fire System,CA-FIRE,0.34,0.34,0.36,11.2,No,Normal simulated hourly value
2026-05-11 06:00,Building A,Common Areas,Outdoor Lighting,CA-OUTLIGHT,1.1,1.1,0.36,11.2,No,Normal simulated hourly value
2026-05-11 07:00,Building A,Floor 1,HVAC,F1-HVAC,15.91,15.91,0.4,11.2,No,Normal simulated hourly value
2026-05-11 07:00,Building A,Floor 1,Lighting,F1-LIGHT,4.79,4.79,0.4,11.2,No,Normal simulated hourly value
2026-05-11 07:00,Building A,Floor 1,Plug Loads,F1-PLUG,5.62,5.62,0.4,11.2,No,Normal simulated hourly value
2026-05-11 07:00,Building A,Floor 2,HVAC,F2-HVAC,16.53,16.53,0.4,11.2,No,Normal simulated hourly value
2026-05-11 07:00,Building A,Floor 2,Lighting,F2-LIGHT,4.88,4.88,0.4,11.2,No,Normal simulated hourly value
2026-05-11 07:00,Building A,Floor 2,Plug Loads,F2-PLUG,5.76,5.76,0.4,11.2,No,Normal simulated hourly value
2026-05-11 07:00,Building A,Floor 3,HVAC,F3-HVAC,15.11,15.11,0.4,11.2,No,Normal simulated hourly value
2026-05-11 07:00,Building A,Floor 3,Lighting,F3-LIGHT,4.48,4.48,0.4,11.2,No,Normal simulated hourly value
2026-05-11 07:00,Building A,Floor 3,Server Room,F3-SERVER,13.45,13.45,0.4,11.2,No,Normal simulated hourly value
2026-05-11 07:00,Building A,Common Areas,Elevators,CA-ELEV,2.2,2.2,0.4,11.2,No,Normal simulated hourly value
2026-05-11 07:00,Building A,Common Areas,Fire System,CA-FIRE,0.38,0.38,0.4,11.2,No,Normal simulated hourly value
2026-05-11 07:00,Building A,Common Areas,Outdoor Lighting,CA-OUTLIGHT,0.24,0.24,0.4,11.2,No,Normal simulated hourly value
2026-05-11 08:00,Building A,Floor 1,HVAC,F1-HVAC,23.1,23.1,0.89,11.6,No,Normal simulated hourly value
2026-05-11 08:00,Building A,Floor 1,Lighting,F1-LIGHT,8.22,8.22,0.89,11.6,No,Normal simulated hourly value
2026-05-11 08:00,Building A,Floor 1,Plug Loads,F1-PLUG,9.75,9.75,0.89,11.6,No,Normal simulated hourly value
2026-05-11 08:00,Building A,Floor 2,HVAC,F2-HVAC,24.67,24.67,0.89,11.6,No,Normal simulated hourly value
2026-05-11 08:00,Building A,Floor 2,Lighting,F2-LIGHT,8.98,8.98,0.89,11.6,No,Normal simulated hourly value
2026-05-11 08:00,Building A,Floor 2,Plug Loads,F2-PLUG,10.77,10.77,0.89,11.6,No,Normal simulated hourly value
2026-05-11 08:00,Building A,Floor 3,HVAC,F3-HVAC,20.87,20.87,0.89,11.6,No,Normal simulated hourly value
2026-05-11 08:00,Building A,Floor 3,Lighting,F3-LIGHT,7.59,7.59,0.89,11.6,No,Normal simulated hourly value
2026-05-11 08:00,Building A,Floor 3,Server Room,F3-SERVER,14.21,14.21,0.89,11.6,No,Normal simulated hourly value
2026-05-11 08:00,Building A,Common Areas,Elevators,CA-ELEV,4.32,4.32,0.89,11.6,No,Normal simulated hourly value
2026-05-11 08:00,Building A,Common Areas,Fire System,CA-FIRE,0.38,0.38,0.89,11.6,No,Normal simulated hourly value
2026-05-11 08:00,Building A,Common Areas,Outdoor Lighting,CA-OUTLIGHT,0.22,0.22,0.89,11.6,No,Normal simulated hourly value
2026-05-11 09:00,Building A,Floor 1,HVAC,F1-HVAC,19.97,19.97,0.75,12.6,No,Normal simulated hourly value
2026-05-11 09:00,Building A,Floor 1,Lighting,F1-LIGHT,7.25,7.25,0.75,12.6,No,Normal simulated hourly value
2026-05-11 09:00,Building A,Floor 1,Plug Loads,F1-PLUG,8.63,8.63,0.75,12.6,No,Normal simulated hourly value
2026-05-11 09:00,Building A,Floor 2,HVAC,F2-HVAC,21.61,21.61,0.75,12.6,No,Normal simulated hourly value
2026-05-11 09:00,Building A,Floor 2,Lighting,F2-LIGHT,7.77,7.77,0.75,12.6,No,Normal simulated hourly value
2026-05-11 09:00,Building A,Floor 2,Plug Loads,F2-PLUG,9.0,9.0,0.75,12.6,No,Normal simulated hourly value
2026-05-11 09:00,Building A,Floor 3,HVAC,F3-HVAC,18.84,18.84,0.75,12.6,No,Normal simulated hourly value
2026-05-11 09:00,Building A,Floor 3,Lighting,F3-LIGHT,6.6,6.6,0.75,12.6,No,Normal simulated hourly value
2026-05-11 09:00,Building A,Floor 3,Server Room,F3-SERVER,14.45,14.45,0.75,12.6,No,Normal simulated hourly value
2026-05-11 09:00,Building A,Common Areas,Elevators,CA-ELEV,3.68,3.68,0.75,12.6,No,Normal simulated hourly value
2026-05-11 09:00,Building A,Common Areas,Fire System,CA-FIRE,0.36,0.36,0.75,12.6,No,Normal simulated hourly value
2026-05-11 09:00,Building A,Common Areas,Outdoor Lighting,CA-OUTLIGHT,0.07,0.07,0.75,12.6,No,Normal simulated hourly value
2026-05-11 10:00,Building A,Floor 1,HVAC,F1-HVAC,21.36,21.36,0.85,13.4,No,Normal simulated hourly value
2026-05-11 10:00,Building A,Floor 1,Lighting,F1-LIGHT,6.64,6.64,0.85,13.4,No,Normal simulated hourly value
2026-05-11 10:00,Building A,Floor 1,Plug Loads,F1-PLUG,9.61,9.61,0.85,13.4,No,Normal simulated hourly value
2026-05-11 10:00,Building A,Floor 2,HVAC,F2-HVAC,22.74,22.74,0.85,13.4,No,Normal simulated hourly value
2026-05-11 10:00,Building A,Floor 2,Lighting,F2-LIGHT,6.75,6.75,0.85,13.4,No,Normal simulated hourly value
2026-05-11 10:00,Building A,Floor 2,Plug Loads,F2-PLUG,10.14,10.14,0.85,13.4,No,Normal simulated hourly value
2026-05-11 10:00,Building A,Floor 3,HVAC,F3-HVAC,19.59,19.59,0.85,13.4,No,Normal simulated hourly value
2026-05-11 10:00,Building A,Floor 3,Lighting,F3-LIGHT,5.93,5.93,0.85,13.4,No,Normal simulated hourly value
2026-05-11 10:00,Building A,Floor 3,Server Room,F3-SERVER,14.11,14.11,0.85,13.4,No,Normal simulated hourly value
2026-05-11 10:00,Building A,Common Areas,Elevators,CA-ELEV,4.46,4.46,0.85,13.4,No,Normal simulated hourly value
2026-05-11 10:00,Building A,Common Areas,Fire System,CA-FIRE,0.34,0.34,0.85,13.4,No,Normal simulated hourly value
2026-05-11 10:00,Building A,Common Areas,Outdoor Lighting,CA-OUTLIGHT,0.43,0.43,0.85,13.4,No,Normal simulated hourly value
2026-05-11 11:00,Building A,Floor 1,HVAC,F1-HVAC,20.3,20.3,0.76,12.8,No,Normal simulated hourly value
2026-05-11 11:00,Building A,Floor 1,Lighting,F1-LIGHT,5.9,5.9,0.76,12.8,No,Normal simulated hourly value
2026-05-11 11:00,Building A,Floor 1,Plug Loads,F1-PLUG,8.53,8.53,0.76,12.8,No,Normal simulated hourly value
2026-05-11 11:00,Building A,Floor 2,HVAC,F2-HVAC,21.69,21.69,0.76,12.8,No,Normal simulated hourly value
2026-05-11 11:00,Building A,Floor 2,Lighting,F2-LIGHT,6.68,6.68,0.76,12.8,No,Normal simulated hourly value
2026-05-11 11:00,Building A,Floor 2,Plug Loads,F2-PLUG,9.32,9.32,0.76,12.8,No,Normal simulated hourly value
2026-05-11 11:00,Building A,Floor 3,HVAC,F3-HVAC,19.16,19.16,0.76,12.8,No,Normal simulated hourly value
2026-05-11 11:00,Building A,Floor 3,Lighting,F3-LIGHT,5.5,5.5,0.76,12.8,No,Normal simulated hourly value
2026-05-11 11:00,Building A,Floor 3,Server Room,F3-SERVER,14.7,14.7,0.76,12.8,No,Normal simulated hourly value
2026-05-11 11:00,Building A,Common Areas,Elevators,CA-ELEV,4.03,4.03,0.76,12.8,No,Normal simulated hourly value
2026-05-11 11:00,Building A,Common Areas,Fire System,CA-FIRE,0.38,0.38,0.76,12.8,No,Normal simulated hourly value
2026-05-11 11:00,Building A,Common Areas,Outdoor Lighting,CA-OUTLIGHT,0.08,0.08,0.76,12.8,No,Normal simulated hourly value
2026-05-11 12:00,Building A,Floor 1,HVAC,F1-HVAC,20.21,20.21,0.77,13.2,No,Normal simulated hourly value
2026-05-11 12:00,Building A,Floor 1,Lighting,F1-LIGHT,5.74,5.74,0.77,13.2,No,Normal simulated hourly value
2026-05-11 12:00,Building A,Floor 1,Plug Loads,F1-PLUG,8.67,8.67,0.77,13.2,No,Normal simulated hourly value
2026-05-11 12:00,Building A,Floor 2,HVAC,F2-HVAC,22.53,22.53,0.77,13.2,No,Normal simulated hourly value
2026-05-11 12:00,Building A,Floor 2,Lighting,F2-LIGHT,6.34,6.34,0.77,13.2,No,Normal simulated hourly value
2026-05-11 12:00,Building A,Floor 2,Plug Loads,F2-PLUG,9.62,9.62,0.77,13.2,No,Normal simulated hourly value
2026-05-11 12:00,Building A,Floor 3,HVAC,F3-HVAC,18.65,18.65,0.77,13.2,No,Normal simulated hourly value
2026-05-11 12:00,Building A,Floor 3,Lighting,F3-LIGHT,5.48,5.48,0.77,13.2,No,Normal simulated hourly value
2026-05-11 12:00,Building A,Floor 3,Server Room,F3-SERVER,14.69,14.69,0.77,13.2,No,Normal simulated hourly value
2026-05-11 12:00,Building A,Common Areas,Elevators,CA-ELEV,3.96,3.96,0.77,13.2,No,Normal simulated hourly value
2026-05-11 12:00,Building A,Common Areas,Fire System,CA-FIRE,0.33,0.33,0.77,13.2,No,Normal simulated hourly value
2026-05-11 12:00,Building A,Common Areas,Outdoor Lighting,CA-OUTLIGHT,0.48,0.48,0.77,13.2,No,Normal simulated hourly value
2026-05-11 13:00,Building A,Floor 1,HVAC,F1-HVAC,21.64,21.64,0.84,13.2,No,Normal simulated hourly value
2026-05-11 13:00,Building A,Floor 1,Lighting,F1-LIGHT,6.15,6.15,0.84,13.2,No,Normal simulated hourly value
2026-05-11 13:00,Building A,Floor 1,Plug Loads,F1-PLUG,9.39,9.39,0.84,13.2,No,Normal simulated hourly value
2026-05-11 13:00,Building A,Floor 2,HVAC,F2-HVAC,23.05,23.05,0.84,13.2,No,Normal simulated hourly value
2026-05-11 13:00,Building A,Floor 2,Lighting,F2-LIGHT,7.14,7.14,0.84,13.2,No,Normal simulated hourly value
2026-05-11 13:00,Building A,Floor 2,Plug Loads,F2-PLUG,9.88,9.88,0.84,13.2,No,Normal simulated hourly value
2026-05-11 13:00,Building A,Floor 3,HVAC,F3-HVAC,20.19,20.19,0.84,13.2,No,Normal simulated hourly value
2026-05-11 13:00,Building A,Floor 3,Lighting,F3-LIGHT,5.65,5.65,0.84,13.2,No,Normal simulated hourly value
2026-05-11 13:00,Building A,Floor 3,Server Room,F3-SERVER,13.97,13.97,0.84,13.2,No,Normal simulated hourly value
2026-05-11 13:00,Building A,Common Areas,Elevators,CA-ELEV,4.3,4.3,0.84,13.2,No,Normal simulated hourly value
2026-05-11 13:00,Building A,Common Areas,Fire System,CA-FIRE,0.33,0.33,0.84,13.2,No,Normal simulated hourly value
2026-05-11 13:00,Building A,Common Areas,Outdoor Lighting,CA-OUTLIGHT,0.12,0.12,0.84,13.2,No,Normal simulated hourly value
2026-05-11 14:00,Building A,Floor 1,HVAC,F1-HVAC,21.62,21.62,0.86,13.0,No,Normal simulated hourly value
2026-05-11 14:00,Building A,Floor 1,Lighting,F1-LIGHT,6.58,6.58,0.86,13.0,No,Normal simulated hourly value
2026-05-11 14:00,Building A,Floor 1,Plug Loads,F1-PLUG,9.52,9.52,0.86,13.0,No,Normal simulated hourly value
2026-05-11 14:00,Building A,Floor 2,HVAC,F2-HVAC,23.98,23.98,0.86,13.0,No,Normal simulated hourly value
2026-05-11 14:00,Building A,Floor 2,Lighting,F2-LIGHT,6.88,6.88,0.86,13.0,No,Normal simulated hourly value
2026-05-11 14:00,Building A,Floor 2,Plug Loads,F2-PLUG,10.4,10.4,0.86,13.0,No,Normal simulated hourly value
2026-05-11 14:00,Building A,Floor 3,HVAC,F3-HVAC,19.67,19.67,0.86,13.0,No,Normal simulated hourly value
2026-05-11 14:00,Building A,Floor 3,Lighting,F3-LIGHT,5.95,5.95,0.86,13.0,No,Normal simulated hourly value
2026-05-11 14:00,Building A,Floor 3,Server Room,F3-SERVER,13.44,13.44,0.86,13.0,No,Normal simulated hourly value
2026-05-11 14:00,Building A,Common Areas,Elevators,CA-ELEV,4.24,4.24,0.86,13.0,No,Normal simulated hourly value
2026-05-11 14:00,Building A,Common Areas,Fire System,CA-FIRE,0.32,0.32,0.86,13.0,No,Normal simulated hourly value
2026-05-11 14:00,Building A,Common Areas,Outdoor Lighting,CA-OUTLIGHT,0.5,0.5,0.86,13.0,No,Normal simulated hourly value
2026-05-11 15:00,Building A,Floor 1,HVAC,F1-HVAC,19.55,19.55,0.74,13.2,No,Normal simulated hourly value
2026-05-11 15:00,Building A,Floor 1,Lighting,F1-LIGHT,5.69,5.69,0.74,13.2,No,Normal simulated hourly value
2026-05-11 15:00,Building A,Floor 1,Plug Loads,F1-PLUG,8.75,8.75,0.74,13.2,No,Normal simulated hourly value
2026-05-11 15:00,Building A,Floor 2,HVAC,F2-HVAC,21.94,21.94,0.74,13.2,No,Normal simulated hourly value
2026-05-11 15:00,Building A,Floor 2,Lighting,F2-LIGHT,6.52,6.52,0.74,13.2,No,Normal simulated hourly value
2026-05-11 15:00,Building A,Floor 2,Plug Loads,F2-PLUG,9.09,9.09,0.74,13.2,No,Normal simulated hourly value
2026-05-11 15:00,Building A,Floor 3,HVAC,F3-HVAC,17.89,17.89,0.74,13.2,No,Normal simulated hourly value
2026-05-11 15:00,Building A,Floor 3,Lighting,F3-LIGHT,5.56,5.56,0.74,13.2,No,Normal simulated hourly value
2026-05-11 15:00,Building A,Floor 3,Server Room,F3-SERVER,14.0,14.0,0.74,13.2,No,Normal simulated hourly value
2026-05-11 15:00,Building A,Common Areas,Elevators,CA-ELEV,4.0,4.0,0.74,13.2,No,Normal simulated hourly value
2026-05-11 15:00,Building A,Common Areas,Fire System,CA-FIRE,0.32,0.32,0.74,13.2,No,Normal simulated hourly value
2026-05-11 15:00,Building A,Common Areas,Outdoor Lighting,CA-OUTLIGHT,0.15,0.15,0.74,13.2,No,Normal simulated hourly value
2026-05-11 16:00,Building A,Floor 1,HVAC,F1-HVAC,22.76,22.76,0.94,12.3,No,Normal simulated hourly value
2026-05-11 16:00,Building A,Floor 1,Lighting,F1-LIGHT,6.77,6.77,0.94,12.3,No,Normal simulated hourly value
2026-05-11 16:00,Building A,Floor 1,Plug Loads,F1-PLUG,9.95,9.95,0.94,12.3,No,Normal simulated hourly value
2026-05-11 16:00,Building A,Floor 2,HVAC,F2-HVAC,25.11,25.11,0.94,12.3,No,Normal simulated hourly value
2026-05-11 16:00,Building A,Floor 2,Lighting,F2-LIGHT,7.42,7.42,0.94,12.3,No,Normal simulated hourly value
2026-05-11 16:00,Building A,Floor 2,Plug Loads,F2-PLUG,11.07,11.07,0.94,12.3,No,Normal simulated hourly value
2026-05-11 16:00,Building A,Floor 3,HVAC,F3-HVAC,21.6,21.6,0.94,12.3,No,Normal simulated hourly value
2026-05-11 16:00,Building A,Floor 3,Lighting,F3-LIGHT,6.26,6.26,0.94,12.3,No,Normal simulated hourly value
2026-05-11 16:00,Building A,Floor 3,Server Room,F3-SERVER,13.38,13.38,0.94,12.3,No,Normal simulated hourly value
2026-05-11 16:00,Building A,Common Areas,Elevators,CA-ELEV,4.64,4.64,0.94,12.3,No,Normal simulated hourly value
2026-05-11 16:00,Building A,Common Areas,Fire System,CA-FIRE,0.37,0.37,0.94,12.3,No,Normal simulated hourly value
2026-05-11 16:00,Building A,Common Areas,Outdoor Lighting,CA-OUTLIGHT,0.21,0.21,0.94,12.3,No,Normal simulated hourly value
2026-05-11 17:00,Building A,Floor 1,HVAC,F1-HVAC,20.78,20.78,0.72,11.3,No,Normal simulated hourly value
2026-05-11 17:00,Building A,Floor 1,Lighting,F1-LIGHT,7.2,7.2,0.72,11.3,No,Normal simulated hourly value
2026-05-11 17:00,Building A,Floor 1,Plug Loads,F1-PLUG,8.18,8.18,0.72,11.3,No,Normal simulated hourly value
2026-05-11 17:00,Building A,Floor 2,HVAC,F2-HVAC,22.38,22.38,0.72,11.3,No,Normal simulated hourly value
2026-05-11 17:00,Building A,Floor 2,Lighting,F2-LIGHT,7.72,7.72,0.72,11.3,No,Normal simulated hourly value
2026-05-11 17:00,Building A,Floor 2,Plug Loads,F2-PLUG,8.94,8.94,0.72,11.3,No,Normal simulated hourly value
2026-05-11 17:00,Building A,Floor 3,HVAC,F3-HVAC,18.23,18.23,0.72,11.3,No,Normal simulated hourly value
2026-05-11 17:00,Building A,Floor 3,Lighting,F3-LIGHT,6.29,6.29,0.72,11.3,No,Normal simulated hourly value
2026-05-11 17:00,Building A,Floor 3,Server Room,F3-SERVER,14.53,14.53,0.72,11.3,No,Normal simulated hourly value
2026-05-11 17:00,Building A,Common Areas,Elevators,CA-ELEV,3.74,3.74,0.72,11.3,No,Normal simulated hourly value
2026-05-11 17:00,Building A,Common Areas,Fire System,CA-FIRE,0.35,0.35,0.72,11.3,No,Normal simulated hourly value
2026-05-11 17:00,Building A,Common Areas,Outdoor Lighting,CA-OUTLIGHT,0.06,0.06,0.72,11.3,No,Normal simulated hourly value
2026-05-11 18:00,Building A,Floor 1,HVAC,F1-HVAC,16.83,16.83,0.43,10.8,No,Normal simulated hourly value
2026-05-11 18:00,Building A,Floor 1,Lighting,F1-LIGHT,5.07,5.07,0.43,10.8,No,Normal simulated hourly value
2026-05-11 18:00,Building A,Floor 1,Plug Loads,F1-PLUG,6.09,6.09,0.43,10.8,No,Normal simulated hourly value
2026-05-11 18:00,Building A,Floor 2,HVAC,F2-HVAC,17.45,17.45,0.43,10.8,No,Normal simulated hourly value
2026-05-11 18:00,Building A,Floor 2,Lighting,F2-LIGHT,5.09,5.09,0.43,10.8,No,Normal simulated hourly value
2026-05-11 18:00,Building A,Floor 2,Plug Loads,F2-PLUG,6.09,6.09,0.43,10.8,No,Normal simulated hourly value
2026-05-11 18:00,Building A,Floor 3,HVAC,F3-HVAC,15.49,15.49,0.43,10.8,No,Normal simulated hourly value
2026-05-11 18:00,Building A,Floor 3,Lighting,F3-LIGHT,4.7,4.7,0.43,10.8,No,Normal simulated hourly value
2026-05-11 18:00,Building A,Floor 3,Server Room,F3-SERVER,14.02,14.02,0.43,10.8,No,Normal simulated hourly value
2026-05-11 18:00,Building A,Common Areas,Elevators,CA-ELEV,2.37,2.37,0.43,10.8,No,Normal simulated hourly value
2026-05-11 18:00,Building A,Common Areas,Fire System,CA-FIRE,0.37,0.37,0.43,10.8,No,Normal simulated hourly value
2026-05-11 18:00,Building A,Common Areas,Outdoor Lighting,CA-OUTLIGHT,0.41,0.41,0.43,10.8,No,Normal simulated hourly value
2026-05-11 19:00,Building A,Floor 1,HVAC,F1-HVAC,14.1,14.1,0.25,10.9,No,Normal simulated hourly value
2026-05-11 19:00,Building A,Floor 1,Lighting,F1-LIGHT,3.35,3.35,0.25,10.9,No,Normal simulated hourly value
2026-05-11 19:00,Building A,Floor 1,Plug Loads,F1-PLUG,4.58,4.58,0.25,10.9,No,Normal simulated hourly value
2026-05-11 19:00,Building A,Floor 2,HVAC,F2-HVAC,15.29,15.29,0.25,10.9,No,Normal simulated hourly value
2026-05-11 19:00,Building A,Floor 2,Lighting,F2-LIGHT,3.94,3.94,0.25,10.9,No,Normal simulated hourly value
2026-05-11 19:00,Building A,Floor 2,Plug Loads,F2-PLUG,4.86,4.86,0.25,10.9,No,Normal simulated hourly value
2026-05-11 19:00,Building A,Floor 3,HVAC,F3-HVAC,12.43,12.43,0.25,10.9,No,Normal simulated hourly value
2026-05-11 19:00,Building A,Floor 3,Lighting,F3-LIGHT,3.35,3.35,0.25,10.9,No,Normal simulated hourly value
2026-05-11 19:00,Building A,Floor 3,Server Room,F3-SERVER,14.47,14.47,0.25,10.9,No,Normal simulated hourly value
2026-05-11 19:00,Building A,Common Areas,Elevators,CA-ELEV,1.89,1.89,0.25,10.9,No,Normal simulated hourly value
2026-05-11 19:00,Building A,Common Areas,Fire System,CA-FIRE,0.37,0.37,0.25,10.9,No,Normal simulated hourly value
2026-05-11 19:00,Building A,Common Areas,Outdoor Lighting,CA-OUTLIGHT,0.95,0.95,0.25,10.9,No,Normal simulated hourly value
2026-05-11 20:00,Building A,Floor 1,HVAC,F1-HVAC,14.24,14.24,0.3,10.3,No,Normal simulated hourly value
2026-05-11 20:00,Building A,Floor 1,Lighting,F1-LIGHT,4.86,4.86,0.3,10.3,No,Normal simulated hourly value
2026-05-11 20:00,Building A,Floor 1,Plug Loads,F1-PLUG,4.65,4.65,0.3,10.3,No,Normal simulated hourly value
2026-05-11 20:00,Building A,Floor 2,HVAC,F2-HVAC,16.44,16.44,0.3,10.3,No,Normal simulated hourly value
2026-05-11 20:00,Building A,Floor 2,Lighting,F2-LIGHT,5.72,5.72,0.3,10.3,No,Normal simulated hourly value
2026-05-11 20:00,Building A,Floor 2,Plug Loads,F2-PLUG,5.0,5.0,0.3,10.3,No,Normal simulated hourly value
2026-05-11 20:00,Building A,Floor 3,HVAC,F3-HVAC,13.8,13.8,0.3,10.3,No,Normal simulated hourly value
2026-05-11 20:00,Building A,Floor 3,Lighting,F3-LIGHT,4.58,4.58,0.3,10.3,No,Normal simulated hourly value
2026-05-11 20:00,Building A,Floor 3,Server Room,F3-SERVER,13.87,13.87,0.3,10.3,No,Normal simulated hourly value
2026-05-11 20:00,Building A,Common Areas,Elevators,CA-ELEV,2.14,2.14,0.3,10.3,No,Normal simulated hourly value
2026-05-11 20:00,Building A,Common Areas,Fire System,CA-FIRE,0.38,0.38,0.3,10.3,No,Normal simulated hourly value
2026-05-11 20:00,Building A,Common Areas,Outdoor Lighting,CA-OUTLIGHT,5.03,5.03,0.3,10.3,No,Normal simulated hourly value
2026-05-11 21:00,Building A,Floor 1,HVAC,F1-HVAC,11.46,11.46,0.04,9.2,No,Normal simulated hourly value
2026-05-11 21:00,Building A,Floor 1,Lighting,F1-LIGHT,1.95,1.95,0.04,9.2,No,Normal simulated hourly value
2026-05-11 21:00,Building A,Floor 1,Plug Loads,F1-PLUG,2.43,2.43,0.04,9.2,No,Normal simulated hourly value
2026-05-11 21:00,Building A,Floor 2,HVAC,F2-HVAC,12.59,12.59,0.04,9.2,No,Normal simulated hourly value
2026-05-11 21:00,Building A,Floor 2,Lighting,F2-LIGHT,1.96,1.96,0.04,9.2,No,Normal simulated hourly value
2026-05-11 21:00,Building A,Floor 2,Plug Loads,F2-PLUG,2.67,2.67,0.04,9.2,No,Normal simulated hourly value
2026-05-11 21:00,Building A,Floor 3,HVAC,F3-HVAC,10.71,10.71,0.04,9.2,No,Normal simulated hourly value
2026-05-11 21:00,Building A,Floor 3,Lighting,F3-LIGHT,1.52,1.52,0.04,9.2,No,Normal simulated hourly value
2026-05-11 21:00,Building A,Floor 3,Server Room,F3-SERVER,12.9,12.9,0.04,9.2,No,Normal simulated hourly value
2026-05-11 21:00,Building A,Common Areas,Elevators,CA-ELEV,1.04,1.04,0.04,9.2,No,Normal simulated hourly value
2026-05-11 21:00,Building A,Common Areas,Fire System,CA-FIRE,0.36,0.36,0.04,9.2,No,Normal simulated hourly value
2026-05-11 21:00,Building A,Common Areas,Outdoor Lighting,CA-OUTLIGHT,4.89,4.89,0.04,9.2,No,Normal simulated hourly value
2026-05-11 22:00,Building A,Floor 1,HVAC,F1-HVAC,11.87,11.87,0.04,8.9,No,Normal simulated hourly value
2026-05-11 22:00,Building A,Floor 1,Lighting,F1-LIGHT,1.71,1.71,0.04,8.9,No,Normal simulated hourly value
2026-05-11 22:00,Building A,Floor 1,Plug Loads,F1-PLUG,2.43,2.43,0.04,8.9,No,Normal simulated hourly value
2026-05-11 22:00,Building A,Floor 2,HVAC,F2-HVAC,13.03,13.03,0.04,8.9,No,Normal simulated hourly value
2026-05-11 22:00,Building A,Floor 2,Lighting,F2-LIGHT,2.09,2.09,0.04,8.9,No,Normal simulated hourly value
2026-05-11 22:00,Building A,Floor 2,Plug Loads,F2-PLUG,2.62,2.62,0.04,8.9,No,Normal simulated hourly value
2026-05-11 22:00,Building A,Floor 3,HVAC,F3-HVAC,10.51,10.51,0.04,8.9,No,Normal simulated hourly value
2026-05-11 22:00,Building A,Floor 3,Lighting,F3-LIGHT,1.61,1.61,0.04,8.9,No,Normal simulated hourly value
2026-05-11 22:00,Building A,Floor 3,Server Room,F3-SERVER,13.43,13.43,0.04,8.9,No,Normal simulated hourly value
2026-05-11 22:00,Building A,Common Areas,Elevators,CA-ELEV,0.72,0.72,0.04,8.9,No,Normal simulated hourly value
2026-05-11 22:00,Building A,Common Areas,Fire System,CA-FIRE,0.38,0.38,0.04,8.9,No,Normal simulated hourly value
2026-05-11 22:00,Building A,Common Areas,Outdoor Lighting,CA-OUTLIGHT,5.0,5.0,0.04,8.9,No,Normal simulated hourly value
2026-05-11 23:00,Building A,Floor 1,HVAC,F1-HVAC,11.98,11.98,0.06,9.0,No,Normal simulated hourly value
2026-05-11 23:00,Building A,Floor 1,Lighting,F1-LIGHT,1.67,1.67,0.06,9.0,No,Normal simulated hourly value
2026-05-11 23:00,Building A,Floor 1,Plug Loads,F1-PLUG,2.58,2.58,0.06,9.0,No,Normal simulated hourly value
2026-05-11 23:00,Building A,Floor 2,HVAC,F2-HVAC,12.79,12.79,0.06,9.0,No,Normal simulated hourly value
2026-05-11 23:00,Building A,Floor 2,Lighting,F2-LIGHT,2.17,2.17,0.06,9.0,No,Normal simulated hourly value
2026-05-11 23:00,Building A,Floor 2,Plug Loads,F2-PLUG,3.02,3.02,0.06,9.0,No,Normal simulated hourly value
2026-05-11 23:00,Building A,Floor 3,HVAC,F3-HVAC,10.92,10.92,0.06,9.0,No,Normal simulated hourly value
2026-05-11 23:00,Building A,Floor 3,Lighting,F3-LIGHT,1.78,1.78,0.06,9.0,No,Normal simulated hourly value
2026-05-11 23:00,Building A,Floor 3,Server Room,F3-SERVER,13.75,13.75,0.06,9.0,No,Normal simulated hourly value
2026-05-11 23:00,Building A,Common Areas,Elevators,CA-ELEV,1.11,1.11,0.06,9.0,No,Normal simulated hourly value
2026-05-11 23:00,Building A,Common Areas,Fire System,CA-FIRE,0.33,0.33,0.06,9.0,No,Normal simulated hourly value
2026-05-11 23:00,Building A,Common Areas,Outdoor Lighting,CA-OUTLIGHT,4.81,4.81,0.06,9.0,No,Normal simulated hourly value
2026-05-12 00:00,Building A,Floor 1,HVAC,F1-HVAC,12.21,12.21,0.06,9.2,No,Normal simulated hourly value
2026-05-12 00:00,Building A,Floor 1,Lighting,F1-LIGHT,2.12,2.12,0.06,9.2,No,Normal simulated hourly value
2026-05-12 00:00,Building A,Floor 1,Plug Loads,F1-PLUG,2.81,2.81,0.06,9.2,No,Normal simulated hourly value
2026-05-12 00:00,Building A,Floor 2,HVAC,F2-HVAC,12.45,12.45,0.06,9.2,No,Normal simulated hourly value
2026-05-12 00:00,Building A,Floor 2,Lighting,F2-LIGHT,1.94,1.94,0.06,9.2,No,Normal simulated hourly value
2026-05-12 00:00,Building A,Floor 2,Plug Loads,F2-PLUG,2.64,2.64,0.06,9.2,No,Normal simulated hourly value
2026-05-12 00:00,Building A,Floor 3,HVAC,F3-HVAC,10.58,10.58,0.06,9.2,No,Normal simulated hourly value
2026-05-12 00:00,Building A,Floor 3,Lighting,F3-LIGHT,1.8,1.8,0.06,9.2,No,Normal simulated hourly value
2026-05-12 00:00,Building A,Floor 3,Server Room,F3-SERVER,13.03,13.03,0.06,9.2,No,Normal simulated hourly value
2026-05-12 00:00,Building A,Common Areas,Elevators,CA-ELEV,0.92,0.92,0.06,9.2,No,Normal simulated hourly value
2026-05-12 00:00,Building A,Common Areas,Fire System,CA-FIRE,0.33,0.33,0.06,9.2,No,Normal simulated hourly value
2026-05-12 00:00,Building A,Common Areas,Outdoor Lighting,CA-OUTLIGHT,4.8,4.8,0.06,9.2,No,Normal simulated hourly value
2026-05-12 01:00,Building A,Floor 1,HVAC,F1-HVAC,11.85,11.85,0.09,8.8,No,Normal simulated hourly value
2026-05-12 01:00,Building A,Floor 1,Lighting,F1-LIGHT,3.55,3.55,0.09,8.8,No,Normal simulated hourly value
2026-05-12 01:00,Building A,Floor 1,Plug Loads,F1-PLUG,3.13,3.13,0.09,8.8,No,Normal simulated hourly value
2026-05-12 01:00,Building A,Floor 2,HVAC,F2-HVAC,12.97,12.97,0.09,8.8,No,Normal simulated hourly value
2026-05-12 01:00,Building A,Floor 2,Lighting,F2-LIGHT,3.63,3.63,0.09,8.8,No,Normal simulated hourly value
2026-05-12 01:00,Building A,Floor 2,Plug Loads,F2-PLUG,3.01,3.01,0.09,8.8,No,Normal simulated hourly value
2026-05-12 01:00,Building A,Floor 3,HVAC,F3-HVAC,12.0,12.0,0.09,8.8,No,Normal simulated hourly value
2026-05-12 01:00,Building A,Floor 3,Lighting,F3-LIGHT,3.14,3.14,0.09,8.8,No,Normal simulated hourly value
2026-05-12 01:00,Building A,Floor 3,Server Room,F3-SERVER,13.35,13.35,0.09,8.8,No,Normal simulated hourly value
2026-05-12 01:00,Building A,Common Areas,Elevators,CA-ELEV,1.22,1.22,0.09,8.8,No,Normal simulated hourly value
2026-05-12 01:00,Building A,Common Areas,Fire System,CA-FIRE,0.37,0.37,0.09,8.8,No,Normal simulated hourly value
2026-05-12 01:00,Building A,Common Areas,Outdoor Lighting,CA-OUTLIGHT,5.04,5.04,0.09,8.8,No,Normal simulated hourly value
2026-05-12 02:00,Building A,Floor 1,HVAC,F1-HVAC,13.03,13.03,0.12,9.5,No,Normal simulated hourly value
2026-05-12 02:00,Building A,Floor 1,Lighting,F1-LIGHT,3.7,3.7,0.12,9.5,No,Normal simulated hourly value
2026-05-12 02:00,Building A,Floor 1,Plug Loads,F1-PLUG,3.35,3.35,0.12,9.5,No,Normal simulated hourly value
2026-05-12 02:00,Building A,Floor 2,HVAC,F2-HVAC,13.58,13.58,0.12,9.5,No,Normal simulated hourly value
2026-05-12 02:00,Building A,Floor 2,Lighting,F2-LIGHT,4.13,4.13,0.12,9.5,No,Normal simulated hourly value
2026-05-12 02:00,Building A,Floor 2,Plug Loads,F2-PLUG,3.51,3.51,0.12,9.5,No,Normal simulated hourly value
2026-05-12 02:00,Building A,Floor 3,HVAC,F3-HVAC,12.04,12.04,0.12,9.5,No,Normal simulated hourly value
2026-05-12 02:00,Building A,Floor 3,Lighting,F3-LIGHT,3.49,3.49,0.12,9.5,No,Normal simulated hourly value
2026-05-12 02:00,Building A,Floor 3,Server Room,F3-SERVER,13.37,13.37,0.12,9.5,No,Normal simulated hourly value
2026-05-12 02:00,Building A,Common Areas,Elevators,CA-ELEV,1.1,1.1,0.12,9.5,No,Normal simulated hourly value
2026-05-12 02:00,Building A,Common Areas,Fire System,CA-FIRE,0.37,0.37,0.12,9.5,No,Normal simulated hourly value
2026-05-12 02:00,Building A,Common Areas,Outdoor Lighting,CA-OUTLIGHT,4.86,4.86,0.12,9.5,No,Normal simulated hourly value
2026-05-12 03:00,Building A,Floor 1,HVAC,F1-HVAC,11.19,11.19,0.04,9.4,No,Normal simulated hourly value
2026-05-12 03:00,Building A,Floor 1,Lighting,F1-LIGHT,1.68,1.68,0.04,9.4,No,Normal simulated hourly value
2026-05-12 03:00,Building A,Floor 1,Plug Loads,F1-PLUG,2.43,2.43,0.04,9.4,No,Normal simulated hourly value
2026-05-12 03:00,Building A,Floor 2,HVAC,F2-HVAC,12.41,12.41,0.04,9.4,No,Normal simulated hourly value
2026-05-12 03:00,Building A,Floor 2,Lighting,F2-LIGHT,1.74,1.74,0.04,9.4,No,Normal simulated hourly value
2026-05-12 03:00,Building A,Floor 2,Plug Loads,F2-PLUG,2.58,2.58,0.04,9.4,No,Normal simulated hourly value
2026-05-12 03:00,Building A,Floor 3,HVAC,F3-HVAC,10.77,10.77,0.04,9.4,No,Normal simulated hourly value
2026-05-12 03:00,Building A,Floor 3,Lighting,F3-LIGHT,1.79,1.79,0.04,9.4,No,Normal simulated hourly value
2026-05-12 03:00,Building A,Floor 3,Server Room,F3-SERVER,13.63,13.63,0.04,9.4,No,Normal simulated hourly value
2026-05-12 03:00,Building A,Common Areas,Elevators,CA-ELEV,0.89,0.89,0.04,9.4,No,Normal simulated hourly value
2026-05-12 03:00,Building A,Common Areas,Fire System,CA-FIRE,0.33,0.33,0.04,9.4,No,Normal simulated hourly value
2026-05-12 03:00,Building A,Common Areas,Outdoor Lighting,CA-OUTLIGHT,5.0,5.0,0.04,9.4,No,Normal simulated hourly value
2026-05-12 04:00,Building A,Floor 1,HVAC,F1-HVAC,12.2,12.2,0.09,10.3,No,Normal simulated hourly value
2026-05-12 04:00,Building A,Floor 1,Lighting,F1-LIGHT,3.56,3.56,0.09,10.3,No,Normal simulated hourly value
2026-05-12 04:00,Building A,Floor 1,Plug Loads,F1-PLUG,2.89,2.89,0.09,10.3,No,Normal simulated hourly value
2026-05-12 04:00,Building A,Floor 2,HVAC,F2-HVAC,12.12,12.12,0.09,10.3,No,Normal simulated hourly value
2026-05-12 04:00,Building A,Floor 2,Lighting,F2-LIGHT,3.59,3.59,0.09,10.3,No,Normal simulated hourly value
2026-05-12 04:00,Building A,Floor 2,Plug Loads,F2-PLUG,3.35,3.35,0.09,10.3,No,Normal simulated hourly value
2026-05-12 04:00,Building A,Floor 3,HVAC,F3-HVAC,11.25,11.25,0.09,10.3,No,Normal simulated hourly value
2026-05-12 04:00,Building A,Floor 3,Lighting,F3-LIGHT,3.4,3.4,0.09,10.3,No,Normal simulated hourly value
2026-05-12 04:00,Building A,Floor 3,Server Room,F3-SERVER,14.25,14.25,0.09,10.3,No,Normal simulated hourly value
2026-05-12 04:00,Building A,Common Areas,Elevators,CA-ELEV,1.1,1.1,0.09,10.3,No,Normal simulated hourly value
2026-05-12 04:00,Building A,Common Areas,Fire System,CA-FIRE,0.33,0.33,0.09,10.3,No,Normal simulated hourly value
2026-05-12 04:00,Building A,Common Areas,Outdoor Lighting,CA-OUTLIGHT,4.77,4.77,0.09,10.3,No,Normal simulated hourly value
2026-05-12 05:00,Building A,Floor 1,HVAC,F1-HVAC,11.64,11.64,0.06,10.1,No,Normal simulated hourly value
2026-05-12 05:00,Building A,Floor 1,Lighting,F1-LIGHT,1.91,1.91,0.06,10.1,No,Normal simulated hourly value
2026-05-12 05:00,Building A,Floor 1,Plug Loads,F1-PLUG,2.51,2.51,0.06,10.1,No,Normal simulated hourly value
2026-05-12 05:00,Building A,Floor 2,HVAC,F2-HVAC,12.3,12.3,0.06,10.1,No,Normal simulated hourly value
2026-05-12 05:00,Building A,Floor 2,Lighting,F2-LIGHT,1.9,1.9,0.06,10.1,No,Normal simulated hourly value
2026-05-12 05:00,Building A,Floor 2,Plug Loads,F2-PLUG,3.0,3.0,0.06,10.1,No,Normal simulated hourly value
2026-05-12 05:00,Building A,Floor 3,HVAC,F3-HVAC,9.94,9.94,0.06,10.1,No,Normal simulated hourly value
2026-05-12 05:00,Building A,Floor 3,Lighting,F3-LIGHT,1.75,1.75,0.06,10.1,No,Normal simulated hourly value
2026-05-12 05:00,Building A,Floor 3,Server Room,F3-SERVER,12.95,12.95,0.06,10.1,No,Normal simulated hourly value
2026-05-12 05:00,Building A,Common Areas,Elevators,CA-ELEV,1.01,1.01,0.06,10.1,No,Normal simulated hourly value
2026-05-12 05:00,Building A,Common Areas,Fire System,CA-FIRE,0.35,0.35,0.06,10.1,No,Normal simulated hourly value
2026-05-12 05:00,Building A,Common Areas,Outdoor Lighting,CA-OUTLIGHT,4.74,4.74,0.06,10.1,No,Normal simulated hourly value
2026-05-12 06:00,Building A,Floor 1,HVAC,F1-HVAC,15.15,15.15,0.32,10.9,No,Normal simulated hourly value
2026-05-12 06:00,Building A,Floor 1,Lighting,F1-LIGHT,3.92,3.92,0.32,10.9,No,Normal simulated hourly value
2026-05-12 06:00,Building A,Floor 1,Plug Loads,F1-PLUG,5.07,5.07,0.32,10.9,No,Normal simulated hourly value
2026-05-12 06:00,Building A,Floor 2,HVAC,F2-HVAC,16.42,16.42,0.32,10.9,No,Normal simulated hourly value
2026-05-12 06:00,Building A,Floor 2,Lighting,F2-LIGHT,4.17,4.17,0.32,10.9,No,Normal simulated hourly value
2026-05-12 06:00,Building A,Floor 2,Plug Loads,F2-PLUG,5.06,5.06,0.32,10.9,No,Normal simulated hourly value
2026-05-12 06:00,Building A,Floor 3,HVAC,F3-HVAC,13.07,13.07,0.32,10.9,No,Normal simulated hourly value
2026-05-12 06:00,Building A,Floor 3,Lighting,F3-LIGHT,3.7,3.7,0.32,10.9,No,Normal simulated hourly value
2026-05-12 06:00,Building A,Floor 3,Server Room,F3-SERVER,13.53,13.53,0.32,10.9,No,Normal simulated hourly value
2026-05-12 06:00,Building A,Common Areas,Elevators,CA-ELEV,2.1,2.1,0.32,10.9,No,Normal simulated hourly value
2026-05-12 06:00,Building A,Common Areas,Fire System,CA-FIRE,0.36,0.36,0.32,10.9,No,Normal simulated hourly value
2026-05-12 06:00,Building A,Common Areas,Outdoor Lighting,CA-OUTLIGHT,1.27,1.27,0.32,10.9,No,Normal simulated hourly value
2026-05-12 07:00,Building A,Floor 1,HVAC,F1-HVAC,13.13,13.13,0.25,11.5,No,Normal simulated hourly value
2026-05-12 07:00,Building A,Floor 1,Lighting,F1-LIGHT,3.23,3.23,0.25,11.5,No,Normal simulated hourly value
2026-05-12 07:00,Building A,Floor 1,Plug Loads,F1-PLUG,4.43,4.43,0.25,11.5,No,Normal simulated hourly value
2026-05-12 07:00,Building A,Floor 2,HVAC,F2-HVAC,14.71,14.71,0.25,11.5,No,Normal simulated hourly value
2026-05-12 07:00,Building A,Floor 2,Lighting,F2-LIGHT,3.56,3.56,0.25,11.5,No,Normal simulated hourly value
2026-05-12 07:00,Building A,Floor 2,Plug Loads,F2-PLUG,4.79,4.79,0.25,11.5,No,Normal simulated hourly value
2026-05-12 07:00,Building A,Floor 3,HVAC,F3-HVAC,12.79,12.79,0.25,11.5,No,Normal simulated hourly value
2026-05-12 07:00,Building A,Floor 3,Lighting,F3-LIGHT,2.97,2.97,0.25,11.5,No,Normal simulated hourly value
2026-05-12 07:00,Building A,Floor 3,Server Room,F3-SERVER,14.25,14.25,0.25,11.5,No,Normal simulated hourly value
2026-05-12 07:00,Building A,Common Areas,Elevators,CA-ELEV,1.6,1.6,0.25,11.5,No,Normal simulated hourly value
2026-05-12 07:00,Building A,Common Areas,Fire System,CA-FIRE,0.38,0.38,0.25,11.5,No,Normal simulated hourly value
2026-05-12 07:00,Building A,Common Areas,Outdoor Lighting,CA-OUTLIGHT,0.05,0.05,0.25,11.5,No,Normal simulated hourly value
2026-05-12 08:00,Building A,Floor 1,HVAC,F1-HVAC,22.96,22.96,0.88,12.1,No,Normal simulated hourly value
2026-05-12 08:00,Building A,Floor 1,Lighting,F1-LIGHT,8.3,8.3,0.88,12.1,No,Normal simulated hourly value
2026-05-12 08:00,Building A,Floor 1,Plug Loads,F1-PLUG,9.81,9.81,0.88,12.1,No,Normal simulated hourly value
2026-05-12 08:00,Building A,Floor 2,HVAC,F2-HVAC,23.7,23.7,0.88,12.1,No,Normal simulated hourly value
2026-05-12 08:00,Building A,Floor 2,Lighting,F2-LIGHT,9.15,9.15,0.88,12.1,No,Normal simulated hourly value
2026-05-12 08:00,Building A,Floor 2,Plug Loads,F2-PLUG,10.53,10.53,0.88,12.1,No,Normal simulated hourly value
2026-05-12 08:00,Building A,Floor 3,HVAC,F3-HVAC,20.14,20.14,0.88,12.1,No,Normal simulated hourly value
2026-05-12 08:00,Building A,Floor 3,Lighting,F3-LIGHT,7.86,7.86,0.88,12.1,No,Normal simulated hourly value
2026-05-12 08:00,Building A,Floor 3,Server Room,F3-SERVER,13.98,13.98,0.88,12.1,No,Normal simulated hourly value
2026-05-12 08:00,Building A,Common Areas,Elevators,CA-ELEV,4.24,4.24,0.88,12.1,No,Normal simulated hourly value
2026-05-12 08:00,Building A,Common Areas,Fire System,CA-FIRE,0.37,0.37,0.88,12.1,No,Normal simulated hourly value
2026-05-12 08:00,Building A,Common Areas,Outdoor Lighting,CA-OUTLIGHT,0.21,0.21,0.88,12.1,No,Normal simulated hourly value
2026-05-12 09:00,Building A,Floor 1,HVAC,F1-HVAC,21.37,21.37,0.84,12.7,No,Normal simulated hourly value
2026-05-12 09:00,Building A,Floor 1,Lighting,F1-LIGHT,8.26,8.26,0.84,12.7,No,Normal simulated hourly value
2026-05-12 09:00,Building A,Floor 1,Plug Loads,F1-PLUG,9.53,9.53,0.84,12.7,No,Normal simulated hourly value
2026-05-12 09:00,Building A,Floor 2,HVAC,F2-HVAC,22.82,22.82,0.84,12.7,No,Normal simulated hourly value
2026-05-12 09:00,Building A,Floor 2,Lighting,F2-LIGHT,8.97,8.97,0.84,12.7,No,Normal simulated hourly value
2026-05-12 09:00,Building A,Floor 2,Plug Loads,F2-PLUG,10.17,10.17,0.84,12.7,No,Normal simulated hourly value
2026-05-12 09:00,Building A,Floor 3,HVAC,F3-HVAC,20.23,20.23,0.84,12.7,No,Normal simulated hourly value
2026-05-12 09:00,Building A,Floor 3,Lighting,F3-LIGHT,7.53,7.53,0.84,12.7,No,Normal simulated hourly value
2026-05-12 09:00,Building A,Floor 3,Server Room,F3-SERVER,14.22,14.22,0.84,12.7,No,Normal simulated hourly value
2026-05-12 09:00,Building A,Common Areas,Elevators,CA-ELEV,4.41,4.41,0.84,12.7,No,Normal simulated hourly value
2026-05-12 09:00,Building A,Common Areas,Fire System,CA-FIRE,0.37,0.37,0.84,12.7,No,Normal simulated hourly value
2026-05-12 09:00,Building A,Common Areas,Outdoor Lighting,CA-OUTLIGHT,0.24,0.24,0.84,12.7,No,Normal simulated hourly value
2026-05-12 10:00,Building A,Floor 1,HVAC,F1-HVAC,21.83,21.83,0.89,13.1,No,Normal simulated hourly value
2026-05-12 10:00,Building A,Floor 1,Lighting,F1-LIGHT,6.92,6.92,0.89,13.1,No,Normal simulated hourly value
2026-05-12 10:00,Building A,Floor 1,Plug Loads,F1-PLUG,9.96,9.96,0.89,13.1,No,Normal simulated hourly value
2026-05-12 10:00,Building A,Floor 2,HVAC,F2-HVAC,23.38,23.38,0.89,13.1,No,Normal simulated hourly value
2026-05-12 10:00,Building A,Floor 2,Lighting,F2-LIGHT,7.47,7.47,0.89,13.1,No,Normal simulated hourly value
2026-05-12 10:00,Building A,Floor 2,Plug Loads,F2-PLUG,10.39,10.39,0.89,13.1,No,Normal simulated hourly value
2026-05-12 10:00,Building A,Floor 3,HVAC,F3-HVAC,20.3,20.3,0.89,13.1,No,Normal simulated hourly value
2026-05-12 10:00,Building A,Floor 3,Lighting,F3-LIGHT,6.24,6.24,0.89,13.1,No,Normal simulated hourly value
2026-05-12 10:00,Building A,Floor 3,Server Room,F3-SERVER,12.95,12.95,0.89,13.1,No,Normal simulated hourly value
2026-05-12 10:00,Building A,Common Areas,Elevators,CA-ELEV,4.58,4.58,0.89,13.1,No,Normal simulated hourly value
2026-05-12 10:00,Building A,Common Areas,Fire System,CA-FIRE,0.33,0.33,0.89,13.1,No,Normal simulated hourly value
2026-05-12 10:00,Building A,Common Areas,Outdoor Lighting,CA-OUTLIGHT,0.17,0.17,0.89,13.1,No,Normal simulated hourly value
2026-05-12 11:00,Building A,Floor 1,HVAC,F1-HVAC,21.38,21.38,0.88,13.8,No,Normal simulated hourly value
2026-05-12 11:00,Building A,Floor 1,Lighting,F1-LIGHT,6.35,6.35,0.88,13.8,No,Normal simulated hourly value
2026-05-12 11:00,Building A,Floor 1,Plug Loads,F1-PLUG,9.95,9.95,0.88,13.8,No,Normal simulated hourly value
2026-05-12 11:00,Building A,Floor 2,HVAC,F2-HVAC,22.88,22.88,0.88,13.8,No,Normal simulated hourly value
2026-05-12 11:00,Building A,Floor 2,Lighting,F2-LIGHT,7.31,7.31,0.88,13.8,No,Normal simulated hourly value
2026-05-12 11:00,Building A,Floor 2,Plug Loads,F2-PLUG,10.45,10.45,0.88,13.8,No,Normal simulated hourly value
2026-05-12 11:00,Building A,Floor 3,HVAC,F3-HVAC,20.23,20.23,0.88,13.8,No,Normal simulated hourly value
2026-05-12 11:00,Building A,Floor 3,Lighting,F3-LIGHT,6.23,6.23,0.88,13.8,No,Normal simulated hourly value
2026-05-12 11:00,Building A,Floor 3,Server Room,F3-SERVER,13.78,13.78,0.88,13.8,No,Normal simulated hourly value
2026-05-12 11:00,Building A,Common Areas,Elevators,CA-ELEV,4.51,4.51,0.88,13.8,No,Normal simulated hourly value
2026-05-12 11:00,Building A,Common Areas,Fire System,CA-FIRE,0.33,0.33,0.88,13.8,No,Normal simulated hourly value
2026-05-12 11:00,Building A,Common Areas,Outdoor Lighting,CA-OUTLIGHT,0.15,0.15,0.88,13.8,No,Normal simulated hourly value
2026-05-12 12:00,Building A,Floor 1,HVAC,F1-HVAC,21.1,21.1,0.83,13.5,No,Normal simulated hourly value
2026-05-12 12:00,Building A,Floor 1,Lighting,F1-LIGHT,6.31,6.31,0.83,13.5,No,Normal simulated hourly value
2026-05-12 12:00,Building A,Floor 1,Plug Loads,F1-PLUG,9.4,9.4,0.83,13.5,No,Normal simulated hourly value
2026-05-12 12:00,Building A,Floor 2,HVAC,F2-HVAC,22.54,22.54,0.83,13.5,No,Normal simulated hourly value
2026-05-12 12:00,Building A,Floor 2,Lighting,F2-LIGHT,6.99,6.99,0.83,13.5,No,Normal simulated hourly value
2026-05-12 12:00,Building A,Floor 2,Plug Loads,F2-PLUG,9.86,9.86,0.83,13.5,No,Normal simulated hourly value
2026-05-12 12:00,Building A,Floor 3,HVAC,F3-HVAC,19.08,19.08,0.83,13.5,No,Normal simulated hourly value
2026-05-12 12:00,Building A,Floor 3,Lighting,F3-LIGHT,5.62,5.62,0.83,13.5,No,Normal simulated hourly value
2026-05-12 12:00,Building A,Floor 3,Server Room,F3-SERVER,13.12,13.12,0.83,13.5,No,Normal simulated hourly value
2026-05-12 12:00,Building A,Common Areas,Elevators,CA-ELEV,4.2,4.2,0.83,13.5,No,Normal simulated hourly value
2026-05-12 12:00,Building A,Common Areas,Fire System,CA-FIRE,0.33,0.33,0.83,13.5,No,Normal simulated hourly value
2026-05-12 12:00,Building A,Common Areas,Outdoor Lighting,CA-OUTLIGHT,0.24,0.24,0.83,13.5,No,Normal simulated hourly value
2026-05-12 13:00,Building A,Floor 1,HVAC,F1-HVAC,22.64,22.64,0.94,13.6,No,Normal simulated hourly value
2026-05-12 13:00,Building A,Floor 1,Lighting,F1-LIGHT,6.87,6.87,0.94,13.6,No,Normal simulated hourly value
2026-05-12 13:00,Building A,Floor 1,Plug Loads,F1-PLUG,9.95,9.95,0.94,13.6,No,Normal simulated hourly value
2026-05-12 13:00,Building A,Floor 2,HVAC,F2-HVAC,24.05,24.05,0.94,13.6,No,Normal simulated hourly value
2026-05-12 13:00,Building A,Floor 2,Lighting,F2-LIGHT,7.4,7.4,0.94,13.6,No,Normal simulated hourly value
2026-05-12 13:00,Building A,Floor 2,Plug Loads,F2-PLUG,10.81,10.81,0.94,13.6,No,Normal simulated hourly value
2026-05-12 13:00,Building A,Floor 3,HVAC,F3-HVAC,20.22,20.22,0.94,13.6,No,Normal simulated hourly value
2026-05-12 13:00,Building A,Floor 3,Lighting,F3-LIGHT,6.46,6.46,0.94,13.6,No,Normal simulated hourly value
2026-05-12 13:00,Building A,Floor 3,Server Room,F3-SERVER,14.65,14.65,0.94,13.6,No,Normal simulated hourly value
2026-05-12 13:00,Building A,Common Areas,Elevators,CA-ELEV,4.67,4.67,0.94,13.6,No,Normal simulated hourly value
2026-05-12 13:00,Building A,Common Areas,Fire System,CA-FIRE,0.33,0.33,0.94,13.6,No,Normal simulated hourly value
2026-05-12 13:00,Building A,Common Areas,Outdoor Lighting,CA-OUTLIGHT,0.25,0.25,0.94,13.6,No,Normal simulated hourly value
2026-05-12 14:00,Building A,Floor 1,HVAC,F1-HVAC,21.27,21.27,0.85,13.6,No,Normal simulated hourly value
2026-05-12 14:00,Building A,Floor 1,Lighting,F1-LIGHT,6.44,6.44,0.85,13.6,No,Normal simulated hourly value
2026-05-12 14:00,Building A,Floor 1,Plug Loads,F1-PLUG,9.24,9.24,0.85,13.6,No,Normal simulated hourly value
2026-05-12 14:00,Building A,Floor 2,HVAC,F2-HVAC,22.47,22.47,0.85,13.6,No,Normal simulated hourly value
2026-05-12 14:00,Building A,Floor 2,Lighting,F2-LIGHT,7.25,7.25,0.85,13.6,No,Normal simulated hourly value
2026-05-12 14:00,Building A,Floor 2,Plug Loads,F2-PLUG,10.17,10.17,0.85,13.6,No,Normal simulated hourly value
2026-05-12 14:00,Building A,Floor 3,HVAC,F3-HVAC,19.99,19.99,0.85,13.6,No,Normal simulated hourly value
2026-05-12 14:00,Building A,Floor 3,Lighting,F3-LIGHT,5.9,5.9,0.85,13.6,No,Normal simulated hourly value
2026-05-12 14:00,Building A,Floor 3,Server Room,F3-SERVER,14.03,14.03,0.85,13.6,No,Normal simulated hourly value
2026-05-12 14:00,Building A,Common Areas,Elevators,CA-ELEV,4.09,4.09,0.85,13.6,No,Normal simulated hourly value
2026-05-12 14:00,Building A,Common Areas,Fire System,CA-FIRE,0.35,0.35,0.85,13.6,No,Normal simulated hourly value
2026-05-12 14:00,Building A,Common Areas,Outdoor Lighting,CA-OUTLIGHT,0.5,0.5,0.85,13.6,No,Normal simulated hourly value
2026-05-12 15:00,Building A,Floor 1,HVAC,F1-HVAC,22.74,22.74,0.9,12.3,No,Normal simulated hourly value
2026-05-12 15:00,Building A,Floor 1,Lighting,F1-LIGHT,6.94,6.94,0.9,12.3,No,Normal simulated hourly value
2026-05-12 15:00,Building A,Floor 1,Plug Loads,F1-PLUG,9.69,9.69,0.9,12.3,No,Normal simulated hourly value
2026-05-12 15:00,Building A,Floor 2,HVAC,F2-HVAC,24.45,24.45,0.9,12.3,No,Normal simulated hourly value
2026-05-12 15:00,Building A,Floor 2,Lighting,F2-LIGHT,7.28,7.28,0.9,12.3,No,Normal simulated hourly value
2026-05-12 15:00,Building A,Floor 2,Plug Loads,F2-PLUG,10.6,10.6,0.9,12.3,No,Normal simulated hourly value
2026-05-12 15:00,Building A,Floor 3,HVAC,F3-HVAC,21.24,21.24,0.9,12.3,No,Normal simulated hourly value
2026-05-12 15:00,Building A,Floor 3,Lighting,F3-LIGHT,6.52,6.52,0.9,12.3,No,Normal simulated hourly value
2026-05-12 15:00,Building A,Floor 3,Server Room,F3-SERVER,14.02,14.02,0.9,12.3,No,Normal simulated hourly value
2026-05-12 15:00,Building A,Common Areas,Elevators,CA-ELEV,4.52,4.52,0.9,12.3,No,Normal simulated hourly value
2026-05-12 15:00,Building A,Common Areas,Fire System,CA-FIRE,0.38,0.38,0.9,12.3,No,Normal simulated hourly value
2026-05-12 15:00,Building A,Common Areas,Outdoor Lighting,CA-OUTLIGHT,0.11,0.11,0.9,12.3,No,Normal simulated hourly value
2026-05-12 16:00,Building A,Floor 1,HVAC,F1-HVAC,20.1,20.1,0.76,12.5,No,Normal simulated hourly value
2026-05-12 16:00,Building A,Floor 1,Lighting,F1-LIGHT,5.69,5.69,0.76,12.5,No,Normal simulated hourly value
2026-05-12 16:00,Building A,Floor 1,Plug Loads,F1-PLUG,8.36,8.36,0.76,12.5,No,Normal simulated hourly value
2026-05-12 16:00,Building A,Floor 2,HVAC,F2-HVAC,22.08,22.08,0.76,12.5,No,Normal simulated hourly value
2026-05-12 16:00,Building A,Floor 2,Lighting,F2-LIGHT,6.48,6.48,0.76,12.5,No,Normal simulated hourly value
2026-05-12 16:00,Building A,Floor 2,Plug Loads,F2-PLUG,9.23,9.23,0.76,12.5,No,Normal simulated hourly value
2026-05-12 16:00,Building A,Floor 3,HVAC,F3-HVAC,18.53,18.53,0.76,12.5,No,Normal simulated hourly value
2026-05-12 16:00,Building A,Floor 3,Lighting,F3-LIGHT,5.59,5.59,0.76,12.5,No,Normal simulated hourly value
2026-05-12 16:00,Building A,Floor 3,Server Room,F3-SERVER,13.72,13.72,0.76,12.5,No,Normal simulated hourly value
2026-05-12 16:00,Building A,Common Areas,Elevators,CA-ELEV,3.97,3.97,0.76,12.5,No,Normal simulated hourly value
2026-05-12 16:00,Building A,Common Areas,Fire System,CA-FIRE,0.37,0.37,0.76,12.5,No,Normal simulated hourly value
2026-05-12 16:00,Building A,Common Areas,Outdoor Lighting,CA-OUTLIGHT,0.33,0.33,0.76,12.5,No,Normal simulated hourly value
2026-05-12 17:00,Building A,Floor 1,HVAC,F1-HVAC,21.51,21.51,0.82,12.3,No,Normal simulated hourly value
2026-05-12 17:00,Building A,Floor 1,Lighting,F1-LIGHT,7.98,7.98,0.82,12.3,No,Normal simulated hourly value
2026-05-12 17:00,Building A,Floor 1,Plug Loads,F1-PLUG,9.42,9.42,0.82,12.3,No,Normal simulated hourly value
2026-05-12 17:00,Building A,Floor 2,HVAC,F2-HVAC,23.56,23.56,0.82,12.3,No,Normal simulated hourly value
2026-05-12 17:00,Building A,Floor 2,Lighting,F2-LIGHT,8.27,8.27,0.82,12.3,No,Normal simulated hourly value
2026-05-12 17:00,Building A,Floor 2,Plug Loads,F2-PLUG,9.7,9.7,0.82,12.3,No,Normal simulated hourly value
2026-05-12 17:00,Building A,Floor 3,HVAC,F3-HVAC,19.51,19.51,0.82,12.3,No,Normal simulated hourly value
2026-05-12 17:00,Building A,Floor 3,Lighting,F3-LIGHT,7.41,7.41,0.82,12.3,No,Normal simulated hourly value
2026-05-12 17:00,Building A,Floor 3,Server Room,F3-SERVER,13.42,13.42,0.82,12.3,No,Normal simulated hourly value
2026-05-12 17:00,Building A,Common Areas,Elevators,CA-ELEV,3.99,3.99,0.82,12.3,No,Normal simulated hourly value
2026-05-12 17:00,Building A,Common Areas,Fire System,CA-FIRE,0.36,0.36,0.82,12.3,No,Normal simulated hourly value
2026-05-12 17:00,Building A,Common Areas,Outdoor Lighting,CA-OUTLIGHT,0.25,0.25,0.82,12.3,No,Normal simulated hourly value
2026-05-12 18:00,Building A,Floor 1,HVAC,F1-HVAC,13.42,13.42,0.27,11.2,No,Normal simulated hourly value
2026-05-12 18:00,Building A,Floor 1,Lighting,F1-LIGHT,3.57,3.57,0.27,11.2,No,Normal simulated hourly value
2026-05-12 18:00,Building A,Floor 1,Plug Loads,F1-PLUG,4.39,4.39,0.27,11.2,No,Normal simulated hourly value
2026-05-12 18:00,Building A,Floor 2,HVAC,F2-HVAC,14.79,14.79,0.27,11.2,No,Normal simulated hourly value
2026-05-12 18:00,Building A,Floor 2,Lighting,F2-LIGHT,3.65,3.65,0.27,11.2,No,Normal simulated hourly value
2026-05-12 18:00,Building A,Floor 2,Plug Loads,F2-PLUG,5.13,5.13,0.27,11.2,No,Normal simulated hourly value
2026-05-12 18:00,Building A,Floor 3,HVAC,F3-HVAC,13.26,13.26,0.27,11.2,No,Normal simulated hourly value
2026-05-12 18:00,Building A,Floor 3,Lighting,F3-LIGHT,3.36,3.36,0.27,11.2,No,Normal simulated hourly value
2026-05-12 18:00,Building A,Floor 3,Server Room,F3-SERVER,14.7,14.7,0.27,11.2,No,Normal simulated hourly value
2026-05-12 18:00,Building A,Common Areas,Elevators,CA-ELEV,1.9,1.9,0.27,11.2,No,Normal simulated hourly value
2026-05-12 18:00,Building A,Common Areas,Fire System,CA-FIRE,0.32,0.32,0.27,11.2,No,Normal simulated hourly value
2026-05-12 18:00,Building A,Common Areas,Outdoor Lighting,CA-OUTLIGHT,0.24,0.24,0.27,11.2,No,Normal simulated hourly value
2026-05-12 19:00,Building A,Floor 1,HVAC,F1-HVAC,16.05,16.05,0.43,10.9,No,Normal simulated hourly value
2026-05-12 19:00,Building A,Floor 1,Lighting,F1-LIGHT,4.91,4.91,0.43,10.9,No,Normal simulated hourly value
2026-05-12 19:00,Building A,Floor 1,Plug Loads,F1-PLUG,5.94,5.94,0.43,10.9,No,Normal simulated hourly value
2026-05-12 19:00,Building A,Floor 2,HVAC,F2-HVAC,17.73,17.73,0.43,10.9,No,Normal simulated hourly value
2026-05-12 19:00,Building A,Floor 2,Lighting,F2-LIGHT,5.0,5.0,0.43,10.9,No,Normal simulated hourly value
2026-05-12 19:00,Building A,Floor 2,Plug Loads,F2-PLUG,6.23,6.23,0.43,10.9,No,Normal simulated hourly value
2026-05-12 19:00,Building A,Floor 3,HVAC,F3-HVAC,14.92,14.92,0.43,10.9,No,Normal simulated hourly value
2026-05-12 19:00,Building A,Floor 3,Lighting,F3-LIGHT,4.57,4.57,0.43,10.9,No,Normal simulated hourly value
2026-05-12 19:00,Building A,Floor 3,Server Room,F3-SERVER,13.49,13.49,0.43,10.9,No,Normal simulated hourly value
2026-05-12 19:00,Building A,Common Areas,Elevators,CA-ELEV,2.58,2.58,0.43,10.9,No,Normal simulated hourly value
2026-05-12 19:00,Building A,Common Areas,Fire System,CA-FIRE,0.38,0.38,0.43,10.9,No,Normal simulated hourly value
2026-05-12 19:00,Building A,Common Areas,Outdoor Lighting,CA-OUTLIGHT,1.08,1.08,0.43,10.9,No,Normal simulated hourly value
2026-05-12 20:00,Building A,Floor 1,HVAC,F1-HVAC,14.84,14.84,0.31,10.1,No,Normal simulated hourly value
2026-05-12 20:00,Building A,Floor 1,Lighting,F1-LIGHT,5.4,5.4,0.31,10.1,No,Normal simulated hourly value
2026-05-12 20:00,Building A,Floor 1,Plug Loads,F1-PLUG,4.78,4.78,0.31,10.1,No,Normal simulated hourly value
2026-05-12 20:00,Building A,Floor 2,HVAC,F2-HVAC,16.27,16.27,0.31,10.1,No,Normal simulated hourly value
2026-05-12 20:00,Building A,Floor 2,Lighting,F2-LIGHT,5.82,5.82,0.31,10.1,No,Normal simulated hourly value
2026-05-12 20:00,Building A,Floor 2,Plug Loads,F2-PLUG,5.32,5.32,0.31,10.1,No,Normal simulated hourly value
2026-05-12 20:00,Building A,Floor 3,HVAC,F3-HVAC,13.9,13.9,0.31,10.1,No,Normal simulated hourly value
2026-05-12 20:00,Building A,Floor 3,Lighting,F3-LIGHT,4.66,4.66,0.31,10.1,No,Normal simulated hourly value
2026-05-12 20:00,Building A,Floor 3,Server Room,F3-SERVER,13.55,13.55,0.31,10.1,No,Normal simulated hourly value
2026-05-12 20:00,Building A,Common Areas,Elevators,CA-ELEV,2.1,2.1,0.31,10.1,No,Normal simulated hourly value
2026-05-12 20:00,Building A,Common Areas,Fire System,CA-FIRE,0.37,0.37,0.31,10.1,No,Normal simulated hourly value
2026-05-12 20:00,Building A,Common Areas,Outdoor Lighting,CA-OUTLIGHT,4.82,4.82,0.31,10.1,No,Normal simulated hourly value
2026-05-12 21:00,Building A,Floor 1,HVAC,F1-HVAC,11.76,11.76,0.07,10.2,No,Normal simulated hourly value
2026-05-12 21:00,Building A,Floor 1,Lighting,F1-LIGHT,1.82,1.82,0.07,10.2,No,Normal simulated hourly value
2026-05-12 21:00,Building A,Floor 1,Plug Loads,F1-PLUG,3.08,3.08,0.07,10.2,No,Normal simulated hourly value
2026-05-12 21:00,Building A,Floor 2,HVAC,F2-HVAC,12.58,12.58,0.07,10.2,No,Normal simulated hourly value
2026-05-12 21:00,Building A,Floor 2,Lighting,F2-LIGHT,2.05,2.05,0.07,10.2,No,Normal simulated hourly value
2026-05-12 21:00,Building A,Floor 2,Plug Loads,F2-PLUG,2.81,2.81,0.07,10.2,No,Normal simulated hourly value
2026-05-12 21:00,Building A,Floor 3,HVAC,F3-HVAC,10.66,10.66,0.07,10.2,No,Normal simulated hourly value
2026-05-12 21:00,Building A,Floor 3,Lighting,F3-LIGHT,1.91,1.91,0.07,10.2,No,Normal simulated hourly value
2026-05-12 21:00,Building A,Floor 3,Server Room,F3-SERVER,14.69,14.69,0.07,10.2,No,Normal simulated hourly value
2026-05-12 21:00,Building A,Common Areas,Elevators,CA-ELEV,1.16,1.16,0.07,10.2,No,Normal simulated hourly value
2026-05-12 21:00,Building A,Common Areas,Fire System,CA-FIRE,0.33,0.33,0.07,10.2,No,Normal simulated hourly value
2026-05-12 21:00,Building A,Common Areas,Outdoor Lighting,CA-OUTLIGHT,4.8,4.8,0.07,10.2,No,Normal simulated hourly value
2026-05-12 22:00,Building A,Floor 1,HVAC,F1-HVAC,11.67,11.67,0.08,9.6,No,Normal simulated hourly value
2026-05-12 22:00,Building A,Floor 1,Lighting,F1-LIGHT,2.32,2.32,0.08,9.6,No,Normal simulated hourly value
2026-05-12 22:00,Building A,Floor 1,Plug Loads,F1-PLUG,3.17,3.17,0.08,9.6,No,Normal simulated hourly value
2026-05-12 22:00,Building A,Floor 2,HVAC,F2-HVAC,12.59,12.59,0.08,9.6,No,Normal simulated hourly value
2026-05-12 22:00,Building A,Floor 2,Lighting,F2-LIGHT,2.32,2.32,0.08,9.6,No,Normal simulated hourly value
2026-05-12 22:00,Building A,Floor 2,Plug Loads,F2-PLUG,3.04,3.04,0.08,9.6,No,Normal simulated hourly value
2026-05-12 22:00,Building A,Floor 3,HVAC,F3-HVAC,11.49,11.49,0.08,9.6,No,Normal simulated hourly value
2026-05-12 22:00,Building A,Floor 3,Lighting,F3-LIGHT,1.96,1.96,0.08,9.6,No,Normal simulated hourly value
2026-05-12 22:00,Building A,Floor 3,Server Room,F3-SERVER,14.46,14.46,0.08,9.6,No,Normal simulated hourly value
2026-05-12 22:00,Building A,Common Areas,Elevators,CA-ELEV,0.95,0.95,0.08,9.6,No,Normal simulated hourly value
2026-05-12 22:00,Building A,Common Areas,Fire System,CA-FIRE,0.34,0.34,0.08,9.6,No,Normal simulated hourly value
2026-05-12 22:00,Building A,Common Areas,Outdoor Lighting,CA-OUTLIGHT,4.8,4.8,0.08,9.6,No,Normal simulated hourly value
2026-05-12 23:00,Building A,Floor 1,HVAC,F1-HVAC,11.45,11.45,0.06,9.5,No,Normal simulated hourly value
2026-05-12 23:00,Building A,Floor 1,Lighting,F1-LIGHT,2.02,2.02,0.06,9.5,No,Normal simulated hourly value
2026-05-12 23:00,Building A,Floor 1,Plug Loads,F1-PLUG,3.01,3.01,0.06,9.5,No,Normal simulated hourly value
2026-05-12 23:00,Building A,Floor 2,HVAC,F2-HVAC,12.62,12.62,0.06,9.5,No,Normal simulated hourly value
2026-05-12 23:00,Building A,Floor 2,Lighting,F2-LIGHT,1.91,1.91,0.06,9.5,No,Normal simulated hourly value
2026-05-12 23:00,Building A,Floor 2,Plug Loads,F2-PLUG,2.95,2.95,0.06,9.5,No,Normal simulated hourly value
2026-05-12 23:00,Building A,Floor 3,HVAC,F3-HVAC,10.57,10.57,0.06,9.5,No,Normal simulated hourly value
2026-05-12 23:00,Building A,Floor 3,Lighting,F3-LIGHT,1.84,1.84,0.06,9.5,No,Normal simulated hourly value
2026-05-12 23:00,Building A,Floor 3,Server Room,F3-SERVER,13.72,13.72,0.06,9.5,No,Normal simulated hourly value
2026-05-12 23:00,Building A,Common Areas,Elevators,CA-ELEV,0.88,0.88,0.06,9.5,No,Normal simulated hourly value
2026-05-12 23:00,Building A,Common Areas,Fire System,CA-FIRE,0.36,0.36,0.06,9.5,No,Normal simulated hourly value
2026-05-12 23:00,Building A,Common Areas,Outdoor Lighting,CA-OUTLIGHT,4.67,4.67,0.06,9.5,No,Normal simulated hourly value
2026-05-13 00:00,Building A,Floor 1,HVAC,F1-HVAC,11.51,11.51,0.03,9.6,No,Normal simulated hourly value
2026-05-13 00:00,Building A,Floor 1,Lighting,F1-LIGHT,1.86,1.86,0.03,9.6,No,Normal simulated hourly value
2026-05-13 00:00,Building A,Floor 1,Plug Loads,F1-PLUG,2.64,2.64,0.03,9.6,No,Normal simulated hourly value
2026-05-13 00:00,Building A,Floor 2,HVAC,F2-HVAC,11.98,11.98,0.03,9.6,No,Normal simulated hourly value
2026-05-13 00:00,Building A,Floor 2,Lighting,F2-LIGHT,1.97,1.97,0.03,9.6,No,Normal simulated hourly value
2026-05-13 00:00,Building A,Floor 2,Plug Loads,F2-PLUG,2.84,2.84,0.03,9.6,No,Normal simulated hourly value
2026-05-13 00:00,Building A,Floor 3,HVAC,F3-HVAC,10.89,10.89,0.03,9.6,No,Normal simulated hourly value
2026-05-13 00:00,Building A,Floor 3,Lighting,F3-LIGHT,1.59,1.59,0.03,9.6,No,Normal simulated hourly value
2026-05-13 00:00,Building A,Floor 3,Server Room,F3-SERVER,13.8,13.8,0.03,9.6,No,Normal simulated hourly value
2026-05-13 00:00,Building A,Common Areas,Elevators,CA-ELEV,0.86,0.86,0.03,9.6,No,Normal simulated hourly value
2026-05-13 00:00,Building A,Common Areas,Fire System,CA-FIRE,0.37,0.37,0.03,9.6,No,Normal simulated hourly value
2026-05-13 00:00,Building A,Common Areas,Outdoor Lighting,CA-OUTLIGHT,4.81,4.81,0.03,9.6,No,Normal simulated hourly value
2026-05-13 01:00,Building A,Floor 1,HVAC,F1-HVAC,12.26,12.26,0.1,9.3,No,Normal simulated hourly value
2026-05-13 01:00,Building A,Floor 1,Lighting,F1-LIGHT,3.57,3.57,0.1,9.3,No,Normal simulated hourly value
2026-05-13 01:00,Building A,Floor 1,Plug Loads,F1-PLUG,2.84,2.84,0.1,9.3,No,Normal simulated hourly value
2026-05-13 01:00,Building A,Floor 2,HVAC,F2-HVAC,13.32,13.32,0.1,9.3,No,Normal simulated hourly value
2026-05-13 01:00,Building A,Floor 2,Lighting,F2-LIGHT,4.04,4.04,0.1,9.3,No,Normal simulated hourly value
2026-05-13 01:00,Building A,Floor 2,Plug Loads,F2-PLUG,3.2,3.2,0.1,9.3,No,Normal simulated hourly value
2026-05-13 01:00,Building A,Floor 3,HVAC,F3-HVAC,11.61,11.61,0.1,9.3,No,Normal simulated hourly value
2026-05-13 01:00,Building A,Floor 3,Lighting,F3-LIGHT,3.29,3.29,0.1,9.3,No,Normal simulated hourly value
2026-05-13 01:00,Building A,Floor 3,Server Room,F3-SERVER,14.43,14.43,0.1,9.3,No,Normal simulated hourly value
2026-05-13 01:00,Building A,Common Areas,Elevators,CA-ELEV,1.26,1.26,0.1,9.3,No,Normal simulated hourly value
2026-05-13 01:00,Building A,Common Areas,Fire System,CA-FIRE,0.34,0.34,0.1,9.3,No,Normal simulated hourly value
2026-05-13 01:00,Building A,Common Areas,Outdoor Lighting,CA-OUTLIGHT,4.93,4.93,0.1,9.3,No,Normal simulated hourly value
2026-05-13 02:00,Building A,Floor 1,HVAC,F1-HVAC,10.52,10.52,0.03,10.0,No,Normal simulated hourly value
2026-05-13 02:00,Building A,Floor 1,Lighting,F1-LIGHT,1.81,1.81,0.03,10.0,No,Normal simulated hourly value
2026-05-13 02:00,Building A,Floor 1,Plug Loads,F1-PLUG,2.71,2.71,0.03,10.0,No,Normal simulated hourly value
2026-05-13 02:00,Building A,Floor 2,HVAC,F2-HVAC,12.51,12.51,0.03,10.0,No,Normal simulated hourly value
2026-05-13 02:00,Building A,Floor 2,Lighting,F2-LIGHT,2.02,2.02,0.03,10.0,No,Normal simulated hourly value
2026-05-13 02:00,Building A,Floor 2,Plug Loads,F2-PLUG,2.61,2.61,0.03,10.0,No,Normal simulated hourly value
2026-05-13 02:00,Building A,Floor 3,HVAC,F3-HVAC,9.67,9.67,0.03,10.0,No,Normal simulated hourly value
2026-05-13 02:00,Building A,Floor 3,Lighting,F3-LIGHT,1.68,1.68,0.03,10.0,No,Normal simulated hourly value
2026-05-13 02:00,Building A,Floor 3,Server Room,F3-SERVER,13.7,13.7,0.03,10.0,No,Normal simulated hourly value
2026-05-13 02:00,Building A,Common Areas,Elevators,CA-ELEV,0.9,0.9,0.03,10.0,No,Normal simulated hourly value
2026-05-13 02:00,Building A,Common Areas,Fire System,CA-FIRE,0.32,0.32,0.03,10.0,No,Normal simulated hourly value
2026-05-13 02:00,Building A,Common Areas,Outdoor Lighting,CA-OUTLIGHT,4.7,4.7,0.03,10.0,No,Normal simulated hourly value
2026-05-13 03:00,Building A,Floor 1,HVAC,F1-HVAC,11.31,11.31,0.04,9.8,No,Normal simulated hourly value
2026-05-13 03:00,Building A,Floor 1,Lighting,F1-LIGHT,1.85,1.85,0.04,9.8,No,Normal simulated hourly value
2026-05-13 03:00,Building A,Floor 1,Plug Loads,F1-PLUG,2.72,2.72,0.04,9.8,No,Normal simulated hourly value
2026-05-13 03:00,Building A,Floor 2,HVAC,F2-HVAC,11.78,11.78,0.04,9.8,No,Normal simulated hourly value
2026-05-13 03:00,Building A,Floor 2,Lighting,F2-LIGHT,1.7,1.7,0.04,9.8,No,Normal simulated hourly value
2026-05-13 03:00,Building A,Floor 2,Plug Loads,F2-PLUG,2.97,2.97,0.04,9.8,No,Normal simulated hourly value
2026-05-13 03:00,Building A,Floor 3,HVAC,F3-HVAC,10.51,10.51,0.04,9.8,No,Normal simulated hourly value
2026-05-13 03:00,Building A,Floor 3,Lighting,F3-LIGHT,1.51,1.51,0.04,9.8,No,Normal simulated hourly value
2026-05-13 03:00,Building A,Floor 3,Server Room,F3-SERVER,13.16,13.16,0.04,9.8,No,Normal simulated hourly value
2026-05-13 03:00,Building A,Common Areas,Elevators,CA-ELEV,0.85,0.85,0.04,9.8,No,Normal simulated hourly value
2026-05-13 03:00,Building A,Common Areas,Fire System,CA-FIRE,0.34,0.34,0.04,9.8,No,Normal simulated hourly value
2026-05-13 03:00,Building A,Common Areas,Outdoor Lighting,CA-OUTLIGHT,4.95,4.95,0.04,9.8,No,Normal simulated hourly value
2026-05-13 04:00,Building A,Floor 1,HVAC,F1-HVAC,11.09,11.09,0.09,10.9,No,Normal simulated hourly value
2026-05-13 04:00,Building A,Floor 1,Lighting,F1-LIGHT,3.37,3.37,0.09,10.9,No,Normal simulated hourly value
2026-05-13 04:00,Building A,Floor 1,Plug Loads,F1-PLUG,2.87,2.87,0.09,10.9,No,Normal simulated hourly value
2026-05-13 04:00,Building A,Floor 2,HVAC,F2-HVAC,12.53,12.53,0.09,10.9,No,Normal simulated hourly value
2026-05-13 04:00,Building A,Floor 2,Lighting,F2-LIGHT,3.76,3.76,0.09,10.9,No,Normal simulated hourly value
2026-05-13 04:00,Building A,Floor 2,Plug Loads,F2-PLUG,3.16,3.16,0.09,10.9,No,Normal simulated hourly value
2026-05-13 04:00,Building A,Floor 3,HVAC,F3-HVAC,10.28,10.28,0.09,10.9,No,Normal simulated hourly value
2026-05-13 04:00,Building A,Floor 3,Lighting,F3-LIGHT,3.34,3.34,0.09,10.9,No,Normal simulated hourly value
2026-05-13 04:00,Building A,Floor 3,Server Room,F3-SERVER,13.59,13.59,0.09,10.9,No,Normal simulated hourly value
2026-05-13 04:00,Building A,Common Areas,Elevators,CA-ELEV,1.07,1.07,0.09,10.9,No,Normal simulated hourly value
2026-05-13 04:00,Building A,Common Areas,Fire System,CA-FIRE,0.35,0.35,0.09,10.9,No,Normal simulated hourly value
2026-05-13 04:00,Building A,Common Areas,Outdoor Lighting,CA-OUTLIGHT,5.05,5.05,0.09,10.9,No,Normal simulated hourly value
2026-05-13 05:00,Building A,Floor 1,HVAC,F1-HVAC,12.21,12.21,0.12,10.7,No,Normal simulated hourly value
2026-05-13 05:00,Building A,Floor 1,Lighting,F1-LIGHT,3.5,3.5,0.12,10.7,No,Normal simulated hourly value
2026-05-13 05:00,Building A,Floor 1,Plug Loads,F1-PLUG,3.26,3.26,0.12,10.7,No,Normal simulated hourly value
2026-05-13 05:00,Building A,Floor 2,HVAC,F2-HVAC,13.21,13.21,0.12,10.7,No,Normal simulated hourly value
2026-05-13 05:00,Building A,Floor 2,Lighting,F2-LIGHT,4.07,4.07,0.12,10.7,No,Normal simulated hourly value
2026-05-13 05:00,Building A,Floor 2,Plug Loads,F2-PLUG,3.21,3.21,0.12,10.7,No,Normal simulated hourly value
2026-05-13 05:00,Building A,Floor 3,HVAC,F3-HVAC,11.19,11.19,0.12,10.7,No,Normal simulated hourly value
2026-05-13 05:00,Building A,Floor 3,Lighting,F3-LIGHT,3.34,3.34,0.12,10.7,No,Normal simulated hourly value
2026-05-13 05:00,Building A,Floor 3,Server Room,F3-SERVER,13.42,13.42,0.12,10.7,No,Normal simulated hourly value
2026-05-13 05:00,Building A,Common Areas,Elevators,CA-ELEV,1.32,1.32,0.12,10.7,No,Normal simulated hourly value
2026-05-13 05:00,Building A,Common Areas,Fire System,CA-FIRE,0.34,0.34,0.12,10.7,No,Normal simulated hourly value
2026-05-13 05:00,Building A,Common Areas,Outdoor Lighting,CA-OUTLIGHT,4.86,4.86,0.12,10.7,No,Normal simulated hourly value
2026-05-13 06:00,Building A,Floor 1,HVAC,F1-HVAC,15.68,15.68,0.39,11.7,No,Normal simulated hourly value
2026-05-13 06:00,Building A,Floor 1,Lighting,F1-LIGHT,4.75,4.75,0.39,11.7,No,Normal simulated hourly value
2026-05-13 06:00,Building A,Floor 1,Plug Loads,F1-PLUG,5.59,5.59,0.39,11.7,No,Normal simulated hourly value
2026-05-13 06:00,Building A,Floor 2,HVAC,F2-HVAC,17.21,17.21,0.39,11.7,No,Normal simulated hourly value
2026-05-13 06:00,Building A,Floor 2,Lighting,F2-LIGHT,4.99,4.99,0.39,11.7,No,Normal simulated hourly value
2026-05-13 06:00,Building A,Floor 2,Plug Loads,F2-PLUG,5.84,5.84,0.39,11.7,No,Normal simulated hourly value
2026-05-13 06:00,Building A,Floor 3,HVAC,F3-HVAC,14.18,14.18,0.39,11.7,No,Normal simulated hourly value
2026-05-13 06:00,Building A,Floor 3,Lighting,F3-LIGHT,4.23,4.23,0.39,11.7,No,Normal simulated hourly value
2026-05-13 06:00,Building A,Floor 3,Server Room,F3-SERVER,13.06,13.06,0.39,11.7,No,Normal simulated hourly value
2026-05-13 06:00,Building A,Common Areas,Elevators,CA-ELEV,2.26,2.26,0.39,11.7,No,Normal simulated hourly value
2026-05-13 06:00,Building A,Common Areas,Fire System,CA-FIRE,0.33,0.33,0.39,11.7,No,Normal simulated hourly value
2026-05-13 06:00,Building A,Common Areas,Outdoor Lighting,CA-OUTLIGHT,1.07,1.07,0.39,11.7,No,Normal simulated hourly value
2026-05-13 07:00,Building A,Floor 1,HVAC,F1-HVAC,15.15,15.15,0.36,12.6,No,Normal simulated hourly value
2026-05-13 07:00,Building A,Floor 1,Lighting,F1-LIGHT,4.51,4.51,0.36,12.6,No,Normal simulated hourly value
2026-05-13 07:00,Building A,Floor 1,Plug Loads,F1-PLUG,5.11,5.11,0.36,12.6,No,Normal simulated hourly value
2026-05-13 07:00,Building A,Floor 2,HVAC,F2-HVAC,16.21,16.21,0.36,12.6,No,Normal simulated hourly value
2026-05-13 07:00,Building A,Floor 2,Lighting,F2-LIGHT,4.64,4.64,0.36,12.6,No,Normal simulated hourly value
2026-05-13 07:00,Building A,Floor 2,Plug Loads,F2-PLUG,5.86,5.86,0.36,12.6,No,Normal simulated hourly value
2026-05-13 07:00,Building A,Floor 3,HVAC,F3-HVAC,13.77,13.77,0.36,12.6,No,Normal simulated hourly value
2026-05-13 07:00,Building A,Floor 3,Lighting,F3-LIGHT,3.87,3.87,0.36,12.6,No,Normal simulated hourly value
2026-05-13 07:00,Building A,Floor 3,Server Room,F3-SERVER,14.63,14.63,0.36,12.6,No,Normal simulated hourly value
2026-05-13 07:00,Building A,Common Areas,Elevators,CA-ELEV,2.07,2.07,0.36,12.6,No,Normal simulated hourly value
2026-05-13 07:00,Building A,Common Areas,Fire System,CA-FIRE,0.37,0.37,0.36,12.6,No,Normal simulated hourly value
2026-05-13 07:00,Building A,Common Areas,Outdoor Lighting,CA-OUTLIGHT,0.49,0.49,0.36,12.6,No,Normal simulated hourly value
2026-05-13 08:00,Building A,Floor 1,HVAC,F1-HVAC,22.19,22.19,0.91,13.2,No,Normal simulated hourly value
2026-05-13 08:00,Building A,Floor 1,Lighting,F1-LIGHT,8.77,8.77,0.91,13.2,No,Normal simulated hourly value
2026-05-13 08:00,Building A,Floor 1,Plug Loads,F1-PLUG,9.64,9.64,0.91,13.2,No,Normal simulated hourly value
2026-05-13 08:00,Building A,Floor 2,HVAC,F2-HVAC,24.19,24.19,0.91,13.2,No,Normal simulated hourly value
2026-05-13 08:00,Building A,Floor 2,Lighting,F2-LIGHT,9.26,9.26,0.91,13.2,No,Normal simulated hourly value
2026-05-13 08:00,Building A,Floor 2,Plug Loads,F2-PLUG,10.83,10.83,0.91,13.2,No,Normal simulated hourly value
2026-05-13 08:00,Building A,Floor 3,HVAC,F3-HVAC,20.77,20.77,0.91,13.2,No,Normal simulated hourly value
2026-05-13 08:00,Building A,Floor 3,Lighting,F3-LIGHT,7.96,7.96,0.91,13.2,No,Normal simulated hourly value
2026-05-13 08:00,Building A,Floor 3,Server Room,F3-SERVER,14.59,14.59,0.91,13.2,No,Normal simulated hourly value
2026-05-13 08:00,Building A,Common Areas,Elevators,CA-ELEV,4.37,4.37,0.91,13.2,No,Normal simulated hourly value
2026-05-13 08:00,Building A,Common Areas,Fire System,CA-FIRE,0.32,0.32,0.91,13.2,No,Normal simulated hourly value
2026-05-13 08:00,Building A,Common Areas,Outdoor Lighting,CA-OUTLIGHT,0.28,0.28,0.91,13.2,No,Normal simulated hourly value
2026-05-13 09:00,Building A,Floor 1,HVAC,F1-HVAC,19.62,19.62,0.77,13.6,No,Normal simulated hourly value
2026-05-13 09:00,Building A,Floor 1,Lighting,F1-LIGHT,7.7,7.7,0.77,13.6,No,Normal simulated hourly value
2026-05-13 09:00,Building A,Floor 1,Plug Loads,F1-PLUG,8.99,8.99,0.77,13.6,No,Normal simulated hourly value
2026-05-13 09:00,Building A,Floor 2,HVAC,F2-HVAC,21.52,21.52,0.77,13.6,No,Normal simulated hourly value
2026-05-13 09:00,Building A,Floor 2,Lighting,F2-LIGHT,8.05,8.05,0.77,13.6,No,Normal simulated hourly value
2026-05-13 09:00,Building A,Floor 2,Plug Loads,F2-PLUG,9.23,9.23,0.77,13.6,No,Normal simulated hourly value
2026-05-13 09:00,Building A,Floor 3,HVAC,F3-HVAC,19.07,19.07,0.77,13.6,No,Normal simulated hourly value
2026-05-13 09:00,Building A,Floor 3,Lighting,F3-LIGHT,6.79,6.79,0.77,13.6,No,Normal simulated hourly value
2026-05-13 09:00,Building A,Floor 3,Server Room,F3-SERVER,13.07,13.07,0.77,13.6,No,Normal simulated hourly value
2026-05-13 09:00,Building A,Common Areas,Elevators,CA-ELEV,4.09,4.09,0.77,13.6,No,Normal simulated hourly value
2026-05-13 09:00,Building A,Common Areas,Fire System,CA-FIRE,0.35,0.35,0.77,13.6,No,Normal simulated hourly value
2026-05-13 09:00,Building A,Common Areas,Outdoor Lighting,CA-OUTLIGHT,0.37,0.37,0.77,13.6,No,Normal simulated hourly value
2026-05-13 10:00,Building A,Floor 1,HVAC,F1-HVAC,21.03,21.03,0.82,13.9,No,Normal simulated hourly value
2026-05-13 10:00,Building A,Floor 1,Lighting,F1-LIGHT,6.09,6.09,0.82,13.9,No,Normal simulated hourly value
2026-05-13 10:00,Building A,Floor 1,Plug Loads,F1-PLUG,9.12,9.12,0.82,13.9,No,Normal simulated hourly value
2026-05-13 10:00,Building A,Floor 2,HVAC,F2-HVAC,21.91,21.91,0.82,13.9,No,Normal simulated hourly value
2026-05-13 10:00,Building A,Floor 2,Lighting,F2-LIGHT,6.79,6.79,0.82,13.9,No,Normal simulated hourly value
2026-05-13 10:00,Building A,Floor 2,Plug Loads,F2-PLUG,9.85,9.85,0.82,13.9,No,Normal simulated hourly value
2026-05-13 10:00,Building A,Floor 3,HVAC,F3-HVAC,19.62,19.62,0.82,13.9,No,Normal simulated hourly value
2026-05-13 10:00,Building A,Floor 3,Lighting,F3-LIGHT,5.51,5.51,0.82,13.9,No,Normal simulated hourly value
2026-05-13 10:00,Building A,Floor 3,Server Room,F3-SERVER,13.7,13.7,0.82,13.9,No,Normal simulated hourly value
2026-05-13 10:00,Building A,Common Areas,Elevators,CA-ELEV,4.32,4.32,0.82,13.9,No,Normal simulated hourly value
2026-05-13 10:00,Building A,Common Areas,Fire System,CA-FIRE,0.33,0.33,0.82,13.9,No,Normal simulated hourly value
2026-05-13 10:00,Building A,Common Areas,Outdoor Lighting,CA-OUTLIGHT,0.27,0.27,0.82,13.9,No,Normal simulated hourly value
2026-05-13 11:00,Building A,Floor 1,HVAC,F1-HVAC,20.19,20.19,0.8,14.2,No,Normal simulated hourly value
2026-05-13 11:00,Building A,Floor 1,Lighting,F1-LIGHT,5.99,5.99,0.8,14.2,No,Normal simulated hourly value
2026-05-13 11:00,Building A,Floor 1,Plug Loads,F1-PLUG,8.77,8.77,0.8,14.2,No,Normal simulated hourly value
2026-05-13 11:00,Building A,Floor 2,HVAC,F2-HVAC,22.35,22.35,0.8,14.2,No,Normal simulated hourly value
2026-05-13 11:00,Building A,Floor 2,Lighting,F2-LIGHT,6.65,6.65,0.8,14.2,No,Normal simulated hourly value
2026-05-13 11:00,Building A,Floor 2,Plug Loads,F2-PLUG,9.82,9.82,0.8,14.2,No,Normal simulated hourly value
2026-05-13 11:00,Building A,Floor 3,HVAC,F3-HVAC,18.86,18.86,0.8,14.2,No,Normal simulated hourly value
2026-05-13 11:00,Building A,Floor 3,Lighting,F3-LIGHT,5.74,5.74,0.8,14.2,No,Normal simulated hourly value
2026-05-13 11:00,Building A,Floor 3,Server Room,F3-SERVER,14.32,14.32,0.8,14.2,No,Normal simulated hourly value
2026-05-13 11:00,Building A,Common Areas,Elevators,CA-ELEV,3.96,3.96,0.8,14.2,No,Normal simulated hourly value
2026-05-13 11:00,Building A,Common Areas,Fire System,CA-FIRE,0.35,0.35,0.8,14.2,No,Normal simulated hourly value
2026-05-13 11:00,Building A,Common Areas,Outdoor Lighting,CA-OUTLIGHT,0.38,0.38,0.8,14.2,No,Normal simulated hourly value
2026-05-13 12:00,Building A,Floor 1,HVAC,F1-HVAC,20.72,20.72,0.77,13.3,No,Normal simulated hourly value
2026-05-13 12:00,Building A,Floor 1,Lighting,F1-LIGHT,5.9,5.9,0.77,13.3,No,Normal simulated hourly value
2026-05-13 12:00,Building A,Floor 1,Plug Loads,F1-PLUG,8.53,8.53,0.77,13.3,No,Normal simulated hourly value
2026-05-13 12:00,Building A,Floor 2,HVAC,F2-HVAC,22.38,22.38,0.77,13.3,No,Normal simulated hourly value
2026-05-13 12:00,Building A,Floor 2,Lighting,F2-LIGHT,6.19,6.19,0.77,13.3,No,Normal simulated hourly value
2026-05-13 12:00,Building A,Floor 2,Plug Loads,F2-PLUG,9.66,9.66,0.77,13.3,No,Normal simulated hourly value
2026-05-13 12:00,Building A,Floor 3,HVAC,F3-HVAC,18.23,18.23,0.77,13.3,No,Normal simulated hourly value
2026-05-13 12:00,Building A,Floor 3,Lighting,F3-LIGHT,5.3,5.3,0.77,13.3,No,Normal simulated hourly value
2026-05-13 12:00,Building A,Floor 3,Server Room,F3-SERVER,13.21,13.21,0.77,13.3,No,Normal simulated hourly value
2026-05-13 12:00,Building A,Common Areas,Elevators,CA-ELEV,4.0,4.0,0.77,13.3,No,Normal simulated hourly value
2026-05-13 12:00,Building A,Common Areas,Fire System,CA-FIRE,0.32,0.32,0.77,13.3,No,Normal simulated hourly value
2026-05-13 12:00,Building A,Common Areas,Outdoor Lighting,CA-OUTLIGHT,0.12,0.12,0.77,13.3,No,Normal simulated hourly value
2026-05-13 13:00,Building A,Floor 1,HVAC,F1-HVAC,19.55,19.55,0.76,13.4,No,Normal simulated hourly value
2026-05-13 13:00,Building A,Floor 1,Lighting,F1-LIGHT,6.09,6.09,0.76,13.4,No,Normal simulated hourly value
2026-05-13 13:00,Building A,Floor 1,Plug Loads,F1-PLUG,8.68,8.68,0.76,13.4,No,Normal simulated hourly value
2026-05-13 13:00,Building A,Floor 2,HVAC,F2-HVAC,21.99,21.99,0.76,13.4,No,Normal simulated hourly value
2026-05-13 13:00,Building A,Floor 2,Lighting,F2-LIGHT,6.41,6.41,0.76,13.4,No,Normal simulated hourly value
2026-05-13 13:00,Building A,Floor 2,Plug Loads,F2-PLUG,9.52,9.52,0.76,13.4,No,Normal simulated hourly value
2026-05-13 13:00,Building A,Floor 3,HVAC,F3-HVAC,18.5,18.5,0.76,13.4,No,Normal simulated hourly value
2026-05-13 13:00,Building A,Floor 3,Lighting,F3-LIGHT,5.24,5.24,0.76,13.4,No,Normal simulated hourly value
2026-05-13 13:00,Building A,Floor 3,Server Room,F3-SERVER,14.6,14.6,0.76,13.4,No,Normal simulated hourly value
2026-05-13 13:00,Building A,Common Areas,Elevators,CA-ELEV,3.71,3.71,0.76,13.4,No,Normal simulated hourly value
2026-05-13 13:00,Building A,Common Areas,Fire System,CA-FIRE,0.37,0.37,0.76,13.4,No,Normal simulated hourly value
2026-05-13 13:00,Building A,Common Areas,Outdoor Lighting,CA-OUTLIGHT,0.23,0.23,0.76,13.4,No,Normal simulated hourly value
2026-05-13 14:00,Building A,Floor 1,HVAC,F1-HVAC,19.36,19.36,0.73,14.0,No,Normal simulated hourly value
2026-05-13 14:00,Building A,Floor 1,Lighting,F1-LIGHT,5.71,5.71,0.73,14.0,No,Normal simulated hourly value
2026-05-13 14:00,Building A,Floor 1,Plug Loads,F1-PLUG,8.52,8.52,0.73,14.0,No,Normal simulated hourly value
2026-05-13 14:00,Building A,Floor 2,HVAC,F2-HVAC,20.92,20.92,0.73,14.0,No,Normal simulated hourly value
2026-05-13 14:00,Building A,Floor 2,Lighting,F2-LIGHT,6.48,6.48,0.73,14.0,No,Normal simulated hourly value
2026-05-13 14:00,Building A,Floor 2,Plug Loads,F2-PLUG,8.82,8.82,0.73,14.0,No,Normal simulated hourly value
2026-05-13 14:00,Building A,Floor 3,HVAC,F3-HVAC,17.33,17.33,0.73,14.0,No,Normal simulated hourly value
2026-05-13 14:00,Building A,Floor 3,Lighting,F3-LIGHT,5.37,5.37,0.73,14.0,No,Normal simulated hourly value
2026-05-13 14:00,Building A,Floor 3,Server Room,F3-SERVER,13.4,13.4,0.73,14.0,No,Normal simulated hourly value
2026-05-13 14:00,Building A,Common Areas,Elevators,CA-ELEV,3.82,3.82,0.73,14.0,No,Normal simulated hourly value
2026-05-13 14:00,Building A,Common Areas,Fire System,CA-FIRE,0.34,0.34,0.73,14.0,No,Normal simulated hourly value
2026-05-13 14:00,Building A,Common Areas,Outdoor Lighting,CA-OUTLIGHT,0.27,0.27,0.73,14.0,No,Normal simulated hourly value
2026-05-13 15:00,Building A,Floor 1,HVAC,F1-HVAC,21.24,21.24,0.86,13.0,No,Normal simulated hourly value
2026-05-13 15:00,Building A,Floor 1,Lighting,F1-LIGHT,6.65,6.65,0.86,13.0,No,Normal simulated hourly value
2026-05-13 15:00,Building A,Floor 1,Plug Loads,F1-PLUG,9.72,9.72,0.86,13.0,No,Normal simulated hourly value
2026-05-13 15:00,Building A,Floor 2,HVAC,F2-HVAC,23.64,23.64,0.86,13.0,No,Normal simulated hourly value
2026-05-13 15:00,Building A,Floor 2,Lighting,F2-LIGHT,7.21,7.21,0.86,13.0,No,Normal simulated hourly value
2026-05-13 15:00,Building A,Floor 2,Plug Loads,F2-PLUG,10.4,10.4,0.86,13.0,No,Normal simulated hourly value
2026-05-13 15:00,Building A,Floor 3,HVAC,F3-HVAC,19.64,19.64,0.86,13.0,No,Normal simulated hourly value
2026-05-13 15:00,Building A,Floor 3,Lighting,F3-LIGHT,5.98,5.98,0.86,13.0,No,Normal simulated hourly value
2026-05-13 15:00,Building A,Floor 3,Server Room,F3-SERVER,13.51,13.51,0.86,13.0,No,Normal simulated hourly value
2026-05-13 15:00,Building A,Common Areas,Elevators,CA-ELEV,4.29,4.29,0.86,13.0,No,Normal simulated hourly value
2026-05-13 15:00,Building A,Common Areas,Fire System,CA-FIRE,0.33,0.33,0.86,13.0,No,Normal simulated hourly value
2026-05-13 15:00,Building A,Common Areas,Outdoor Lighting,CA-OUTLIGHT,0.33,0.33,0.86,13.0,No,Normal simulated hourly value
2026-05-13 16:00,Building A,Floor 1,HVAC,F1-HVAC,21.05,21.05,0.76,12.4,No,Normal simulated hourly value
2026-05-13 16:00,Building A,Floor 1,Lighting,F1-LIGHT,5.69,5.69,0.76,12.4,No,Normal simulated hourly value
2026-05-13 16:00,Building A,Floor 1,Plug Loads,F1-PLUG,8.86,8.86,0.76,12.4,No,Normal simulated hourly value
2026-05-13 16:00,Building A,Floor 2,HVAC,F2-HVAC,21.7,21.7,0.76,12.4,No,Normal simulated hourly value
2026-05-13 16:00,Building A,Floor 2,Lighting,F2-LIGHT,6.18,6.18,0.76,12.4,No,Normal simulated hourly value
2026-05-13 16:00,Building A,Floor 2,Plug Loads,F2-PLUG,9.5,9.5,0.76,12.4,No,Normal simulated hourly value
2026-05-13 16:00,Building A,Floor 3,HVAC,F3-HVAC,19.27,19.27,0.76,12.4,No,Normal simulated hourly value
2026-05-13 16:00,Building A,Floor 3,Lighting,F3-LIGHT,5.5,5.5,0.76,12.4,No,Normal simulated hourly value
2026-05-13 16:00,Building A,Floor 3,Server Room,F3-SERVER,13.91,13.91,0.76,12.4,No,Normal simulated hourly value
2026-05-13 16:00,Building A,Common Areas,Elevators,CA-ELEV,3.82,3.82,0.76,12.4,No,Normal simulated hourly value
2026-05-13 16:00,Building A,Common Areas,Fire System,CA-FIRE,0.34,0.34,0.76,12.4,No,Normal simulated hourly value
2026-05-13 16:00,Building A,Common Areas,Outdoor Lighting,CA-OUTLIGHT,0.38,0.38,0.76,12.4,No,Normal simulated hourly value
2026-05-13 17:00,Building A,Floor 1,HVAC,F1-HVAC,22.94,22.94,0.89,12.5,No,Normal simulated hourly value
2026-05-13 17:00,Building A,Floor 1,Lighting,F1-LIGHT,8.5,8.5,0.89,12.5,No,Normal simulated hourly value
2026-05-13 17:00,Building A,Floor 1,Plug Loads,F1-PLUG,9.68,9.68,0.89,12.5,No,Normal simulated hourly value
2026-05-13 17:00,Building A,Floor 2,HVAC,F2-HVAC,24.26,24.26,0.89,12.5,No,Normal simulated hourly value
2026-05-13 17:00,Building A,Floor 2,Lighting,F2-LIGHT,8.95,8.95,0.89,12.5,No,Normal simulated hourly value
2026-05-13 17:00,Building A,Floor 2,Plug Loads,F2-PLUG,10.64,10.64,0.89,12.5,No,Normal simulated hourly value
2026-05-13 17:00,Building A,Floor 3,HVAC,F3-HVAC,20.26,20.26,0.89,12.5,No,Normal simulated hourly value
2026-05-13 17:00,Building A,Floor 3,Lighting,F3-LIGHT,7.53,7.53,0.89,12.5,No,Normal simulated hourly value
2026-05-13 17:00,Building A,Floor 3,Server Room,F3-SERVER,13.56,13.56,0.89,12.5,No,Normal simulated hourly value
2026-05-13 17:00,Building A,Common Areas,Elevators,CA-ELEV,4.54,4.54,0.89,12.5,No,Normal simulated hourly value
2026-05-13 17:00,Building A,Common Areas,Fire System,CA-FIRE,0.37,0.37,0.89,12.5,No,Normal simulated hourly value
2026-05-13 17:00,Building A,Common Areas,Outdoor Lighting,CA-OUTLIGHT,0.49,0.49,0.89,12.5,No,Normal simulated hourly value
2026-05-13 18:00,Building A,Floor 1,HVAC,F1-HVAC,15.28,15.28,0.37,11.9,No,Normal simulated hourly value
2026-05-13 18:00,Building A,Floor 1,Lighting,F1-LIGHT,4.1,4.1,0.37,11.9,No,Normal simulated hourly value
2026-05-13 18:00,Building A,Floor 1,Plug Loads,F1-PLUG,5.6,5.6,0.37,11.9,No,Normal simulated hourly value
2026-05-13 18:00,Building A,Floor 2,HVAC,F2-HVAC,16.71,16.71,0.37,11.9,No,Normal simulated hourly value
2026-05-13 18:00,Building A,Floor 2,Lighting,F2-LIGHT,4.6,4.6,0.37,11.9,No,Normal simulated hourly value
2026-05-13 18:00,Building A,Floor 2,Plug Loads,F2-PLUG,5.58,5.58,0.37,11.9,No,Normal simulated hourly value
2026-05-13 18:00,Building A,Floor 3,HVAC,F3-HVAC,14.14,14.14,0.37,11.9,No,Normal simulated hourly value
2026-05-13 18:00,Building A,Floor 3,Lighting,F3-LIGHT,3.92,3.92,0.37,11.9,No,Normal simulated hourly value
2026-05-13 18:00,Building A,Floor 3,Server Room,F3-SERVER,12.91,12.91,0.37,11.9,No,Normal simulated hourly value
2026-05-13 18:00,Building A,Common Areas,Elevators,CA-ELEV,2.4,2.4,0.37,11.9,No,Normal simulated hourly value
2026-05-13 18:00,Building A,Common Areas,Fire System,CA-FIRE,0.34,0.34,0.37,11.9,No,Normal simulated hourly value
2026-05-13 18:00,Building A,Common Areas,Outdoor Lighting,CA-OUTLIGHT,0.32,0.32,0.37,11.9,No,Normal simulated hourly value
2026-05-13 19:00,Building A,Floor 1,HVAC,F1-HVAC,15.88,15.88,0.4,10.4,No,Normal simulated hourly value
2026-05-13 19:00,Building A,Floor 1,Lighting,F1-LIGHT,4.57,4.57,0.4,10.4,No,Normal simulated hourly value
2026-05-13 19:00,Building A,Floor 1,Plug Loads,F1-PLUG,5.5,5.5,0.4,10.4,No,Normal simulated hourly value
2026-05-13 19:00,Building A,Floor 2,HVAC,F2-HVAC,17.36,17.36,0.4,10.4,No,Normal simulated hourly value
2026-05-13 19:00,Building A,Floor 2,Lighting,F2-LIGHT,5.12,5.12,0.4,10.4,No,Normal simulated hourly value
2026-05-13 19:00,Building A,Floor 2,Plug Loads,F2-PLUG,6.21,6.21,0.4,10.4,No,Normal simulated hourly value
2026-05-13 19:00,Building A,Floor 3,HVAC,F3-HVAC,15.0,15.0,0.4,10.4,No,Normal simulated hourly value
2026-05-13 19:00,Building A,Floor 3,Lighting,F3-LIGHT,4.0,4.0,0.4,10.4,No,Normal simulated hourly value
2026-05-13 19:00,Building A,Floor 3,Server Room,F3-SERVER,13.18,13.18,0.4,10.4,No,Normal simulated hourly value
2026-05-13 19:00,Building A,Common Areas,Elevators,CA-ELEV,2.43,2.43,0.4,10.4,No,Normal simulated hourly value
2026-05-13 19:00,Building A,Common Areas,Fire System,CA-FIRE,0.34,0.34,0.4,10.4,No,Normal simulated hourly value
2026-05-13 19:00,Building A,Common Areas,Outdoor Lighting,CA-OUTLIGHT,1.04,1.04,0.4,10.4,No,Normal simulated hourly value
2026-05-13 20:00,Building A,Floor 1,HVAC,F1-HVAC,15.12,15.12,0.3,10.3,No,Normal simulated hourly value
2026-05-13 20:00,Building A,Floor 1,Lighting,F1-LIGHT,4.81,4.81,0.3,10.3,No,Normal simulated hourly value
2026-05-13 20:00,Building A,Floor 1,Plug Loads,F1-PLUG,4.71,4.71,0.3,10.3,No,Normal simulated hourly value
2026-05-13 20:00,Building A,Floor 2,HVAC,F2-HVAC,15.74,15.74,0.3,10.3,No,Normal simulated hourly value
2026-05-13 20:00,Building A,Floor 2,Lighting,F2-LIGHT,5.55,5.55,0.3,10.3,No,Normal simulated hourly value
2026-05-13 20:00,Building A,Floor 2,Plug Loads,F2-PLUG,5.12,5.12,0.3,10.3,No,Normal simulated hourly value
2026-05-13 20:00,Building A,Floor 3,HVAC,F3-HVAC,13.83,13.83,0.3,10.3,No,Normal simulated hourly value
2026-05-13 20:00,Building A,Floor 3,Lighting,F3-LIGHT,4.36,4.36,0.3,10.3,No,Normal simulated hourly value
2026-05-13 20:00,Building A,Floor 3,Server Room,F3-SERVER,13.98,13.98,0.3,10.3,No,Normal simulated hourly value
2026-05-13 20:00,Building A,Common Areas,Elevators,CA-ELEV,1.76,1.76,0.3,10.3,No,Normal simulated hourly value
2026-05-13 20:00,Building A,Common Areas,Fire System,CA-FIRE,0.33,0.33,0.3,10.3,No,Normal simulated hourly value
2026-05-13 20:00,Building A,Common Areas,Outdoor Lighting,CA-OUTLIGHT,4.68,4.68,0.3,10.3,No,Normal simulated hourly value
2026-05-13 21:00,Building A,Floor 1,HVAC,F1-HVAC,11.47,11.47,0.03,9.7,No,Normal simulated hourly value
2026-05-13 21:00,Building A,Floor 1,Lighting,F1-LIGHT,1.54,1.54,0.03,9.7,No,Normal simulated hourly value
2026-05-13 21:00,Building A,Floor 1,Plug Loads,F1-PLUG,2.38,2.38,0.03,9.7,No,Normal simulated hourly value
2026-05-13 21:00,Building A,Floor 2,HVAC,F2-HVAC,12.31,12.31,0.03,9.7,No,Normal simulated hourly value
2026-05-13 21:00,Building A,Floor 2,Lighting,F2-LIGHT,1.87,1.87,0.03,9.7,No,Normal simulated hourly value
2026-05-13 21:00,Building A,Floor 2,Plug Loads,F2-PLUG,2.85,2.85,0.03,9.7,No,Normal simulated hourly value
2026-05-13 21:00,Building A,Floor 3,HVAC,F3-HVAC,10.64,10.64,0.03,9.7,No,Normal simulated hourly value
2026-05-13 21:00,Building A,Floor 3,Lighting,F3-LIGHT,1.34,1.34,0.03,9.7,No,Normal simulated hourly value
2026-05-13 21:00,Building A,Floor 3,Server Room,F3-SERVER,12.98,12.98,0.03,9.7,No,Normal simulated hourly value
2026-05-13 21:00,Building A,Common Areas,Elevators,CA-ELEV,0.63,0.63,0.03,9.7,No,Normal simulated hourly value
2026-05-13 21:00,Building A,Common Areas,Fire System,CA-FIRE,0.37,0.37,0.03,9.7,No,Normal simulated hourly value
2026-05-13 21:00,Building A,Common Areas,Outdoor Lighting,CA-OUTLIGHT,4.84,4.84,0.03,9.7,No,Normal simulated hourly value
2026-05-13 22:00,Building A,Floor 1,HVAC,F1-HVAC,11.24,11.24,0.07,9.8,No,Normal simulated hourly value
2026-05-13 22:00,Building A,Floor 1,Lighting,F1-LIGHT,1.76,1.76,0.07,9.8,No,Normal simulated hourly value
2026-05-13 22:00,Building A,Floor 1,Plug Loads,F1-PLUG,2.69,2.69,0.07,9.8,No,Normal simulated hourly value
2026-05-13 22:00,Building A,Floor 2,HVAC,F2-HVAC,13.0,13.0,0.07,9.8,No,Normal simulated hourly value
2026-05-13 22:00,Building A,Floor 2,Lighting,F2-LIGHT,2.28,2.28,0.07,9.8,No,Normal simulated hourly value
2026-05-13 22:00,Building A,Floor 2,Plug Loads,F2-PLUG,3.22,3.22,0.07,9.8,No,Normal simulated hourly value
2026-05-13 22:00,Building A,Floor 3,HVAC,F3-HVAC,11.27,11.27,0.07,9.8,No,Normal simulated hourly value
2026-05-13 22:00,Building A,Floor 3,Lighting,F3-LIGHT,1.64,1.64,0.07,9.8,No,Normal simulated hourly value
2026-05-13 22:00,Building A,Floor 3,Server Room,F3-SERVER,13.34,13.34,0.07,9.8,No,Normal simulated hourly value
2026-05-13 22:00,Building A,Common Areas,Elevators,CA-ELEV,1.03,1.03,0.07,9.8,No,Normal simulated hourly value
2026-05-13 22:00,Building A,Common Areas,Fire System,CA-FIRE,0.34,0.34,0.07,9.8,No,Normal simulated hourly value
2026-05-13 22:00,Building A,Common Areas,Outdoor Lighting,CA-OUTLIGHT,4.72,4.72,0.07,9.8,No,Normal simulated hourly value
2026-05-13 23:00,Building A,Floor 1,HVAC,F1-HVAC,11.7,11.7,0.05,9.2,No,Normal simulated hourly value
2026-05-13 23:00,Building A,Floor 1,Lighting,F1-LIGHT,1.66,1.66,0.05,9.2,No,Normal simulated hourly value
2026-05-13 23:00,Building A,Floor 1,Plug Loads,F1-PLUG,2.63,2.63,0.05,9.2,No,Normal simulated hourly value
2026-05-13 23:00,Building A,Floor 2,HVAC,F2-HVAC,13.11,13.11,0.05,9.2,No,Normal simulated hourly value
2026-05-13 23:00,Building A,Floor 2,Lighting,F2-LIGHT,1.95,1.95,0.05,9.2,No,Normal simulated hourly value
2026-05-13 23:00,Building A,Floor 2,Plug Loads,F2-PLUG,2.97,2.97,0.05,9.2,No,Normal simulated hourly value
2026-05-13 23:00,Building A,Floor 3,HVAC,F3-HVAC,11.13,11.13,0.05,9.2,No,Normal simulated hourly value
2026-05-13 23:00,Building A,Floor 3,Lighting,F3-LIGHT,1.93,1.93,0.05,9.2,No,Normal simulated hourly value
2026-05-13 23:00,Building A,Floor 3,Server Room,F3-SERVER,13.16,13.16,0.05,9.2,No,Normal simulated hourly value
2026-05-13 23:00,Building A,Common Areas,Elevators,CA-ELEV,0.79,0.79,0.05,9.2,No,Normal simulated hourly value
2026-05-13 23:00,Building A,Common Areas,Fire System,CA-FIRE,0.37,0.37,0.05,9.2,No,Normal simulated hourly value
2026-05-13 23:00,Building A,Common Areas,Outdoor Lighting,CA-OUTLIGHT,4.64,4.64,0.05,9.2,No,Normal simulated hourly value
2026-05-14 00:00,Building A,Floor 1,HVAC,F1-HVAC,11.97,11.97,0.07,9.9,No,Normal simulated hourly value
2026-05-14 00:00,Building A,Floor 1,Lighting,F1-LIGHT,2.2,2.2,0.07,9.9,No,Normal simulated hourly value
2026-05-14 00:00,Building A,Floor 1,Plug Loads,F1-PLUG,2.76,2.76,0.07,9.9,No,Normal simulated hourly value
2026-05-14 00:00,Building A,Floor 2,HVAC,F2-HVAC,13.1,13.1,0.07,9.9,No,Normal simulated hourly value
2026-05-14 00:00,Building A,Floor 2,Lighting,F2-LIGHT,2.25,2.25,0.07,9.9,No,Normal simulated hourly value
2026-05-14 00:00,Building A,Floor 2,Plug Loads,F2-PLUG,3.1,3.1,0.07,9.9,No,Normal simulated hourly value
2026-05-14 00:00,Building A,Floor 3,HVAC,F3-HVAC,10.88,10.88,0.07,9.9,No,Normal simulated hourly value
2026-05-14 00:00,Building A,Floor 3,Lighting,F3-LIGHT,2.1,2.1,0.07,9.9,No,Normal simulated hourly value
2026-05-14 00:00,Building A,Floor 3,Server Room,F3-SERVER,13.17,13.17,0.07,9.9,No,Normal simulated hourly value
2026-05-14 00:00,Building A,Common Areas,Elevators,CA-ELEV,0.82,0.82,0.07,9.9,No,Normal simulated hourly value
2026-05-14 00:00,Building A,Common Areas,Fire System,CA-FIRE,0.34,0.34,0.07,9.9,No,Normal simulated hourly value
2026-05-14 00:00,Building A,Common Areas,Outdoor Lighting,CA-OUTLIGHT,4.58,4.58,0.07,9.9,No,Normal simulated hourly value
2026-05-14 01:00,Building A,Floor 1,HVAC,F1-HVAC,11.59,11.59,0.06,9.6,No,Normal simulated hourly value
2026-05-14 01:00,Building A,Floor 1,Lighting,F1-LIGHT,1.7,1.7,0.06,9.6,No,Normal simulated hourly value
2026-05-14 01:00,Building A,Floor 1,Plug Loads,F1-PLUG,2.91,2.91,0.06,9.6,No,Normal simulated hourly value
2026-05-14 01:00,Building A,Floor 2,HVAC,F2-HVAC,12.07,12.07,0.06,9.6,No,Normal simulated hourly value
2026-05-14 01:00,Building A,Floor 2,Lighting,F2-LIGHT,2.34,2.34,0.06,9.6,No,Normal simulated hourly value
2026-05-14 01:00,Building A,Floor 2,Plug Loads,F2-PLUG,3.14,3.14,0.06,9.6,No,Normal simulated hourly value
2026-05-14 01:00,Building A,Floor 3,HVAC,F3-HVAC,10.86,10.86,0.06,9.6,No,Normal simulated hourly value
2026-05-14 01:00,Building A,Floor 3,Lighting,F3-LIGHT,1.81,1.81,0.06,9.6,No,Normal simulated hourly value
2026-05-14 01:00,Building A,Floor 3,Server Room,F3-SERVER,13.9,13.9,0.06,9.6,No,Normal simulated hourly value
2026-05-14 01:00,Building A,Common Areas,Elevators,CA-ELEV,1.07,1.07,0.06,9.6,No,Normal simulated hourly value
2026-05-14 01:00,Building A,Common Areas,Fire System,CA-FIRE,0.35,0.35,0.06,9.6,No,Normal simulated hourly value
2026-05-14 01:00,Building A,Common Areas,Outdoor Lighting,CA-OUTLIGHT,4.88,4.88,0.06,9.6,No,Normal simulated hourly value
2026-05-14 02:00,Building A,Floor 1,HVAC,F1-HVAC,11.38,11.38,0.07,9.6,No,Normal simulated hourly value
2026-05-14 02:00,Building A,Floor 1,Lighting,F1-LIGHT,1.78,1.78,0.07,9.6,No,Normal simulated hourly value
2026-05-14 02:00,Building A,Floor 1,Plug Loads,F1-PLUG,2.56,2.56,0.07,9.6,No,Normal simulated hourly value
2026-05-14 02:00,Building A,Floor 2,HVAC,F2-HVAC,13.22,13.22,0.07,9.6,No,Normal simulated hourly value
2026-05-14 02:00,Building A,Floor 2,Lighting,F2-LIGHT,2.12,2.12,0.07,9.6,No,Normal simulated hourly value
2026-05-14 02:00,Building A,Floor 2,Plug Loads,F2-PLUG,3.15,3.15,0.07,9.6,No,Normal simulated hourly value
2026-05-14 02:00,Building A,Floor 3,HVAC,F3-HVAC,10.86,10.86,0.07,9.6,No,Normal simulated hourly value
2026-05-14 02:00,Building A,Floor 3,Lighting,F3-LIGHT,1.69,1.69,0.07,9.6,No,Normal simulated hourly value
2026-05-14 02:00,Building A,Floor 3,Server Room,F3-SERVER,13.69,13.69,0.07,9.6,No,Normal simulated hourly value
2026-05-14 02:00,Building A,Common Areas,Elevators,CA-ELEV,0.97,0.97,0.07,9.6,No,Normal simulated hourly value
2026-05-14 02:00,Building A,Common Areas,Fire System,CA-FIRE,0.33,0.33,0.07,9.6,No,Normal simulated hourly value
2026-05-14 02:00,Building A,Common Areas,Outdoor Lighting,CA-OUTLIGHT,4.69,4.69,0.07,9.6,No,Normal simulated hourly value
2026-05-14 03:00,Building A,Floor 1,HVAC,F1-HVAC,11.54,11.54,0.06,10.1,No,Normal simulated hourly value
2026-05-14 03:00,Building A,Floor 1,Lighting,F1-LIGHT,2.14,2.14,0.06,10.1,No,Normal simulated hourly value
2026-05-14 03:00,Building A,Floor 1,Plug Loads,F1-PLUG,2.8,2.8,0.06,10.1,No,Normal simulated hourly value
2026-05-14 03:00,Building A,Floor 2,HVAC,F2-HVAC,11.82,11.82,0.06,10.1,No,Normal simulated hourly value
2026-05-14 03:00,Building A,Floor 2,Lighting,F2-LIGHT,1.88,1.88,0.06,10.1,No,Normal simulated hourly value
2026-05-14 03:00,Building A,Floor 2,Plug Loads,F2-PLUG,3.03,3.03,0.06,10.1,No,Normal simulated hourly value
2026-05-14 03:00,Building A,Floor 3,HVAC,F3-HVAC,10.25,10.25,0.06,10.1,No,Normal simulated hourly value
2026-05-14 03:00,Building A,Floor 3,Lighting,F3-LIGHT,1.94,1.94,0.06,10.1,No,Normal simulated hourly value
2026-05-14 03:00,Building A,Floor 3,Server Room,F3-SERVER,14.53,14.53,0.06,10.1,No,Normal simulated hourly value
2026-05-14 03:00,Building A,Common Areas,Elevators,CA-ELEV,1.1,1.1,0.06,10.1,No,Normal simulated hourly value
2026-05-14 03:00,Building A,Common Areas,Fire System,CA-FIRE,0.35,0.35,0.06,10.1,No,Normal simulated hourly value
2026-05-14 03:00,Building A,Common Areas,Outdoor Lighting,CA-OUTLIGHT,4.72,4.72,0.06,10.1,No,Normal simulated hourly value
2026-05-14 04:00,Building A,Floor 1,HVAC,F1-HVAC,11.24,11.24,0.09,11.2,No,Normal simulated hourly value
2026-05-14 04:00,Building A,Floor 1,Lighting,F1-LIGHT,3.46,3.46,0.09,11.2,No,Normal simulated hourly value
2026-05-14 04:00,Building A,Floor 1,Plug Loads,F1-PLUG,3.23,3.23,0.09,11.2,No,Normal simulated hourly value
2026-05-14 04:00,Building A,Floor 2,HVAC,F2-HVAC,12.05,12.05,0.09,11.2,No,Normal simulated hourly value
2026-05-14 04:00,Building A,Floor 2,Lighting,F2-LIGHT,3.6,3.6,0.09,11.2,No,Normal simulated hourly value
2026-05-14 04:00,Building A,Floor 2,Plug Loads,F2-PLUG,3.38,3.38,0.09,11.2,No,Normal simulated hourly value
2026-05-14 04:00,Building A,Floor 3,HVAC,F3-HVAC,10.83,10.83,0.09,11.2,No,Normal simulated hourly value
2026-05-14 04:00,Building A,Floor 3,Lighting,F3-LIGHT,3.23,3.23,0.09,11.2,No,Normal simulated hourly value
2026-05-14 04:00,Building A,Floor 3,Server Room,F3-SERVER,14.23,14.23,0.09,11.2,No,Normal simulated hourly value
2026-05-14 04:00,Building A,Common Areas,Elevators,CA-ELEV,1.15,1.15,0.09,11.2,No,Normal simulated hourly value
2026-05-14 04:00,Building A,Common Areas,Fire System,CA-FIRE,0.36,0.36,0.09,11.2,No,Normal simulated hourly value
2026-05-14 04:00,Building A,Common Areas,Outdoor Lighting,CA-OUTLIGHT,4.73,4.73,0.09,11.2,No,Normal simulated hourly value
2026-05-14 05:00,Building A,Floor 1,HVAC,F1-HVAC,10.53,10.53,0.05,11.0,No,Normal simulated hourly value
2026-05-14 05:00,Building A,Floor 1,Lighting,F1-LIGHT,2.16,2.16,0.05,11.0,No,Normal simulated hourly value
2026-05-14 05:00,Building A,Floor 1,Plug Loads,F1-PLUG,2.62,2.62,0.05,11.0,No,Normal simulated hourly value
2026-05-14 05:00,Building A,Floor 2,HVAC,F2-HVAC,11.42,11.42,0.05,11.0,No,Normal simulated hourly value
2026-05-14 05:00,Building A,Floor 2,Lighting,F2-LIGHT,1.82,1.82,0.05,11.0,No,Normal simulated hourly value
2026-05-14 05:00,Building A,Floor 2,Plug Loads,F2-PLUG,2.58,2.58,0.05,11.0,No,Normal simulated hourly value
2026-05-14 05:00,Building A,Floor 3,HVAC,F3-HVAC,10.42,10.42,0.05,11.0,No,Normal simulated hourly value
2026-05-14 05:00,Building A,Floor 3,Lighting,F3-LIGHT,1.5,1.5,0.05,11.0,No,Normal simulated hourly value
2026-05-14 05:00,Building A,Floor 3,Server Room,F3-SERVER,14.4,14.4,0.05,11.0,No,Normal simulated hourly value
2026-05-14 05:00,Building A,Common Areas,Elevators,CA-ELEV,1.06,1.06,0.05,11.0,No,Normal simulated hourly value
2026-05-14 05:00,Building A,Common Areas,Fire System,CA-FIRE,0.34,0.34,0.05,11.0,No,Normal simulated hourly value
2026-05-14 05:00,Building A,Common Areas,Outdoor Lighting,CA-OUTLIGHT,4.62,4.62,0.05,11.0,No,Normal simulated hourly value
2026-05-14 06:00,Building A,Floor 1,HVAC,F1-HVAC,14.34,14.34,0.28,11.6,No,Normal simulated hourly value
2026-05-14 06:00,Building A,Floor 1,Lighting,F1-LIGHT,3.85,3.85,0.28,11.6,No,Normal simulated hourly value
2026-05-14 06:00,Building A,Floor 1,Plug Loads,F1-PLUG,4.77,4.77,0.28,11.6,No,Normal simulated hourly value
2026-05-14 06:00,Building A,Floor 2,HVAC,F2-HVAC,14.65,14.65,0.28,11.6,No,Normal simulated hourly value
2026-05-14 06:00,Building A,Floor 2,Lighting,F2-LIGHT,3.94,3.94,0.28,11.6,No,Normal simulated hourly value
2026-05-14 06:00,Building A,Floor 2,Plug Loads,F2-PLUG,4.89,4.89,0.28,11.6,No,Normal simulated hourly value
2026-05-14 06:00,Building A,Floor 3,HVAC,F3-HVAC,13.04,13.04,0.28,11.6,No,Normal simulated hourly value
2026-05-14 06:00,Building A,Floor 3,Lighting,F3-LIGHT,3.23,3.23,0.28,11.6,No,Normal simulated hourly value
2026-05-14 06:00,Building A,Floor 3,Server Room,F3-SERVER,13.41,13.41,0.28,11.6,No,Normal simulated hourly value
2026-05-14 06:00,Building A,Common Areas,Elevators,CA-ELEV,1.98,1.98,0.28,11.6,No,Normal simulated hourly value
2026-05-14 06:00,Building A,Common Areas,Fire System,CA-FIRE,0.35,0.35,0.28,11.6,No,Normal simulated hourly value
2026-05-14 06:00,Building A,Common Areas,Outdoor Lighting,CA-OUTLIGHT,1.2,1.2,0.28,11.6,No,Normal simulated hourly value
2026-05-14 07:00,Building A,Floor 1,HVAC,F1-HVAC,15.5,15.5,0.42,12.3,No,Normal simulated hourly value
2026-05-14 07:00,Building A,Floor 1,Lighting,F1-LIGHT,5.04,5.04,0.42,12.3,No,Normal simulated hourly value
2026-05-14 07:00,Building A,Floor 1,Plug Loads,F1-PLUG,6.06,6.06,0.42,12.3,No,Normal simulated hourly value
2026-05-14 07:00,Building A,Floor 2,HVAC,F2-HVAC,16.86,16.86,0.42,12.3,No,Normal simulated hourly value
2026-05-14 07:00,Building A,Floor 2,Lighting,F2-LIGHT,5.03,5.03,0.42,12.3,No,Normal simulated hourly value
2026-05-14 07:00,Building A,Floor 2,Plug Loads,F2-PLUG,6.16,6.16,0.42,12.3,No,Normal simulated hourly value
2026-05-14 07:00,Building A,Floor 3,HVAC,F3-HVAC,14.44,14.44,0.42,12.3,No,Normal simulated hourly value
2026-05-14 07:00,Building A,Floor 3,Lighting,F3-LIGHT,4.67,4.67,0.42,12.3,No,Normal simulated hourly value
2026-05-14 07:00,Building A,Floor 3,Server Room,F3-SERVER,14.34,14.34,0.42,12.3,No,Normal simulated hourly value
2026-05-14 07:00,Building A,Common Areas,Elevators,CA-ELEV,2.32,2.32,0.42,12.3,No,Normal simulated hourly value
2026-05-14 07:00,Building A,Common Areas,Fire System,CA-FIRE,0.36,0.36,0.42,12.3,No,Normal simulated hourly value
2026-05-14 07:00,Building A,Common Areas,Outdoor Lighting,CA-OUTLIGHT,0.28,0.28,0.42,12.3,No,Normal simulated hourly value
2026-05-14 08:00,Building A,Floor 1,HVAC,F1-HVAC,23.14,23.14,0.91,12.4,No,Normal simulated hourly value
2026-05-14 08:00,Building A,Floor 1,Lighting,F1-LIGHT,8.47,8.47,0.91,12.4,No,Normal simulated hourly value
2026-05-14 08:00,Building A,Floor 1,Plug Loads,F1-PLUG,10.09,10.09,0.91,12.4,No,Normal simulated hourly value
2026-05-14 08:00,Building A,Floor 2,HVAC,F2-HVAC,24.26,24.26,0.91,12.4,No,Normal simulated hourly value
2026-05-14 08:00,Building A,Floor 2,Lighting,F2-LIGHT,9.53,9.53,0.91,12.4,No,Normal simulated hourly value
2026-05-14 08:00,Building A,Floor 2,Plug Loads,F2-PLUG,10.52,10.52,0.91,12.4,No,Normal simulated hourly value
2026-05-14 08:00,Building A,Floor 3,HVAC,F3-HVAC,20.82,20.82,0.91,12.4,No,Normal simulated hourly value
2026-05-14 08:00,Building A,Floor 3,Lighting,F3-LIGHT,8.18,8.18,0.91,12.4,No,Normal simulated hourly value
2026-05-14 08:00,Building A,Floor 3,Server Room,F3-SERVER,13.71,13.71,0.91,12.4,No,Normal simulated hourly value
2026-05-14 08:00,Building A,Common Areas,Elevators,CA-ELEV,4.46,4.46,0.91,12.4,No,Normal simulated hourly value
2026-05-14 08:00,Building A,Common Areas,Fire System,CA-FIRE,0.32,0.32,0.91,12.4,No,Normal simulated hourly value
2026-05-14 08:00,Building A,Common Areas,Outdoor Lighting,CA-OUTLIGHT,0.12,0.12,0.91,12.4,No,Normal simulated hourly value
2026-05-14 09:00,Building A,Floor 1,HVAC,F1-HVAC,20.02,20.02,0.81,13.9,No,Normal simulated hourly value
2026-05-14 09:00,Building A,Floor 1,Lighting,F1-LIGHT,8.08,8.08,0.81,13.9,No,Normal simulated hourly value
2026-05-14 09:00,Building A,Floor 1,Plug Loads,F1-PLUG,9.29,9.29,0.81,13.9,No,Normal simulated hourly value
2026-05-14 09:00,Building A,Floor 2,HVAC,F2-HVAC,22.42,22.42,0.81,13.9,No,Normal simulated hourly value
2026-05-14 09:00,Building A,Floor 2,Lighting,F2-LIGHT,8.62,8.62,0.81,13.9,No,Normal simulated hourly value
2026-05-14 09:00,Building A,Floor 2,Plug Loads,F2-PLUG,9.59,9.59,0.81,13.9,No,Normal simulated hourly value
2026-05-14 09:00,Building A,Floor 3,HVAC,F3-HVAC,18.69,18.69,0.81,13.9,No,Normal simulated hourly value
2026-05-14 09:00,Building A,Floor 3,Lighting,F3-LIGHT,7.39,7.39,0.81,13.9,No,Normal simulated hourly value
2026-05-14 09:00,Building A,Floor 3,Server Room,F3-SERVER,13.15,13.15,0.81,13.9,No,Normal simulated hourly value
2026-05-14 09:00,Building A,Common Areas,Elevators,CA-ELEV,4.18,4.18,0.81,13.9,No,Normal simulated hourly value
2026-05-14 09:00,Building A,Common Areas,Fire System,CA-FIRE,0.32,0.32,0.81,13.9,No,Normal simulated hourly value
2026-05-14 09:00,Building A,Common Areas,Outdoor Lighting,CA-OUTLIGHT,0.13,0.13,0.81,13.9,No,Normal simulated hourly value
2026-05-14 10:00,Building A,Floor 1,HVAC,F1-HVAC,21.35,21.35,0.85,14.1,No,Normal simulated hourly value
2026-05-14 10:00,Building A,Floor 1,Lighting,F1-LIGHT,6.49,6.49,0.85,14.1,No,Normal simulated hourly value
2026-05-14 10:00,Building A,Floor 1,Plug Loads,F1-PLUG,9.19,9.19,0.85,14.1,No,Normal simulated hourly value
2026-05-14 10:00,Building A,Floor 2,HVAC,F2-HVAC,22.51,22.51,0.85,14.1,No,Normal simulated hourly value
2026-05-14 10:00,Building A,Floor 2,Lighting,F2-LIGHT,6.87,6.87,0.85,14.1,No,Normal simulated hourly value
2026-05-14 10:00,Building A,Floor 2,Plug Loads,F2-PLUG,9.91,9.91,0.85,14.1,No,Normal simulated hourly value
2026-05-14 10:00,Building A,Floor 3,HVAC,F3-HVAC,19.3,19.3,0.85,14.1,No,Normal simulated hourly value
2026-05-14 10:00,Building A,Floor 3,Lighting,F3-LIGHT,6.13,6.13,0.85,14.1,No,Normal simulated hourly value
2026-05-14 10:00,Building A,Floor 3,Server Room,F3-SERVER,13.1,13.1,0.85,14.1,No,Normal simulated hourly value
2026-05-14 10:00,Building A,Common Areas,Elevators,CA-ELEV,4.43,4.43,0.85,14.1,No,Normal simulated hourly value
2026-05-14 10:00,Building A,Common Areas,Fire System,CA-FIRE,0.32,0.32,0.85,14.1,No,Normal simulated hourly value
2026-05-14 10:00,Building A,Common Areas,Outdoor Lighting,CA-OUTLIGHT,0.12,0.12,0.85,14.1,No,Normal simulated hourly value
2026-05-14 11:00,Building A,Floor 1,HVAC,F1-HVAC,21.1,21.1,0.82,13.4,No,Normal simulated hourly value
2026-05-14 11:00,Building A,Floor 1,Lighting,F1-LIGHT,6.14,6.14,0.82,13.4,No,Normal simulated hourly value
2026-05-14 11:00,Building A,Floor 1,Plug Loads,F1-PLUG,9.12,9.12,0.82,13.4,No,Normal simulated hourly value
2026-05-14 11:00,Building A,Floor 2,HVAC,F2-HVAC,22.83,22.83,0.82,13.4,No,Normal simulated hourly value
2026-05-14 11:00,Building A,Floor 2,Lighting,F2-LIGHT,6.55,6.55,0.82,13.4,No,Normal simulated hourly value
2026-05-14 11:00,Building A,Floor 2,Plug Loads,F2-PLUG,10.19,10.19,0.82,13.4,No,Normal simulated hourly value
2026-05-14 11:00,Building A,Floor 3,HVAC,F3-HVAC,18.76,18.76,0.82,13.4,No,Normal simulated hourly value
2026-05-14 11:00,Building A,Floor 3,Lighting,F3-LIGHT,5.81,5.81,0.82,13.4,No,Normal simulated hourly value
2026-05-14 11:00,Building A,Floor 3,Server Room,F3-SERVER,14.68,14.68,0.82,13.4,No,Normal simulated hourly value
2026-05-14 11:00,Building A,Common Areas,Elevators,CA-ELEV,4.17,4.17,0.82,13.4,No,Normal simulated hourly value
2026-05-14 11:00,Building A,Common Areas,Fire System,CA-FIRE,0.35,0.35,0.82,13.4,No,Normal simulated hourly value
2026-05-14 11:00,Building A,Common Areas,Outdoor Lighting,CA-OUTLIGHT,0.49,0.49,0.82,13.4,No,Normal simulated hourly value
2026-05-14 12:00,Building A,Floor 1,HVAC,F1-HVAC,19.72,19.72,0.72,13.7,No,Normal simulated hourly value
2026-05-14 12:00,Building A,Floor 1,Lighting,F1-LIGHT,5.62,5.62,0.72,13.7,No,Normal simulated hourly value
2026-05-14 12:00,Building A,Floor 1,Plug Loads,F1-PLUG,8.46,8.46,0.72,13.7,No,Normal simulated hourly value
2026-05-14 12:00,Building A,Floor 2,HVAC,F2-HVAC,21.08,21.08,0.72,13.7,No,Normal simulated hourly value
2026-05-14 12:00,Building A,Floor 2,Lighting,F2-LIGHT,6.33,6.33,0.72,13.7,No,Normal simulated hourly value
2026-05-14 12:00,Building A,Floor 2,Plug Loads,F2-PLUG,9.13,9.13,0.72,13.7,No,Normal simulated hourly value
2026-05-14 12:00,Building A,Floor 3,HVAC,F3-HVAC,17.62,17.62,0.72,13.7,No,Normal simulated hourly value
2026-05-14 12:00,Building A,Floor 3,Lighting,F3-LIGHT,4.98,4.98,0.72,13.7,No,Normal simulated hourly value
2026-05-14 12:00,Building A,Floor 3,Server Room,F3-SERVER,14.36,14.36,0.72,13.7,No,Normal simulated hourly value
2026-05-14 12:00,Building A,Common Areas,Elevators,CA-ELEV,3.59,3.59,0.72,13.7,No,Normal simulated hourly value
2026-05-14 12:00,Building A,Common Areas,Fire System,CA-FIRE,0.35,0.35,0.72,13.7,No,Normal simulated hourly value
2026-05-14 12:00,Building A,Common Areas,Outdoor Lighting,CA-OUTLIGHT,0.32,0.32,0.72,13.7,No,Normal simulated hourly value
2026-05-14 13:00,Building A,Floor 1,HVAC,F1-HVAC,19.63,19.63,0.73,14.2,No,Normal simulated hourly value
2026-05-14 13:00,Building A,Floor 1,Lighting,F1-LIGHT,5.75,5.75,0.73,14.2,No,Normal simulated hourly value
2026-05-14 13:00,Building A,Floor 1,Plug Loads,F1-PLUG,8.28,8.28,0.73,14.2,No,Normal simulated hourly value
2026-05-14 13:00,Building A,Floor 2,HVAC,F2-HVAC,20.29,20.29,0.73,14.2,No,Normal simulated hourly value
2026-05-14 13:00,Building A,Floor 2,Lighting,F2-LIGHT,6.05,6.05,0.73,14.2,No,Normal simulated hourly value
2026-05-14 13:00,Building A,Floor 2,Plug Loads,F2-PLUG,8.8,8.8,0.73,14.2,No,Normal simulated hourly value
2026-05-14 13:00,Building A,Floor 3,HVAC,F3-HVAC,18.27,18.27,0.73,14.2,No,Normal simulated hourly value
2026-05-14 13:00,Building A,Floor 3,Lighting,F3-LIGHT,5.32,5.32,0.73,14.2,No,Normal simulated hourly value
2026-05-14 13:00,Building A,Floor 3,Server Room,F3-SERVER,13.88,13.88,0.73,14.2,No,Normal simulated hourly value
2026-05-14 13:00,Building A,Common Areas,Elevators,CA-ELEV,3.67,3.67,0.73,14.2,No,Normal simulated hourly value
2026-05-14 13:00,Building A,Common Areas,Fire System,CA-FIRE,0.33,0.33,0.73,14.2,No,Normal simulated hourly value
2026-05-14 13:00,Building A,Common Areas,Outdoor Lighting,CA-OUTLIGHT,0.39,0.39,0.73,14.2,No,Normal simulated hourly value
2026-05-14 14:00,Building A,Floor 1,HVAC,F1-HVAC,19.9,19.9,0.8,14.1,No,Normal simulated hourly value
2026-05-14 14:00,Building A,Floor 1,Lighting,F1-LIGHT,6.1,6.1,0.8,14.1,No,Normal simulated hourly value
2026-05-14 14:00,Building A,Floor 1,Plug Loads,F1-PLUG,9.23,9.23,0.8,14.1,No,Normal simulated hourly value
2026-05-14 14:00,Building A,Floor 2,HVAC,F2-HVAC,22.28,22.28,0.8,14.1,No,Normal simulated hourly value
2026-05-14 14:00,Building A,Floor 2,Lighting,F2-LIGHT,6.91,6.91,0.8,14.1,No,Normal simulated hourly value
2026-05-14 14:00,Building A,Floor 2,Plug Loads,F2-PLUG,9.65,9.65,0.8,14.1,No,Normal simulated hourly value
2026-05-14 14:00,Building A,Floor 3,HVAC,F3-HVAC,19.3,19.3,0.8,14.1,No,Normal simulated hourly value
2026-05-14 14:00,Building A,Floor 3,Lighting,F3-LIGHT,5.68,5.68,0.8,14.1,No,Normal simulated hourly value
2026-05-14 14:00,Building A,Floor 3,Server Room,F3-SERVER,14.56,14.56,0.8,14.1,No,Normal simulated hourly value
2026-05-14 14:00,Building A,Common Areas,Elevators,CA-ELEV,4.07,4.07,0.8,14.1,No,Normal simulated hourly value
2026-05-14 14:00,Building A,Common Areas,Fire System,CA-FIRE,0.36,0.36,0.8,14.1,No,Normal simulated hourly value
2026-05-14 14:00,Building A,Common Areas,Outdoor Lighting,CA-OUTLIGHT,0.3,0.3,0.8,14.1,No,Normal simulated hourly value
2026-05-14 15:00,Building A,Floor 1,HVAC,F1-HVAC,21.05,21.05,0.85,13.7,No,Normal simulated hourly value
2026-05-14 15:00,Building A,Floor 1,Lighting,F1-LIGHT,6.22,6.22,0.85,13.7,No,Normal simulated hourly value
2026-05-14 15:00,Building A,Floor 1,Plug Loads,F1-PLUG,9.52,9.52,0.85,13.7,No,Normal simulated hourly value
2026-05-14 15:00,Building A,Floor 2,HVAC,F2-HVAC,22.73,22.73,0.85,13.7,No,Normal simulated hourly value
2026-05-14 15:00,Building A,Floor 2,Lighting,F2-LIGHT,7.05,7.05,0.85,13.7,No,Normal simulated hourly value
2026-05-14 15:00,Building A,Floor 2,Plug Loads,F2-PLUG,10.13,10.13,0.85,13.7,No,Normal simulated hourly value
2026-05-14 15:00,Building A,Floor 3,HVAC,F3-HVAC,19.79,19.79,0.85,13.7,No,Normal simulated hourly value
2026-05-14 15:00,Building A,Floor 3,Lighting,F3-LIGHT,5.87,5.87,0.85,13.7,No,Normal simulated hourly value
2026-05-14 15:00,Building A,Floor 3,Server Room,F3-SERVER,14.47,14.47,0.85,13.7,No,Normal simulated hourly value
2026-05-14 15:00,Building A,Common Areas,Elevators,CA-ELEV,4.21,4.21,0.85,13.7,No,Normal simulated hourly value
2026-05-14 15:00,Building A,Common Areas,Fire System,CA-FIRE,0.34,0.34,0.85,13.7,No,Normal simulated hourly value
2026-05-14 15:00,Building A,Common Areas,Outdoor Lighting,CA-OUTLIGHT,0.47,0.47,0.85,13.7,No,Normal simulated hourly value
2026-05-14 16:00,Building A,Floor 1,HVAC,F1-HVAC,22.02,22.02,0.87,12.3,No,Normal simulated hourly value
2026-05-14 16:00,Building A,Floor 1,Lighting,F1-LIGHT,6.77,6.77,0.87,12.3,No,Normal simulated hourly value
2026-05-14 16:00,Building A,Floor 1,Plug Loads,F1-PLUG,9.7,9.7,0.87,12.3,No,Normal simulated hourly value
2026-05-14 16:00,Building A,Floor 2,HVAC,F2-HVAC,24.5,24.5,0.87,12.3,No,Normal simulated hourly value
2026-05-14 16:00,Building A,Floor 2,Lighting,F2-LIGHT,6.9,6.9,0.87,12.3,No,Normal simulated hourly value
2026-05-14 16:00,Building A,Floor 2,Plug Loads,F2-PLUG,10.43,10.43,0.87,12.3,No,Normal simulated hourly value
2026-05-14 16:00,Building A,Floor 3,HVAC,F3-HVAC,20.74,20.74,0.87,12.3,No,Normal simulated hourly value
2026-05-14 16:00,Building A,Floor 3,Lighting,F3-LIGHT,5.78,5.78,0.87,12.3,No,Normal simulated hourly value
2026-05-14 16:00,Building A,Floor 3,Server Room,F3-SERVER,14.3,14.3,0.87,12.3,No,Normal simulated hourly value
2026-05-14 16:00,Building A,Common Areas,Elevators,CA-ELEV,4.3,4.3,0.87,12.3,No,Normal simulated hourly value
2026-05-14 16:00,Building A,Common Areas,Fire System,CA-FIRE,0.35,0.35,0.87,12.3,No,Normal simulated hourly value
2026-05-14 16:00,Building A,Common Areas,Outdoor Lighting,CA-OUTLIGHT,0.34,0.34,0.87,12.3,No,Normal simulated hourly value
2026-05-14 17:00,Building A,Floor 1,HVAC,F1-HVAC,21.36,21.36,0.81,12.9,No,Normal simulated hourly value
2026-05-14 17:00,Building A,Floor 1,Lighting,F1-LIGHT,7.86,7.86,0.81,12.9,No,Normal simulated hourly value
2026-05-14 17:00,Building A,Floor 1,Plug Loads,F1-PLUG,9.1,9.1,0.81,12.9,No,Normal simulated hourly value
2026-05-14 17:00,Building A,Floor 2,HVAC,F2-HVAC,22.6,22.6,0.81,12.9,No,Normal simulated hourly value
2026-05-14 17:00,Building A,Floor 2,Lighting,F2-LIGHT,8.53,8.53,0.81,12.9,No,Normal simulated hourly value
2026-05-14 17:00,Building A,Floor 2,Plug Loads,F2-PLUG,9.66,9.66,0.81,12.9,No,Normal simulated hourly value
2026-05-14 17:00,Building A,Floor 3,HVAC,F3-HVAC,18.89,18.89,0.81,12.9,No,Normal simulated hourly value
2026-05-14 17:00,Building A,Floor 3,Lighting,F3-LIGHT,7.33,7.33,0.81,12.9,No,Normal simulated hourly value
2026-05-14 17:00,Building A,Floor 3,Server Room,F3-SERVER,13.6,13.6,0.81,12.9,No,Normal simulated hourly value
2026-05-14 17:00,Building A,Common Areas,Elevators,CA-ELEV,4.13,4.13,0.81,12.9,No,Normal simulated hourly value
2026-05-14 17:00,Building A,Common Areas,Fire System,CA-FIRE,0.34,0.34,0.81,12.9,No,Normal simulated hourly value
2026-05-14 17:00,Building A,Common Areas,Outdoor Lighting,CA-OUTLIGHT,0.5,0.5,0.81,12.9,No,Normal simulated hourly value
2026-05-14 18:00,Building A,Floor 1,HVAC,F1-HVAC,16.15,16.15,0.43,11.5,No,Normal simulated hourly value
2026-05-14 18:00,Building A,Floor 1,Lighting,F1-LIGHT,4.63,4.63,0.43,11.5,No,Normal simulated hourly value
2026-05-14 18:00,Building A,Floor 1,Plug Loads,F1-PLUG,6.07,6.07,0.43,11.5,No,Normal simulated hourly value
2026-05-14 18:00,Building A,Floor 2,HVAC,F2-HVAC,17.4,17.4,0.43,11.5,No,Normal simulated hourly value
2026-05-14 18:00,Building A,Floor 2,Lighting,F2-LIGHT,5.48,5.48,0.43,11.5,No,Normal simulated hourly value
2026-05-14 18:00,Building A,Floor 2,Plug Loads,F2-PLUG,6.29,6.29,0.43,11.5,No,Normal simulated hourly value
2026-05-14 18:00,Building A,Floor 3,HVAC,F3-HVAC,14.37,14.37,0.43,11.5,No,Normal simulated hourly value
2026-05-14 18:00,Building A,Floor 3,Lighting,F3-LIGHT,4.57,4.57,0.43,11.5,No,Normal simulated hourly value
2026-05-14 18:00,Building A,Floor 3,Server Room,F3-SERVER,13.48,13.48,0.43,11.5,No,Normal simulated hourly value
2026-05-14 18:00,Building A,Common Areas,Elevators,CA-ELEV,2.44,2.44,0.43,11.5,No,Normal simulated hourly value
2026-05-14 18:00,Building A,Common Areas,Fire System,CA-FIRE,0.35,0.35,0.43,11.5,No,Normal simulated hourly value
2026-05-14 18:00,Building A,Common Areas,Outdoor Lighting,CA-OUTLIGHT,0.43,0.43,0.43,11.5,No,Normal simulated hourly value
2026-05-14 19:00,Building A,Floor 1,HVAC,F1-HVAC,16.52,16.52,0.44,11.4,No,Normal simulated hourly value
2026-05-14 19:00,Building A,Floor 1,Lighting,F1-LIGHT,5.11,5.11,0.44,11.4,No,Normal simulated hourly value
2026-05-14 19:00,Building A,Floor 1,Plug Loads,F1-PLUG,5.95,5.95,0.44,11.4,No,Normal simulated hourly value
2026-05-14 19:00,Building A,Floor 2,HVAC,F2-HVAC,17.2,17.2,0.44,11.4,No,Normal simulated hourly value
2026-05-14 19:00,Building A,Floor 2,Lighting,F2-LIGHT,5.15,5.15,0.44,11.4,No,Normal simulated hourly value
2026-05-14 19:00,Building A,Floor 2,Plug Loads,F2-PLUG,6.2,6.2,0.44,11.4,No,Normal simulated hourly value
2026-05-14 19:00,Building A,Floor 3,HVAC,F3-HVAC,15.39,15.39,0.44,11.4,No,Normal simulated hourly value
2026-05-14 19:00,Building A,Floor 3,Lighting,F3-LIGHT,4.25,4.25,0.44,11.4,No,Normal simulated hourly value
2026-05-14 19:00,Building A,Floor 3,Server Room,F3-SERVER,13.56,13.56,0.44,11.4,No,Normal simulated hourly value
2026-05-14 19:00,Building A,Common Areas,Elevators,CA-ELEV,2.67,2.67,0.44,11.4,No,Normal simulated hourly value
2026-05-14 19:00,Building A,Common Areas,Fire System,CA-FIRE,0.36,0.36,0.44,11.4,No,Normal simulated hourly value
2026-05-14 19:00,Building A,Common Areas,Outdoor Lighting,CA-OUTLIGHT,0.95,0.95,0.44,11.4,No,Normal simulated hourly value
2026-05-14 20:00,Building A,Floor 1,HVAC,F1-HVAC,15.75,15.75,0.39,11.2,No,Normal simulated hourly value
2026-05-14 20:00,Building A,Floor 1,Lighting,F1-LIGHT,5.9,5.9,0.39,11.2,No,Normal simulated hourly value
2026-05-14 20:00,Building A,Floor 1,Plug Loads,F1-PLUG,5.71,5.71,0.39,11.2,No,Normal simulated hourly value
2026-05-14 20:00,Building A,Floor 2,HVAC,F2-HVAC,16.46,16.46,0.39,11.2,No,Normal simulated hourly value
2026-05-14 20:00,Building A,Floor 2,Lighting,F2-LIGHT,6.48,6.48,0.39,11.2,No,Normal simulated hourly value
2026-05-14 20:00,Building A,Floor 2,Plug Loads,F2-PLUG,6.04,6.04,0.39,11.2,No,Normal simulated hourly value
2026-05-14 20:00,Building A,Floor 3,HVAC,F3-HVAC,14.4,14.4,0.39,11.2,No,Normal simulated hourly value
2026-05-14 20:00,Building A,Floor 3,Lighting,F3-LIGHT,5.39,5.39,0.39,11.2,No,Normal simulated hourly value
2026-05-14 20:00,Building A,Floor 3,Server Room,F3-SERVER,14.48,14.48,0.39,11.2,No,Normal simulated hourly value
2026-05-14 20:00,Building A,Common Areas,Elevators,CA-ELEV,2.45,2.45,0.39,11.2,No,Normal simulated hourly value
2026-05-14 20:00,Building A,Common Areas,Fire System,CA-FIRE,0.33,0.33,0.39,11.2,No,Normal simulated hourly value
2026-05-14 20:00,Building A,Common Areas,Outdoor Lighting,CA-OUTLIGHT,4.77,4.77,0.39,11.2,No,Normal simulated hourly value
2026-05-14 21:00,Building A,Floor 1,HVAC,F1-HVAC,10.27,10.27,0.03,10.7,No,Normal simulated hourly value
2026-05-14 21:00,Building A,Floor 1,Lighting,F1-LIGHT,1.53,1.53,0.03,10.7,No,Normal simulated hourly value
2026-05-14 21:00,Building A,Floor 1,Plug Loads,F1-PLUG,2.25,2.25,0.03,10.7,No,Normal simulated hourly value
2026-05-14 21:00,Building A,Floor 2,HVAC,F2-HVAC,11.36,11.36,0.03,10.7,No,Normal simulated hourly value
2026-05-14 21:00,Building A,Floor 2,Lighting,F2-LIGHT,2.0,2.0,0.03,10.7,No,Normal simulated hourly value
2026-05-14 21:00,Building A,Floor 2,Plug Loads,F2-PLUG,2.56,2.56,0.03,10.7,No,Normal simulated hourly value
2026-05-14 21:00,Building A,Floor 3,HVAC,F3-HVAC,10.39,10.39,0.03,10.7,No,Normal simulated hourly value
2026-05-14 21:00,Building A,Floor 3,Lighting,F3-LIGHT,1.83,1.83,0.03,10.7,No,Normal simulated hourly value
2026-05-14 21:00,Building A,Floor 3,Server Room,F3-SERVER,13.35,13.35,0.03,10.7,No,Normal simulated hourly value
2026-05-14 21:00,Building A,Common Areas,Elevators,CA-ELEV,0.88,0.88,0.03,10.7,No,Normal simulated hourly value
2026-05-14 21:00,Building A,Common Areas,Fire System,CA-FIRE,0.33,0.33,0.03,10.7,No,Normal simulated hourly value
2026-05-14 21:00,Building A,Common Areas,Outdoor Lighting,CA-OUTLIGHT,4.82,4.82,0.03,10.7,No,Normal simulated hourly value
2026-05-14 22:00,Building A,Floor 1,HVAC,F1-HVAC,11.94,11.94,0.05,9.8,No,Normal simulated hourly value
2026-05-14 22:00,Building A,Floor 1,Lighting,F1-LIGHT,1.68,1.68,0.05,9.8,No,Normal simulated hourly value
2026-05-14 22:00,Building A,Floor 1,Plug Loads,F1-PLUG,2.72,2.72,0.05,9.8,No,Normal simulated hourly value
2026-05-14 22:00,Building A,Floor 2,HVAC,F2-HVAC,12.59,12.59,0.05,9.8,No,Normal simulated hourly value
2026-05-14 22:00,Building A,Floor 2,Lighting,F2-LIGHT,2.1,2.1,0.05,9.8,No,Normal simulated hourly value
2026-05-14 22:00,Building A,Floor 2,Plug Loads,F2-PLUG,3.04,3.04,0.05,9.8,No,Normal simulated hourly value
2026-05-14 22:00,Building A,Floor 3,HVAC,F3-HVAC,10.58,10.58,0.05,9.8,No,Normal simulated hourly value
2026-05-14 22:00,Building A,Floor 3,Lighting,F3-LIGHT,1.93,1.93,0.05,9.8,No,Normal simulated hourly value
2026-05-14 22:00,Building A,Floor 3,Server Room,F3-SERVER,12.98,12.98,0.05,9.8,No,Normal simulated hourly value
2026-05-14 22:00,Building A,Common Areas,Elevators,CA-ELEV,0.97,0.97,0.05,9.8,No,Normal simulated hourly value
2026-05-14 22:00,Building A,Common Areas,Fire System,CA-FIRE,0.36,0.36,0.05,9.8,No,Normal simulated hourly value
2026-05-14 22:00,Building A,Common Areas,Outdoor Lighting,CA-OUTLIGHT,4.76,4.76,0.05,9.8,No,Normal simulated hourly value
2026-05-14 23:00,Building A,Floor 1,HVAC,F1-HVAC,11.86,11.86,0.07,9.8,No,Normal simulated hourly value
2026-05-14 23:00,Building A,Floor 1,Lighting,F1-LIGHT,1.92,1.92,0.07,9.8,No,Normal simulated hourly value
2026-05-14 23:00,Building A,Floor 1,Plug Loads,F1-PLUG,3.07,3.07,0.07,9.8,No,Normal simulated hourly value
2026-05-14 23:00,Building A,Floor 2,HVAC,F2-HVAC,12.62,12.62,0.07,9.8,No,Normal simulated hourly value
2026-05-14 23:00,Building A,Floor 2,Lighting,F2-LIGHT,2.39,2.39,0.07,9.8,No,Normal simulated hourly value
2026-05-14 23:00,Building A,Floor 2,Plug Loads,F2-PLUG,3.13,3.13,0.07,9.8,No,Normal simulated hourly value
2026-05-14 23:00,Building A,Floor 3,HVAC,F3-HVAC,10.53,10.53,0.07,9.8,No,Normal simulated hourly value
2026-05-14 23:00,Building A,Floor 3,Lighting,F3-LIGHT,1.63,1.63,0.07,9.8,No,Normal simulated hourly value
2026-05-14 23:00,Building A,Floor 3,Server Room,F3-SERVER,13.69,13.69,0.07,9.8,No,Normal simulated hourly value
2026-05-14 23:00,Building A,Common Areas,Elevators,CA-ELEV,0.99,0.99,0.07,9.8,No,Normal simulated hourly value
2026-05-14 23:00,Building A,Common Areas,Fire System,CA-FIRE,0.36,0.36,0.07,9.8,No,Normal simulated hourly value
2026-05-14 23:00,Building A,Common Areas,Outdoor Lighting,CA-OUTLIGHT,4.91,4.91,0.07,9.8,No,Normal simulated hourly value
2026-05-15 00:00,Building A,Floor 1,HVAC,F1-HVAC,12.72,12.72,0.11,10.1,No,Normal simulated hourly value
2026-05-15 00:00,Building A,Floor 1,Lighting,F1-LIGHT,3.34,3.34,0.11,10.1,No,Normal simulated hourly value
2026-05-15 00:00,Building A,Floor 1,Plug Loads,F1-PLUG,3.06,3.06,0.11,10.1,No,Normal simulated hourly value
2026-05-15 00:00,Building A,Floor 2,HVAC,F2-HVAC,13.2,13.2,0.11,10.1,No,Normal simulated hourly value
2026-05-15 00:00,Building A,Floor 2,Lighting,F2-LIGHT,3.73,3.73,0.11,10.1,No,Normal simulated hourly value
2026-05-15 00:00,Building A,Floor 2,Plug Loads,F2-PLUG,3.37,3.37,0.11,10.1,No,Normal simulated hourly value
2026-05-15 00:00,Building A,Floor 3,HVAC,F3-HVAC,10.9,10.9,0.11,10.1,No,Normal simulated hourly value
2026-05-15 00:00,Building A,Floor 3,Lighting,F3-LIGHT,3.12,3.12,0.11,10.1,No,Normal simulated hourly value
2026-05-15 00:00,Building A,Floor 3,Server Room,F3-SERVER,13.42,13.42,0.11,10.1,No,Normal simulated hourly value
2026-05-15 00:00,Building A,Common Areas,Elevators,CA-ELEV,1.12,1.12,0.11,10.1,No,Normal simulated hourly value
2026-05-15 00:00,Building A,Common Areas,Fire System,CA-FIRE,0.33,0.33,0.11,10.1,No,Normal simulated hourly value
2026-05-15 00:00,Building A,Common Areas,Outdoor Lighting,CA-OUTLIGHT,4.63,4.63,0.11,10.1,No,Normal simulated hourly value
2026-05-15 01:00,Building A,Floor 1,HVAC,F1-HVAC,11.67,11.67,0.08,9.7,No,Normal simulated hourly value
2026-05-15 01:00,Building A,Floor 1,Lighting,F1-LIGHT,2.28,2.28,0.08,9.7,No,Normal simulated hourly value
2026-05-15 01:00,Building A,Floor 1,Plug Loads,F1-PLUG,2.88,2.88,0.08,9.7,No,Normal simulated hourly value
2026-05-15 01:00,Building A,Floor 2,HVAC,F2-HVAC,12.86,12.86,0.08,9.7,No,Normal simulated hourly value
2026-05-15 01:00,Building A,Floor 2,Lighting,F2-LIGHT,2.29,2.29,0.08,9.7,No,Normal simulated hourly value
2026-05-15 01:00,Building A,Floor 2,Plug Loads,F2-PLUG,3.0,3.0,0.08,9.7,No,Normal simulated hourly value
2026-05-15 01:00,Building A,Floor 3,HVAC,F3-HVAC,10.37,10.37,0.08,9.7,No,Normal simulated hourly value
2026-05-15 01:00,Building A,Floor 3,Lighting,F3-LIGHT,2.22,2.22,0.08,9.7,No,Normal simulated hourly value
2026-05-15 01:00,Building A,Floor 3,Server Room,F3-SERVER,14.64,14.64,0.08,9.7,No,Normal simulated hourly value
2026-05-15 01:00,Building A,Common Areas,Elevators,CA-ELEV,0.92,0.92,0.08,9.7,No,Normal simulated hourly value
2026-05-15 01:00,Building A,Common Areas,Fire System,CA-FIRE,0.32,0.32,0.08,9.7,No,Normal simulated hourly value
2026-05-15 01:00,Building A,Common Areas,Outdoor Lighting,CA-OUTLIGHT,4.99,4.99,0.08,9.7,No,Normal simulated hourly value
2026-05-15 02:00,Building A,Floor 1,HVAC,F1-HVAC,11.52,11.52,0.07,10.3,No,Normal simulated hourly value
2026-05-15 02:00,Building A,Floor 1,Lighting,F1-LIGHT,2.25,2.25,0.07,10.3,No,Normal simulated hourly value
2026-05-15 02:00,Building A,Floor 1,Plug Loads,F1-PLUG,2.75,2.75,0.07,10.3,No,Normal simulated hourly value
2026-05-15 02:00,Building A,Floor 2,HVAC,F2-HVAC,12.86,12.86,0.07,10.3,No,Normal simulated hourly value
2026-05-15 02:00,Building A,Floor 2,Lighting,F2-LIGHT,2.35,2.35,0.07,10.3,No,Normal simulated hourly value
2026-05-15 02:00,Building A,Floor 2,Plug Loads,F2-PLUG,3.18,3.18,0.07,10.3,No,Normal simulated hourly value
2026-05-15 02:00,Building A,Floor 3,HVAC,F3-HVAC,10.4,10.4,0.07,10.3,No,Normal simulated hourly value
2026-05-15 02:00,Building A,Floor 3,Lighting,F3-LIGHT,1.82,1.82,0.07,10.3,No,Normal simulated hourly value
2026-05-15 02:00,Building A,Floor 3,Server Room,F3-SERVER,13.25,13.25,0.07,10.3,No,Normal simulated hourly value
2026-05-15 02:00,Building A,Common Areas,Elevators,CA-ELEV,1.02,1.02,0.07,10.3,No,Normal simulated hourly value
2026-05-15 02:00,Building A,Common Areas,Fire System,CA-FIRE,0.35,0.35,0.07,10.3,No,Normal simulated hourly value
2026-05-15 02:00,Building A,Common Areas,Outdoor Lighting,CA-OUTLIGHT,4.69,4.69,0.07,10.3,No,Normal simulated hourly value
2026-05-15 03:00,Building A,Floor 1,HVAC,F1-HVAC,11.0,11.0,0.09,11.0,No,Normal simulated hourly value
2026-05-15 03:00,Building A,Floor 1,Lighting,F1-LIGHT,3.69,3.69,0.09,11.0,No,Normal simulated hourly value
2026-05-15 03:00,Building A,Floor 1,Plug Loads,F1-PLUG,2.9,2.9,0.09,11.0,No,Normal simulated hourly value
2026-05-15 03:00,Building A,Floor 2,HVAC,F2-HVAC,12.73,12.73,0.09,11.0,No,Normal simulated hourly value
2026-05-15 03:00,Building A,Floor 2,Lighting,F2-LIGHT,3.58,3.58,0.09,11.0,No,Normal simulated hourly value
2026-05-15 03:00,Building A,Floor 2,Plug Loads,F2-PLUG,3.47,3.47,0.09,11.0,No,Normal simulated hourly value
2026-05-15 03:00,Building A,Floor 3,HVAC,F3-HVAC,10.84,10.84,0.09,11.0,No,Normal simulated hourly value
2026-05-15 03:00,Building A,Floor 3,Lighting,F3-LIGHT,2.95,2.95,0.09,11.0,No,Normal simulated hourly value
2026-05-15 03:00,Building A,Floor 3,Server Room,F3-SERVER,13.8,13.8,0.09,11.0,No,Normal simulated hourly value
2026-05-15 03:00,Building A,Common Areas,Elevators,CA-ELEV,0.9,0.9,0.09,11.0,No,Normal simulated hourly value
2026-05-15 03:00,Building A,Common Areas,Fire System,CA-FIRE,0.34,0.34,0.09,11.0,No,Normal simulated hourly value
2026-05-15 03:00,Building A,Common Areas,Outdoor Lighting,CA-OUTLIGHT,4.78,4.78,0.09,11.0,No,Normal simulated hourly value
2026-05-15 04:00,Building A,Floor 1,HVAC,F1-HVAC,11.1,11.1,0.08,11.0,No,Normal simulated hourly value
2026-05-15 04:00,Building A,Floor 1,Lighting,F1-LIGHT,2.19,2.19,0.08,11.0,No,Normal simulated hourly value
2026-05-15 04:00,Building A,Floor 1,Plug Loads,F1-PLUG,2.68,2.68,0.08,11.0,No,Normal simulated hourly value
2026-05-15 04:00,Building A,Floor 2,HVAC,F2-HVAC,12.8,12.8,0.08,11.0,No,Normal simulated hourly value
2026-05-15 04:00,Building A,Floor 2,Lighting,F2-LIGHT,2.44,2.44,0.08,11.0,No,Normal simulated hourly value
2026-05-15 04:00,Building A,Floor 2,Plug Loads,F2-PLUG,2.99,2.99,0.08,11.0,No,Normal simulated hourly value
2026-05-15 04:00,Building A,Floor 3,HVAC,F3-HVAC,10.21,10.21,0.08,11.0,No,Normal simulated hourly value
2026-05-15 04:00,Building A,Floor 3,Lighting,F3-LIGHT,2.15,2.15,0.08,11.0,No,Normal simulated hourly value
2026-05-15 04:00,Building A,Floor 3,Server Room,F3-SERVER,14.18,14.18,0.08,11.0,No,Normal simulated hourly value
2026-05-15 04:00,Building A,Common Areas,Elevators,CA-ELEV,0.96,0.96,0.08,11.0,No,Normal simulated hourly value
2026-05-15 04:00,Building A,Common Areas,Fire System,CA-FIRE,0.34,0.34,0.08,11.0,No,Normal simulated hourly value
2026-05-15 04:00,Building A,Common Areas,Outdoor Lighting,CA-OUTLIGHT,5.04,5.04,0.08,11.0,No,Normal simulated hourly value
2026-05-15 05:00,Building A,Floor 1,HVAC,F1-HVAC,11.65,11.65,0.1,11.5,No,Normal simulated hourly value
2026-05-15 05:00,Building A,Floor 1,Lighting,F1-LIGHT,3.59,3.59,0.1,11.5,No,Normal simulated hourly value
2026-05-15 05:00,Building A,Floor 1,Plug Loads,F1-PLUG,2.77,2.77,0.1,11.5,No,Normal simulated hourly value
2026-05-15 05:00,Building A,Floor 2,HVAC,F2-HVAC,12.25,12.25,0.1,11.5,No,Normal simulated hourly value
2026-05-15 05:00,Building A,Floor 2,Lighting,F2-LIGHT,4.04,4.04,0.1,11.5,No,Normal simulated hourly value
2026-05-15 05:00,Building A,Floor 2,Plug Loads,F2-PLUG,3.46,3.46,0.1,11.5,No,Normal simulated hourly value
2026-05-15 05:00,Building A,Floor 3,HVAC,F3-HVAC,10.8,10.8,0.1,11.5,No,Normal simulated hourly value
2026-05-15 05:00,Building A,Floor 3,Lighting,F3-LIGHT,3.25,3.25,0.1,11.5,No,Normal simulated hourly value
2026-05-15 05:00,Building A,Floor 3,Server Room,F3-SERVER,13.95,13.95,0.1,11.5,No,Normal simulated hourly value
2026-05-15 05:00,Building A,Common Areas,Elevators,CA-ELEV,0.99,0.99,0.1,11.5,No,Normal simulated hourly value
2026-05-15 05:00,Building A,Common Areas,Fire System,CA-FIRE,0.36,0.36,0.1,11.5,No,Normal simulated hourly value
2026-05-15 05:00,Building A,Common Areas,Outdoor Lighting,CA-OUTLIGHT,4.62,4.62,0.1,11.5,No,Normal simulated hourly value
2026-05-15 06:00,Building A,Floor 1,HVAC,F1-HVAC,13.92,13.92,0.26,12.2,No,Normal simulated hourly value
2026-05-15 06:00,Building A,Floor 1,Lighting,F1-LIGHT,3.29,3.29,0.26,12.2,No,Normal simulated hourly value
2026-05-15 06:00,Building A,Floor 1,Plug Loads,F1-PLUG,4.12,4.12,0.26,12.2,No,Normal simulated hourly value
2026-05-15 06:00,Building A,Floor 2,HVAC,F2-HVAC,14.23,14.23,0.26,12.2,No,Normal simulated hourly value
2026-05-15 06:00,Building A,Floor 2,Lighting,F2-LIGHT,3.6,3.6,0.26,12.2,No,Normal simulated hourly value
2026-05-15 06:00,Building A,Floor 2,Plug Loads,F2-PLUG,4.88,4.88,0.26,12.2,No,Normal simulated hourly value
2026-05-15 06:00,Building A,Floor 3,HVAC,F3-HVAC,12.2,12.2,0.26,12.2,No,Normal simulated hourly value
2026-05-15 06:00,Building A,Floor 3,Lighting,F3-LIGHT,3.41,3.41,0.26,12.2,No,Normal simulated hourly value
2026-05-15 06:00,Building A,Floor 3,Server Room,F3-SERVER,14.47,14.47,0.26,12.2,No,Normal simulated hourly value
2026-05-15 06:00,Building A,Common Areas,Elevators,CA-ELEV,1.89,1.89,0.26,12.2,No,Normal simulated hourly value
2026-05-15 06:00,Building A,Common Areas,Fire System,CA-FIRE,0.33,0.33,0.26,12.2,No,Normal simulated hourly value
2026-05-15 06:00,Building A,Common Areas,Outdoor Lighting,CA-OUTLIGHT,0.96,0.96,0.26,12.2,No,Normal simulated hourly value
2026-05-15 07:00,Building A,Floor 1,HVAC,F1-HVAC,14.34,14.34,0.36,12.8,No,Normal simulated hourly value
2026-05-15 07:00,Building A,Floor 1,Lighting,F1-LIGHT,4.11,4.11,0.36,12.8,No,Normal simulated hourly value
2026-05-15 07:00,Building A,Floor 1,Plug Loads,F1-PLUG,5.51,5.51,0.36,12.8,No,Normal simulated hourly value
2026-05-15 07:00,Building A,Floor 2,HVAC,F2-HVAC,15.54,15.54,0.36,12.8,No,Normal simulated hourly value
2026-05-15 07:00,Building A,Floor 2,Lighting,F2-LIGHT,4.57,4.57,0.36,12.8,No,Normal simulated hourly value
2026-05-15 07:00,Building A,Floor 2,Plug Loads,F2-PLUG,5.84,5.84,0.36,12.8,No,Normal simulated hourly value
2026-05-15 07:00,Building A,Floor 3,HVAC,F3-HVAC,13.66,13.66,0.36,12.8,No,Normal simulated hourly value
2026-05-15 07:00,Building A,Floor 3,Lighting,F3-LIGHT,4.05,4.05,0.36,12.8,No,Normal simulated hourly value
2026-05-15 07:00,Building A,Floor 3,Server Room,F3-SERVER,14.0,14.0,0.36,12.8,No,Normal simulated hourly value
2026-05-15 07:00,Building A,Common Areas,Elevators,CA-ELEV,2.09,2.09,0.36,12.8,No,Normal simulated hourly value
2026-05-15 07:00,Building A,Common Areas,Fire System,CA-FIRE,0.35,0.35,0.36,12.8,No,Normal simulated hourly value
2026-05-15 07:00,Building A,Common Areas,Outdoor Lighting,CA-OUTLIGHT,0.49,0.49,0.36,12.8,No,Normal simulated hourly value
2026-05-15 08:00,Building A,Floor 1,HVAC,F1-HVAC,20.4,20.4,0.79,12.9,No,Normal simulated hourly value
2026-05-15 08:00,Building A,Floor 1,Lighting,F1-LIGHT,7.78,7.78,0.79,12.9,No,Normal simulated hourly value
2026-05-15 08:00,Building A,Floor 1,Plug Loads,F1-PLUG,8.81,8.81,0.79,12.9,No,Normal simulated hourly value
2026-05-15 08:00,Building A,Floor 2,HVAC,F2-HVAC,22.23,22.23,0.79,12.9,No,Normal simulated hourly value
2026-05-15 08:00,Building A,Floor 2,Lighting,F2-LIGHT,8.54,8.54,0.79,12.9,No,Normal simulated hourly value
2026-05-15 08:00,Building A,Floor 2,Plug Loads,F2-PLUG,9.81,9.81,0.79,12.9,No,Normal simulated hourly value
2026-05-15 08:00,Building A,Floor 3,HVAC,F3-HVAC,18.82,18.82,0.79,12.9,No,Normal simulated hourly value
2026-05-15 08:00,Building A,Floor 3,Lighting,F3-LIGHT,6.82,6.82,0.79,12.9,No,Normal simulated hourly value
2026-05-15 08:00,Building A,Floor 3,Server Room,F3-SERVER,13.58,13.58,0.79,12.9,No,Normal simulated hourly value
2026-05-15 08:00,Building A,Common Areas,Elevators,CA-ELEV,4.21,4.21,0.79,12.9,No,Normal simulated hourly value
2026-05-15 08:00,Building A,Common Areas,Fire System,CA-FIRE,0.38,0.38,0.79,12.9,No,Normal simulated hourly value
2026-05-15 08:00,Building A,Common Areas,Outdoor Lighting,CA-OUTLIGHT,0.15,0.15,0.79,12.9,No,Normal simulated hourly value
2026-05-15 09:00,Building A,Floor 1,HVAC,F1-HVAC,21.69,21.69,0.88,13.3,No,Normal simulated hourly value
2026-05-15 09:00,Building A,Floor 1,Lighting,F1-LIGHT,8.33,8.33,0.88,13.3,No,Normal simulated hourly value
2026-05-15 09:00,Building A,Floor 1,Plug Loads,F1-PLUG,9.53,9.53,0.88,13.3,No,Normal simulated hourly value
2026-05-15 09:00,Building A,Floor 2,HVAC,F2-HVAC,23.6,23.6,0.88,13.3,No,Normal simulated hourly value
2026-05-15 09:00,Building A,Floor 2,Lighting,F2-LIGHT,8.85,8.85,0.88,13.3,No,Normal simulated hourly value
2026-05-15 09:00,Building A,Floor 2,Plug Loads,F2-PLUG,10.48,10.48,0.88,13.3,No,Normal simulated hourly value
2026-05-15 09:00,Building A,Floor 3,HVAC,F3-HVAC,20.64,20.64,0.88,13.3,No,Normal simulated hourly value
2026-05-15 09:00,Building A,Floor 3,Lighting,F3-LIGHT,7.81,7.81,0.88,13.3,No,Normal simulated hourly value
2026-05-15 09:00,Building A,Floor 3,Server Room,F3-SERVER,14.01,14.01,0.88,13.3,No,Normal simulated hourly value
2026-05-15 09:00,Building A,Common Areas,Elevators,CA-ELEV,4.43,4.43,0.88,13.3,No,Normal simulated hourly value
2026-05-15 09:00,Building A,Common Areas,Fire System,CA-FIRE,0.36,0.36,0.88,13.3,No,Normal simulated hourly value
2026-05-15 09:00,Building A,Common Areas,Outdoor Lighting,CA-OUTLIGHT,0.32,0.32,0.88,13.3,No,Normal simulated hourly value
2026-05-15 10:00,Building A,Floor 1,HVAC,F1-HVAC,21.22,21.22,0.82,13.4,No,Normal simulated hourly value
2026-05-15 10:00,Building A,Floor 1,Lighting,F1-LIGHT,6.06,6.06,0.82,13.4,No,Normal simulated hourly value
2026-05-15 10:00,Building A,Floor 1,Plug Loads,F1-PLUG,9.33,9.33,0.82,13.4,No,Normal simulated hourly value
2026-05-15 10:00,Building A,Floor 2,HVAC,F2-HVAC,22.04,22.04,0.82,13.4,No,Normal simulated hourly value
2026-05-15 10:00,Building A,Floor 2,Lighting,F2-LIGHT,6.83,6.83,0.82,13.4,No,Normal simulated hourly value
2026-05-15 10:00,Building A,Floor 2,Plug Loads,F2-PLUG,10.16,10.16,0.82,13.4,No,Normal simulated hourly value
2026-05-15 10:00,Building A,Floor 3,HVAC,F3-HVAC,19.17,19.17,0.82,13.4,No,Normal simulated hourly value
2026-05-15 10:00,Building A,Floor 3,Lighting,F3-LIGHT,6.05,6.05,0.82,13.4,No,Normal simulated hourly value
2026-05-15 10:00,Building A,Floor 3,Server Room,F3-SERVER,13.76,13.76,0.82,13.4,No,Normal simulated hourly value
2026-05-15 10:00,Building A,Common Areas,Elevators,CA-ELEV,4.02,4.02,0.82,13.4,No,Normal simulated hourly value
2026-05-15 10:00,Building A,Common Areas,Fire System,CA-FIRE,0.34,0.34,0.82,13.4,No,Normal simulated hourly value
2026-05-15 10:00,Building A,Common Areas,Outdoor Lighting,CA-OUTLIGHT,0.45,0.45,0.82,13.4,No,Normal simulated hourly value
2026-05-15 11:00,Building A,Floor 1,HVAC,F1-HVAC,21.35,21.35,0.85,13.6,No,Normal simulated hourly value
2026-05-15 11:00,Building A,Floor 1,Lighting,F1-LIGHT,6.61,6.61,0.85,13.6,No,Normal simulated hourly value
2026-05-15 11:00,Building A,Floor 1,Plug Loads,F1-PLUG,9.69,9.69,0.85,13.6,No,Normal simulated hourly value
2026-05-15 11:00,Building A,Floor 2,HVAC,F2-HVAC,23.51,23.51,0.85,13.6,No,Normal simulated hourly value
2026-05-15 11:00,Building A,Floor 2,Lighting,F2-LIGHT,6.8,6.8,0.85,13.6,No,Normal simulated hourly value
2026-05-15 11:00,Building A,Floor 2,Plug Loads,F2-PLUG,10.41,10.41,0.85,13.6,No,Normal simulated hourly value
2026-05-15 11:00,Building A,Floor 3,HVAC,F3-HVAC,19.21,19.21,0.85,13.6,No,Normal simulated hourly value
2026-05-15 11:00,Building A,Floor 3,Lighting,F3-LIGHT,6.21,6.21,0.85,13.6,No,Normal simulated hourly value
2026-05-15 11:00,Building A,Floor 3,Server Room,F3-SERVER,13.61,13.61,0.85,13.6,No,Normal simulated hourly value
2026-05-15 11:00,Building A,Common Areas,Elevators,CA-ELEV,4.27,4.27,0.85,13.6,No,Normal simulated hourly value
2026-05-15 11:00,Building A,Common Areas,Fire System,CA-FIRE,0.38,0.38,0.85,13.6,No,Normal simulated hourly value
2026-05-15 11:00,Building A,Common Areas,Outdoor Lighting,CA-OUTLIGHT,0.44,0.44,0.85,13.6,No,Normal simulated hourly value
2026-05-15 12:00,Building A,Floor 1,HVAC,F1-HVAC,20.83,20.83,0.85,13.6,No,Normal simulated hourly value
2026-05-15 12:00,Building A,Floor 1,Lighting,F1-LIGHT,6.76,6.76,0.85,13.6,No,Normal simulated hourly value
2026-05-15 12:00,Building A,Floor 1,Plug Loads,F1-PLUG,9.3,9.3,0.85,13.6,No,Normal simulated hourly value
2026-05-15 12:00,Building A,Floor 2,HVAC,F2-HVAC,23.6,23.6,0.85,13.6,No,Normal simulated hourly value
2026-05-15 12:00,Building A,Floor 2,Lighting,F2-LIGHT,7.02,7.02,0.85,13.6,No,Normal simulated hourly value
2026-05-15 12:00,Building A,Floor 2,Plug Loads,F2-PLUG,10.18,10.18,0.85,13.6,No,Normal simulated hourly value
2026-05-15 12:00,Building A,Floor 3,HVAC,F3-HVAC,20.13,20.13,0.85,13.6,No,Normal simulated hourly value
2026-05-15 12:00,Building A,Floor 3,Lighting,F3-LIGHT,6.17,6.17,0.85,13.6,No,Normal simulated hourly value
2026-05-15 12:00,Building A,Floor 3,Server Room,F3-SERVER,13.25,13.25,0.85,13.6,No,Normal simulated hourly value
2026-05-15 12:00,Building A,Common Areas,Elevators,CA-ELEV,4.12,4.12,0.85,13.6,No,Normal simulated hourly value
2026-05-15 12:00,Building A,Common Areas,Fire System,CA-FIRE,0.35,0.35,0.85,13.6,No,Normal simulated hourly value
2026-05-15 12:00,Building A,Common Areas,Outdoor Lighting,CA-OUTLIGHT,0.09,0.09,0.85,13.6,No,Normal simulated hourly value
2026-05-15 13:00,Building A,Floor 1,HVAC,F1-HVAC,21.75,21.75,0.9,14.4,No,Normal simulated hourly value
2026-05-15 13:00,Building A,Floor 1,Lighting,F1-LIGHT,6.92,6.92,0.9,14.4,No,Normal simulated hourly value
2026-05-15 13:00,Building A,Floor 1,Plug Loads,F1-PLUG,9.66,9.66,0.9,14.4,No,Normal simulated hourly value
2026-05-15 13:00,Building A,Floor 2,HVAC,F2-HVAC,23.83,23.83,0.9,14.4,No,Normal simulated hourly value
2026-05-15 13:00,Building A,Floor 2,Lighting,F2-LIGHT,7.54,7.54,0.9,14.4,No,Normal simulated hourly value
2026-05-15 13:00,Building A,Floor 2,Plug Loads,F2-PLUG,10.83,10.83,0.9,14.4,No,Normal simulated hourly value
2026-05-15 13:00,Building A,Floor 3,HVAC,F3-HVAC,19.95,19.95,0.9,14.4,No,Normal simulated hourly value
2026-05-15 13:00,Building A,Floor 3,Lighting,F3-LIGHT,5.98,5.98,0.9,14.4,No,Normal simulated hourly value
2026-05-15 13:00,Building A,Floor 3,Server Room,F3-SERVER,13.23,13.23,0.9,14.4,No,Normal simulated hourly value
2026-05-15 13:00,Building A,Common Areas,Elevators,CA-ELEV,4.34,4.34,0.9,14.4,No,Normal simulated hourly value
2026-05-15 13:00,Building A,Common Areas,Fire System,CA-FIRE,0.33,0.33,0.9,14.4,No,Normal simulated hourly value
2026-05-15 13:00,Building A,Common Areas,Outdoor Lighting,CA-OUTLIGHT,0.12,0.12,0.9,14.4,No,Normal simulated hourly value
2026-05-15 14:00,Building A,Floor 1,HVAC,F1-HVAC,22.1,22.1,0.94,14.2,No,Normal simulated hourly value
2026-05-15 14:00,Building A,Floor 1,Lighting,F1-LIGHT,7.13,7.13,0.94,14.2,No,Normal simulated hourly value
2026-05-15 14:00,Building A,Floor 1,Plug Loads,F1-PLUG,9.9,9.9,0.94,14.2,No,Normal simulated hourly value
2026-05-15 14:00,Building A,Floor 2,HVAC,F2-HVAC,24.31,24.31,0.94,14.2,No,Normal simulated hourly value
2026-05-15 14:00,Building A,Floor 2,Lighting,F2-LIGHT,7.67,7.67,0.94,14.2,No,Normal simulated hourly value
2026-05-15 14:00,Building A,Floor 2,Plug Loads,F2-PLUG,10.74,10.74,0.94,14.2,No,Normal simulated hourly value
2026-05-15 14:00,Building A,Floor 3,HVAC,F3-HVAC,20.09,20.09,0.94,14.2,No,Normal simulated hourly value
2026-05-15 14:00,Building A,Floor 3,Lighting,F3-LIGHT,6.32,6.32,0.94,14.2,No,Normal simulated hourly value
2026-05-15 14:00,Building A,Floor 3,Server Room,F3-SERVER,13.8,13.8,0.94,14.2,No,Normal simulated hourly value
2026-05-15 14:00,Building A,Common Areas,Elevators,CA-ELEV,4.81,4.81,0.94,14.2,No,Normal simulated hourly value
2026-05-15 14:00,Building A,Common Areas,Fire System,CA-FIRE,0.34,0.34,0.94,14.2,No,Normal simulated hourly value
2026-05-15 14:00,Building A,Common Areas,Outdoor Lighting,CA-OUTLIGHT,0.46,0.46,0.94,14.2,No,Normal simulated hourly value
2026-05-15 15:00,Building A,Floor 1,HVAC,F1-HVAC,21.25,21.25,0.86,13.3,No,Normal simulated hourly value
2026-05-15 15:00,Building A,Floor 1,Lighting,F1-LIGHT,6.31,6.31,0.86,13.3,No,Normal simulated hourly value
2026-05-15 15:00,Building A,Floor 1,Plug Loads,F1-PLUG,9.3,9.3,0.86,13.3,No,Normal simulated hourly value
2026-05-15 15:00,Building A,Floor 2,HVAC,F2-HVAC,23.61,23.61,0.86,13.3,No,Normal simulated hourly value
2026-05-15 15:00,Building A,Floor 2,Lighting,F2-LIGHT,7.12,7.12,0.86,13.3,No,Normal simulated hourly value
2026-05-15 15:00,Building A,Floor 2,Plug Loads,F2-PLUG,10.22,10.22,0.86,13.3,No,Normal simulated hourly value
2026-05-15 15:00,Building A,Floor 3,HVAC,F3-HVAC,19.92,19.92,0.86,13.3,No,Normal simulated hourly value
2026-05-15 15:00,Building A,Floor 3,Lighting,F3-LIGHT,5.99,5.99,0.86,13.3,No,Normal simulated hourly value
2026-05-15 15:00,Building A,Floor 3,Server Room,F3-SERVER,14.1,14.1,0.86,13.3,No,Normal simulated hourly value
2026-05-15 15:00,Building A,Common Areas,Elevators,CA-ELEV,4.2,4.2,0.86,13.3,No,Normal simulated hourly value
2026-05-15 15:00,Building A,Common Areas,Fire System,CA-FIRE,0.37,0.37,0.86,13.3,No,Normal simulated hourly value
2026-05-15 15:00,Building A,Common Areas,Outdoor Lighting,CA-OUTLIGHT,0.05,0.05,0.86,13.3,No,Normal simulated hourly value
2026-05-15 16:00,Building A,Floor 1,HVAC,F1-HVAC,21.5,21.5,0.88,13.0,No,Normal simulated hourly value
2026-05-15 16:00,Building A,Floor 1,Lighting,F1-LIGHT,6.69,6.69,0.88,13.0,No,Normal simulated hourly value
2026-05-15 16:00,Building A,Floor 1,Plug Loads,F1-PLUG,9.42,9.42,0.88,13.0,No,Normal simulated hourly value
2026-05-15 16:00,Building A,Floor 2,HVAC,F2-HVAC,23.83,23.83,0.88,13.0,No,Normal simulated hourly value
2026-05-15 16:00,Building A,Floor 2,Lighting,F2-LIGHT,7.18,7.18,0.88,13.0,No,Normal simulated hourly value
2026-05-15 16:00,Building A,Floor 2,Plug Loads,F2-PLUG,10.5,10.5,0.88,13.0,No,Normal simulated hourly value
2026-05-15 16:00,Building A,Floor 3,HVAC,F3-HVAC,19.83,19.83,0.88,13.0,No,Normal simulated hourly value
2026-05-15 16:00,Building A,Floor 3,Lighting,F3-LIGHT,6.01,6.01,0.88,13.0,No,Normal simulated hourly value
2026-05-15 16:00,Building A,Floor 3,Server Room,F3-SERVER,13.11,13.11,0.88,13.0,No,Normal simulated hourly value
2026-05-15 16:00,Building A,Common Areas,Elevators,CA-ELEV,4.28,4.28,0.88,13.0,No,Normal simulated hourly value
2026-05-15 16:00,Building A,Common Areas,Fire System,CA-FIRE,0.33,0.33,0.88,13.0,No,Normal simulated hourly value
2026-05-15 16:00,Building A,Common Areas,Outdoor Lighting,CA-OUTLIGHT,0.4,0.4,0.88,13.0,No,Normal simulated hourly value
2026-05-15 17:00,Building A,Floor 1,HVAC,F1-HVAC,21.6,21.6,0.84,12.5,No,Normal simulated hourly value
2026-05-15 17:00,Building A,Floor 1,Lighting,F1-LIGHT,7.79,7.79,0.84,12.5,No,Normal simulated hourly value
2026-05-15 17:00,Building A,Floor 1,Plug Loads,F1-PLUG,9.32,9.32,0.84,12.5,No,Normal simulated hourly value
2026-05-15 17:00,Building A,Floor 2,HVAC,F2-HVAC,23.76,23.76,0.84,12.5,No,Normal simulated hourly value
2026-05-15 17:00,Building A,Floor 2,Lighting,F2-LIGHT,8.83,8.83,0.84,12.5,No,Normal simulated hourly value
2026-05-15 17:00,Building A,Floor 2,Plug Loads,F2-PLUG,10.02,10.02,0.84,12.5,No,Normal simulated hourly value
2026-05-15 17:00,Building A,Floor 3,HVAC,F3-HVAC,20.3,20.3,0.84,12.5,No,Normal simulated hourly value
2026-05-15 17:00,Building A,Floor 3,Lighting,F3-LIGHT,7.56,7.56,0.84,12.5,No,Normal simulated hourly value
2026-05-15 17:00,Building A,Floor 3,Server Room,F3-SERVER,12.98,12.98,0.84,12.5,No,Normal simulated hourly value
2026-05-15 17:00,Building A,Common Areas,Elevators,CA-ELEV,4.17,4.17,0.84,12.5,No,Normal simulated hourly value
2026-05-15 17:00,Building A,Common Areas,Fire System,CA-FIRE,0.38,0.38,0.84,12.5,No,Normal simulated hourly value
2026-05-15 17:00,Building A,Common Areas,Outdoor Lighting,CA-OUTLIGHT,0.05,0.05,0.84,12.5,No,Normal simulated hourly value
2026-05-15 18:00,Building A,Floor 1,HVAC,F1-HVAC,13.14,13.14,0.26,12.5,No,Normal simulated hourly value
2026-05-15 18:00,Building A,Floor 1,Lighting,F1-LIGHT,3.69,3.69,0.26,12.5,No,Normal simulated hourly value
2026-05-15 18:00,Building A,Floor 1,Plug Loads,F1-PLUG,4.57,4.57,0.26,12.5,No,Normal simulated hourly value
2026-05-15 18:00,Building A,Floor 2,HVAC,F2-HVAC,14.88,14.88,0.26,12.5,No,Normal simulated hourly value
2026-05-15 18:00,Building A,Floor 2,Lighting,F2-LIGHT,3.9,3.9,0.26,12.5,No,Normal simulated hourly value
2026-05-15 18:00,Building A,Floor 2,Plug Loads,F2-PLUG,4.72,4.72,0.26,12.5,No,Normal simulated hourly value
2026-05-15 18:00,Building A,Floor 3,HVAC,F3-HVAC,12.78,12.78,0.26,12.5,No,Normal simulated hourly value
2026-05-15 18:00,Building A,Floor 3,Lighting,F3-LIGHT,3.18,3.18,0.26,12.5,No,Normal simulated hourly value
2026-05-15 18:00,Building A,Floor 3,Server Room,F3-SERVER,14.53,14.53,0.26,12.5,No,Normal simulated hourly value
2026-05-15 18:00,Building A,Common Areas,Elevators,CA-ELEV,1.74,1.74,0.26,12.5,No,Normal simulated hourly value
2026-05-15 18:00,Building A,Common Areas,Fire System,CA-FIRE,0.36,0.36,0.26,12.5,No,Normal simulated hourly value
2026-05-15 18:00,Building A,Common Areas,Outdoor Lighting,CA-OUTLIGHT,0.33,0.33,0.26,12.5,No,Normal simulated hourly value
2026-05-15 19:00,Building A,Floor 1,HVAC,F1-HVAC,14.31,14.31,0.29,11.2,No,Normal simulated hourly value
2026-05-15 19:00,Building A,Floor 1,Lighting,F1-LIGHT,3.78,3.78,0.29,11.2,No,Normal simulated hourly value
2026-05-15 19:00,Building A,Floor 1,Plug Loads,F1-PLUG,4.8,4.8,0.29,11.2,No,Normal simulated hourly value
2026-05-15 19:00,Building A,Floor 2,HVAC,F2-HVAC,15.07,15.07,0.29,11.2,No,Normal simulated hourly value
2026-05-15 19:00,Building A,Floor 2,Lighting,F2-LIGHT,3.77,3.77,0.29,11.2,No,Normal simulated hourly value
2026-05-15 19:00,Building A,Floor 2,Plug Loads,F2-PLUG,4.75,4.75,0.29,11.2,No,Normal simulated hourly value
2026-05-15 19:00,Building A,Floor 3,HVAC,F3-HVAC,12.88,12.88,0.29,11.2,No,Normal simulated hourly value
2026-05-15 19:00,Building A,Floor 3,Lighting,F3-LIGHT,3.57,3.57,0.29,11.2,No,Normal simulated hourly value
2026-05-15 19:00,Building A,Floor 3,Server Room,F3-SERVER,13.86,13.86,0.29,11.2,No,Normal simulated hourly value
2026-05-15 19:00,Building A,Common Areas,Elevators,CA-ELEV,2.05,2.05,0.29,11.2,No,Normal simulated hourly value
2026-05-15 19:00,Building A,Common Areas,Fire System,CA-FIRE,0.34,0.34,0.29,11.2,No,Normal simulated hourly value
2026-05-15 19:00,Building A,Common Areas,Outdoor Lighting,CA-OUTLIGHT,1.27,1.27,0.29,11.2,No,Normal simulated hourly value
2026-05-15 20:00,Building A,Floor 1,HVAC,F1-HVAC,14.35,14.35,0.27,11.2,No,Normal simulated hourly value
2026-05-15 20:00,Building A,Floor 1,Lighting,F1-LIGHT,4.76,4.76,0.27,11.2,No,Normal simulated hourly value
2026-05-15 20:00,Building A,Floor 1,Plug Loads,F1-PLUG,4.65,4.65,0.27,11.2,No,Normal simulated hourly value
2026-05-15 20:00,Building A,Floor 2,HVAC,F2-HVAC,15.55,15.55,0.27,11.2,No,Normal simulated hourly value
2026-05-15 20:00,Building A,Floor 2,Lighting,F2-LIGHT,4.9,4.9,0.27,11.2,No,Normal simulated hourly value
2026-05-15 20:00,Building A,Floor 2,Plug Loads,F2-PLUG,4.68,4.68,0.27,11.2,No,Normal simulated hourly value
2026-05-15 20:00,Building A,Floor 3,HVAC,F3-HVAC,12.38,12.38,0.27,11.2,No,Normal simulated hourly value
2026-05-15 20:00,Building A,Floor 3,Lighting,F3-LIGHT,4.14,4.14,0.27,11.2,No,Normal simulated hourly value
2026-05-15 20:00,Building A,Floor 3,Server Room,F3-SERVER,14.17,14.17,0.27,11.2,No,Normal simulated hourly value
2026-05-15 20:00,Building A,Common Areas,Elevators,CA-ELEV,1.65,1.65,0.27,11.2,No,Normal simulated hourly value
2026-05-15 20:00,Building A,Common Areas,Fire System,CA-FIRE,0.34,0.34,0.27,11.2,No,Normal simulated hourly value
2026-05-15 20:00,Building A,Common Areas,Outdoor Lighting,CA-OUTLIGHT,4.66,4.66,0.27,11.2,No,Normal simulated hourly value
2026-05-15 21:00,Building A,Floor 1,HVAC,F1-HVAC,10.78,10.78,0.04,10.9,No,Normal simulated hourly value
2026-05-15 21:00,Building A,Floor 1,Lighting,F1-LIGHT,1.69,1.69,0.04,10.9,No,Normal simulated hourly value
2026-05-15 21:00,Building A,Floor 1,Plug Loads,F1-PLUG,2.73,2.73,0.04,10.9,No,Normal simulated hourly value
2026-05-15 21:00,Building A,Floor 2,HVAC,F2-HVAC,11.91,11.91,0.04,10.9,No,Normal simulated hourly value
2026-05-15 21:00,Building A,Floor 2,Lighting,F2-LIGHT,1.85,1.85,0.04,10.9,No,Normal simulated hourly value
2026-05-15 21:00,Building A,Floor 2,Plug Loads,F2-PLUG,2.8,2.8,0.04,10.9,No,Normal simulated hourly value
2026-05-15 21:00,Building A,Floor 3,HVAC,F3-HVAC,10.12,10.12,0.04,10.9,No,Normal simulated hourly value
2026-05-15 21:00,Building A,Floor 3,Lighting,F3-LIGHT,1.56,1.56,0.04,10.9,No,Normal simulated hourly value
2026-05-15 21:00,Building A,Floor 3,Server Room,F3-SERVER,13.16,13.16,0.04,10.9,No,Normal simulated hourly value
2026-05-15 21:00,Building A,Common Areas,Elevators,CA-ELEV,0.93,0.93,0.04,10.9,No,Normal simulated hourly value
2026-05-15 21:00,Building A,Common Areas,Fire System,CA-FIRE,0.34,0.34,0.04,10.9,No,Normal simulated hourly value
2026-05-15 21:00,Building A,Common Areas,Outdoor Lighting,CA-OUTLIGHT,5.02,5.02,0.04,10.9,No,Normal simulated hourly value
2026-05-15 22:00,Building A,Floor 1,HVAC,F1-HVAC,12.08,12.08,0.11,10.6,No,Normal simulated hourly value
2026-05-15 22:00,Building A,Floor 1,Lighting,F1-LIGHT,3.51,3.51,0.11,10.6,No,Normal simulated hourly value
2026-05-15 22:00,Building A,Floor 1,Plug Loads,F1-PLUG,3.13,3.13,0.11,10.6,No,Normal simulated hourly value
2026-05-15 22:00,Building A,Floor 2,HVAC,F2-HVAC,13.45,13.45,0.11,10.6,No,Normal simulated hourly value
2026-05-15 22:00,Building A,Floor 2,Lighting,F2-LIGHT,4.11,4.11,0.11,10.6,No,Normal simulated hourly value
2026-05-15 22:00,Building A,Floor 2,Plug Loads,F2-PLUG,3.49,3.49,0.11,10.6,No,Normal simulated hourly value
2026-05-15 22:00,Building A,Floor 3,HVAC,F3-HVAC,11.31,11.31,0.11,10.6,No,Normal simulated hourly value
2026-05-15 22:00,Building A,Floor 3,Lighting,F3-LIGHT,3.16,3.16,0.11,10.6,No,Normal simulated hourly value
2026-05-15 22:00,Building A,Floor 3,Server Room,F3-SERVER,13.17,13.17,0.11,10.6,No,Normal simulated hourly value
2026-05-15 22:00,Building A,Common Areas,Elevators,CA-ELEV,1.11,1.11,0.11,10.6,No,Normal simulated hourly value
2026-05-15 22:00,Building A,Common Areas,Fire System,CA-FIRE,0.35,0.35,0.11,10.6,No,Normal simulated hourly value
2026-05-15 22:00,Building A,Common Areas,Outdoor Lighting,CA-OUTLIGHT,4.7,4.7,0.11,10.6,No,Normal simulated hourly value
2026-05-15 23:00,Building A,Floor 1,HVAC,F1-HVAC,12.5,12.5,0.1,10.1,No,Normal simulated hourly value
2026-05-15 23:00,Building A,Floor 1,Lighting,F1-LIGHT,3.52,3.52,0.1,10.1,No,Normal simulated hourly value
2026-05-15 23:00,Building A,Floor 1,Plug Loads,F1-PLUG,3.33,3.33,0.1,10.1,No,Normal simulated hourly value
2026-05-15 23:00,Building A,Floor 2,HVAC,F2-HVAC,13.03,13.03,0.1,10.1,No,Normal simulated hourly value
2026-05-15 23:00,Building A,Floor 2,Lighting,F2-LIGHT,3.54,3.54,0.1,10.1,No,Normal simulated hourly value
2026-05-15 23:00,Building A,Floor 2,Plug Loads,F2-PLUG,3.14,3.14,0.1,10.1,No,Normal simulated hourly value
2026-05-15 23:00,Building A,Floor 3,HVAC,F3-HVAC,10.69,10.69,0.1,10.1,No,Normal simulated hourly value
2026-05-15 23:00,Building A,Floor 3,Lighting,F3-LIGHT,3.29,3.29,0.1,10.1,No,Normal simulated hourly value
2026-05-15 23:00,Building A,Floor 3,Server Room,F3-SERVER,14.42,14.42,0.1,10.1,No,Normal simulated hourly value
2026-05-15 23:00,Building A,Common Areas,Elevators,CA-ELEV,0.96,0.96,0.1,10.1,No,Normal simulated hourly value
2026-05-15 23:00,Building A,Common Areas,Fire System,CA-FIRE,0.33,0.33,0.1,10.1,No,Normal simulated hourly value
2026-05-15 23:00,Building A,Common Areas,Outdoor Lighting,CA-OUTLIGHT,4.89,4.89,0.1,10.1,No,Normal simulated hourly value
2026-05-16 00:00,Building A,Floor 1,HVAC,F1-HVAC,11.44,11.44,0.09,10.2,Yes,Normal simulated hourly value
2026-05-16 00:00,Building A,Floor 1,Lighting,F1-LIGHT,3.56,3.56,0.09,10.2,Yes,Normal simulated hourly value
2026-05-16 00:00,Building A,Floor 1,Plug Loads,F1-PLUG,3.1,3.1,0.09,10.2,Yes,Normal simulated hourly value
2026-05-16 00:00,Building A,Floor 2,HVAC,F2-HVAC,12.83,12.83,0.09,10.2,Yes,Normal simulated hourly value
2026-05-16 00:00,Building A,Floor 2,Lighting,F2-LIGHT,3.66,3.66,0.09,10.2,Yes,Normal simulated hourly value
2026-05-16 00:00,Building A,Floor 2,Plug Loads,F2-PLUG,3.42,3.42,0.09,10.2,Yes,Normal simulated hourly value
2026-05-16 00:00,Building A,Floor 3,HVAC,F3-HVAC,10.67,10.67,0.09,10.2,Yes,Normal simulated hourly value
2026-05-16 00:00,Building A,Floor 3,Lighting,F3-LIGHT,3.4,3.4,0.09,10.2,Yes,Normal simulated hourly value
2026-05-16 00:00,Building A,Floor 3,Server Room,F3-SERVER,14.59,14.59,0.09,10.2,Yes,Normal simulated hourly value
2026-05-16 00:00,Building A,Common Areas,Elevators,CA-ELEV,1.46,1.46,0.09,10.2,Yes,Normal simulated hourly value
2026-05-16 00:00,Building A,Common Areas,Fire System,CA-FIRE,0.38,0.38,0.09,10.2,Yes,Normal simulated hourly value
2026-05-16 00:00,Building A,Common Areas,Outdoor Lighting,CA-OUTLIGHT,4.67,4.67,0.09,10.2,Yes,Normal simulated hourly value
2026-05-16 01:00,Building A,Floor 1,HVAC,F1-HVAC,11.54,11.54,0.04,10.3,Yes,Normal simulated hourly value
2026-05-16 01:00,Building A,Floor 1,Lighting,F1-LIGHT,1.84,1.84,0.04,10.3,Yes,Normal simulated hourly value
2026-05-16 01:00,Building A,Floor 1,Plug Loads,F1-PLUG,2.71,2.71,0.04,10.3,Yes,Normal simulated hourly value
2026-05-16 01:00,Building A,Floor 2,HVAC,F2-HVAC,11.79,11.79,0.04,10.3,Yes,Normal simulated hourly value
2026-05-16 01:00,Building A,Floor 2,Lighting,F2-LIGHT,1.98,1.98,0.04,10.3,Yes,Normal simulated hourly value
2026-05-16 01:00,Building A,Floor 2,Plug Loads,F2-PLUG,2.66,2.66,0.04,10.3,Yes,Normal simulated hourly value
2026-05-16 01:00,Building A,Floor 3,HVAC,F3-HVAC,9.88,9.88,0.04,10.3,Yes,Normal simulated hourly value
2026-05-16 01:00,Building A,Floor 3,Lighting,F3-LIGHT,1.67,1.67,0.04,10.3,Yes,Normal simulated hourly value
2026-05-16 01:00,Building A,Floor 3,Server Room,F3-SERVER,13.08,13.08,0.04,10.3,Yes,Normal simulated hourly value
2026-05-16 01:00,Building A,Common Areas,Elevators,CA-ELEV,1.26,1.26,0.04,10.3,Yes,Normal simulated hourly value
2026-05-16 01:00,Building A,Common Areas,Fire System,CA-FIRE,0.37,0.37,0.04,10.3,Yes,Normal simulated hourly value
2026-05-16 01:00,Building A,Common Areas,Outdoor Lighting,CA-OUTLIGHT,4.74,4.74,0.04,10.3,Yes,Normal simulated hourly value
2026-05-16 02:00,Building A,Floor 1,HVAC,F1-HVAC,11.19,11.19,0.07,10.2,Yes,Normal simulated hourly value
2026-05-16 02:00,Building A,Floor 1,Lighting,F1-LIGHT,1.83,1.83,0.07,10.2,Yes,Normal simulated hourly value
2026-05-16 02:00,Building A,Floor 1,Plug Loads,F1-PLUG,2.65,2.65,0.07,10.2,Yes,Normal simulated hourly value
2026-05-16 02:00,Building A,Floor 2,HVAC,F2-HVAC,12.97,12.97,0.07,10.2,Yes,Normal simulated hourly value
2026-05-16 02:00,Building A,Floor 2,Lighting,F2-LIGHT,2.26,2.26,0.07,10.2,Yes,Normal simulated hourly value
2026-05-16 02:00,Building A,Floor 2,Plug Loads,F2-PLUG,2.97,2.97,0.07,10.2,Yes,Normal simulated hourly value
2026-05-16 02:00,Building A,Floor 3,HVAC,F3-HVAC,10.19,10.19,0.07,10.2,Yes,Normal simulated hourly value
2026-05-16 02:00,Building A,Floor 3,Lighting,F3-LIGHT,1.78,1.78,0.07,10.2,Yes,Normal simulated hourly value
2026-05-16 02:00,Building A,Floor 3,Server Room,F3-SERVER,14.4,14.4,0.07,10.2,Yes,Normal simulated hourly value
2026-05-16 02:00,Building A,Common Areas,Elevators,CA-ELEV,1.19,1.19,0.07,10.2,Yes,Normal simulated hourly value
2026-05-16 02:00,Building A,Common Areas,Fire System,CA-FIRE,0.36,0.36,0.07,10.2,Yes,Normal simulated hourly value
2026-05-16 02:00,Building A,Common Areas,Outdoor Lighting,CA-OUTLIGHT,4.96,4.96,0.07,10.2,Yes,Normal simulated hourly value
2026-05-16 03:00,Building A,Floor 1,HVAC,F1-HVAC,11.02,11.02,0.07,11.3,Yes,Normal simulated hourly value
2026-05-16 03:00,Building A,Floor 1,Lighting,F1-LIGHT,1.85,1.85,0.07,11.3,Yes,Normal simulated hourly value
2026-05-16 03:00,Building A,Floor 1,Plug Loads,F1-PLUG,2.97,2.97,0.07,11.3,Yes,Normal simulated hourly value
2026-05-16 03:00,Building A,Floor 2,HVAC,F2-HVAC,11.52,11.52,0.07,11.3,Yes,Normal simulated hourly value
2026-05-16 03:00,Building A,Floor 2,Lighting,F2-LIGHT,2.34,2.34,0.07,11.3,Yes,Normal simulated hourly value
2026-05-16 03:00,Building A,Floor 2,Plug Loads,F2-PLUG,3.01,3.01,0.07,11.3,Yes,Normal simulated hourly value
2026-05-16 03:00,Building A,Floor 3,HVAC,F3-HVAC,10.65,10.65,0.07,11.3,Yes,Normal simulated hourly value
2026-05-16 03:00,Building A,Floor 3,Lighting,F3-LIGHT,1.91,1.91,0.07,11.3,Yes,Normal simulated hourly value
2026-05-16 03:00,Building A,Floor 3,Server Room,F3-SERVER,13.01,13.01,0.07,11.3,Yes,Normal simulated hourly value
2026-05-16 03:00,Building A,Common Areas,Elevators,CA-ELEV,1.01,1.01,0.07,11.3,Yes,Normal simulated hourly value
2026-05-16 03:00,Building A,Common Areas,Fire System,CA-FIRE,0.38,0.38,0.07,11.3,Yes,Normal simulated hourly value
2026-05-16 03:00,Building A,Common Areas,Outdoor Lighting,CA-OUTLIGHT,4.93,4.93,0.07,11.3,Yes,Normal simulated hourly value
2026-05-16 04:00,Building A,Floor 1,HVAC,F1-HVAC,11.13,11.13,0.09,11.0,Yes,Normal simulated hourly value
2026-05-16 04:00,Building A,Floor 1,Lighting,F1-LIGHT,3.53,3.53,0.09,11.0,Yes,Normal simulated hourly value
2026-05-16 04:00,Building A,Floor 1,Plug Loads,F1-PLUG,2.67,2.67,0.09,11.0,Yes,Normal simulated hourly value
2026-05-16 04:00,Building A,Floor 2,HVAC,F2-HVAC,12.38,12.38,0.09,11.0,Yes,Normal simulated hourly value
2026-05-16 04:00,Building A,Floor 2,Lighting,F2-LIGHT,3.6,3.6,0.09,11.0,Yes,Normal simulated hourly value
2026-05-16 04:00,Building A,Floor 2,Plug Loads,F2-PLUG,3.27,3.27,0.09,11.0,Yes,Normal simulated hourly value
2026-05-16 04:00,Building A,Floor 3,HVAC,F3-HVAC,10.74,10.74,0.09,11.0,Yes,Normal simulated hourly value
2026-05-16 04:00,Building A,Floor 3,Lighting,F3-LIGHT,3.2,3.2,0.09,11.0,Yes,Normal simulated hourly value
2026-05-16 04:00,Building A,Floor 3,Server Room,F3-SERVER,13.78,13.78,0.09,11.0,Yes,Normal simulated hourly value
2026-05-16 04:00,Building A,Common Areas,Elevators,CA-ELEV,1.08,1.08,0.09,11.0,Yes,Normal simulated hourly value
2026-05-16 04:00,Building A,Common Areas,Fire System,CA-FIRE,0.32,0.32,0.09,11.0,Yes,Normal simulated hourly value
2026-05-16 04:00,Building A,Common Areas,Outdoor Lighting,CA-OUTLIGHT,4.69,4.69,0.09,11.0,Yes,Normal simulated hourly value
2026-05-16 05:00,Building A,Floor 1,HVAC,F1-HVAC,10.38,10.38,0.03,12.3,Yes,Normal simulated hourly value
2026-05-16 05:00,Building A,Floor 1,Lighting,F1-LIGHT,1.84,1.84,0.03,12.3,Yes,Normal simulated hourly value
2026-05-16 05:00,Building A,Floor 1,Plug Loads,F1-PLUG,2.64,2.64,0.03,12.3,Yes,Normal simulated hourly value
2026-05-16 05:00,Building A,Floor 2,HVAC,F2-HVAC,11.29,11.29,0.03,12.3,Yes,Normal simulated hourly value
2026-05-16 05:00,Building A,Floor 2,Lighting,F2-LIGHT,1.64,1.64,0.03,12.3,Yes,Normal simulated hourly value
2026-05-16 05:00,Building A,Floor 2,Plug Loads,F2-PLUG,2.41,2.41,0.03,12.3,Yes,Normal simulated hourly value
2026-05-16 05:00,Building A,Floor 3,HVAC,F3-HVAC,8.78,8.78,0.03,12.3,Yes,Normal simulated hourly value
2026-05-16 05:00,Building A,Floor 3,Lighting,F3-LIGHT,1.41,1.41,0.03,12.3,Yes,Normal simulated hourly value
2026-05-16 05:00,Building A,Floor 3,Server Room,F3-SERVER,14.37,14.37,0.03,12.3,Yes,Normal simulated hourly value
2026-05-16 05:00,Building A,Common Areas,Elevators,CA-ELEV,0.93,0.93,0.03,12.3,Yes,Normal simulated hourly value
2026-05-16 05:00,Building A,Common Areas,Fire System,CA-FIRE,0.34,0.34,0.03,12.3,Yes,Normal simulated hourly value
2026-05-16 05:00,Building A,Common Areas,Outdoor Lighting,CA-OUTLIGHT,4.83,4.83,0.03,12.3,Yes,Normal simulated hourly value
2026-05-16 06:00,Building A,Floor 1,HVAC,F1-HVAC,10.29,10.29,0.05,12.8,Yes,Normal simulated hourly value
2026-05-16 06:00,Building A,Floor 1,Lighting,F1-LIGHT,2.1,2.1,0.05,12.8,Yes,Normal simulated hourly value
2026-05-16 06:00,Building A,Floor 1,Plug Loads,F1-PLUG,2.72,2.72,0.05,12.8,Yes,Normal simulated hourly value
2026-05-16 06:00,Building A,Floor 2,HVAC,F2-HVAC,11.3,11.3,0.05,12.8,Yes,Normal simulated hourly value
2026-05-16 06:00,Building A,Floor 2,Lighting,F2-LIGHT,2.2,2.2,0.05,12.8,Yes,Normal simulated hourly value
2026-05-16 06:00,Building A,Floor 2,Plug Loads,F2-PLUG,2.59,2.59,0.05,12.8,Yes,Normal simulated hourly value
2026-05-16 06:00,Building A,Floor 3,HVAC,F3-HVAC,9.11,9.11,0.05,12.8,Yes,Normal simulated hourly value
2026-05-16 06:00,Building A,Floor 3,Lighting,F3-LIGHT,1.77,1.77,0.05,12.8,Yes,Normal simulated hourly value
2026-05-16 06:00,Building A,Floor 3,Server Room,F3-SERVER,12.92,12.92,0.05,12.8,Yes,Normal simulated hourly value
2026-05-16 06:00,Building A,Common Areas,Elevators,CA-ELEV,0.98,0.98,0.05,12.8,Yes,Normal simulated hourly value
2026-05-16 06:00,Building A,Common Areas,Fire System,CA-FIRE,0.35,0.35,0.05,12.8,Yes,Normal simulated hourly value
2026-05-16 06:00,Building A,Common Areas,Outdoor Lighting,CA-OUTLIGHT,1.08,1.08,0.05,12.8,Yes,Normal simulated hourly value
2026-05-16 07:00,Building A,Floor 1,HVAC,F1-HVAC,9.77,9.77,0.04,13.2,Yes,Normal simulated hourly value
2026-05-16 07:00,Building A,Floor 1,Lighting,F1-LIGHT,1.54,1.54,0.04,13.2,Yes,Normal simulated hourly value
2026-05-16 07:00,Building A,Floor 1,Plug Loads,F1-PLUG,2.37,2.37,0.04,13.2,Yes,Normal simulated hourly value
2026-05-16 07:00,Building A,Floor 2,HVAC,F2-HVAC,10.96,10.96,0.04,13.2,Yes,Normal simulated hourly value
2026-05-16 07:00,Building A,Floor 2,Lighting,F2-LIGHT,2.19,2.19,0.04,13.2,Yes,Normal simulated hourly value
2026-05-16 07:00,Building A,Floor 2,Plug Loads,F2-PLUG,2.73,2.73,0.04,13.2,Yes,Normal simulated hourly value
2026-05-16 07:00,Building A,Floor 3,HVAC,F3-HVAC,8.42,8.42,0.04,13.2,Yes,Normal simulated hourly value
2026-05-16 07:00,Building A,Floor 3,Lighting,F3-LIGHT,1.41,1.41,0.04,13.2,Yes,Normal simulated hourly value
2026-05-16 07:00,Building A,Floor 3,Server Room,F3-SERVER,14.52,14.52,0.04,13.2,Yes,Normal simulated hourly value
2026-05-16 07:00,Building A,Common Areas,Elevators,CA-ELEV,1.09,1.09,0.04,13.2,Yes,Normal simulated hourly value
2026-05-16 07:00,Building A,Common Areas,Fire System,CA-FIRE,0.38,0.38,0.04,13.2,Yes,Normal simulated hourly value
2026-05-16 07:00,Building A,Common Areas,Outdoor Lighting,CA-OUTLIGHT,0.48,0.48,0.04,13.2,Yes,Normal simulated hourly value
2026-05-16 08:00,Building A,Floor 1,HVAC,F1-HVAC,10.44,10.44,0.08,13.5,Yes,Normal simulated hourly value
2026-05-16 08:00,Building A,Floor 1,Lighting,F1-LIGHT,2.06,2.06,0.08,13.5,Yes,Normal simulated hourly value
2026-05-16 08:00,Building A,Floor 1,Plug Loads,F1-PLUG,2.63,2.63,0.08,13.5,Yes,Normal simulated hourly value
2026-05-16 08:00,Building A,Floor 2,HVAC,F2-HVAC,10.59,10.59,0.08,13.5,Yes,Normal simulated hourly value
2026-05-16 08:00,Building A,Floor 2,Lighting,F2-LIGHT,2.14,2.14,0.08,13.5,Yes,Normal simulated hourly value
2026-05-16 08:00,Building A,Floor 2,Plug Loads,F2-PLUG,3.31,3.31,0.08,13.5,Yes,Normal simulated hourly value
2026-05-16 08:00,Building A,Floor 3,HVAC,F3-HVAC,9.24,9.24,0.08,13.5,Yes,Normal simulated hourly value
2026-05-16 08:00,Building A,Floor 3,Lighting,F3-LIGHT,2.19,2.19,0.08,13.5,Yes,Normal simulated hourly value
2026-05-16 08:00,Building A,Floor 3,Server Room,F3-SERVER,14.26,14.26,0.08,13.5,Yes,Normal simulated hourly value
2026-05-16 08:00,Building A,Common Areas,Elevators,CA-ELEV,1.09,1.09,0.08,13.5,Yes,Normal simulated hourly value
2026-05-16 08:00,Building A,Common Areas,Fire System,CA-FIRE,0.36,0.36,0.08,13.5,Yes,Normal simulated hourly value
2026-05-16 08:00,Building A,Common Areas,Outdoor Lighting,CA-OUTLIGHT,0.49,0.49,0.08,13.5,Yes,Normal simulated hourly value
2026-05-16 09:00,Building A,Floor 1,HVAC,F1-HVAC,10.39,10.39,0.06,13.3,Yes,Normal simulated hourly value
2026-05-16 09:00,Building A,Floor 1,Lighting,F1-LIGHT,1.87,1.87,0.06,13.3,Yes,Normal simulated hourly value
2026-05-16 09:00,Building A,Floor 1,Plug Loads,F1-PLUG,2.87,2.87,0.06,13.3,Yes,Normal simulated hourly value
2026-05-16 09:00,Building A,Floor 2,HVAC,F2-HVAC,11.33,11.33,0.06,13.3,Yes,Normal simulated hourly value
2026-05-16 09:00,Building A,Floor 2,Lighting,F2-LIGHT,2.06,2.06,0.06,13.3,Yes,Normal simulated hourly value
2026-05-16 09:00,Building A,Floor 2,Plug Loads,F2-PLUG,3.09,3.09,0.06,13.3,Yes,Normal simulated hourly value
2026-05-16 09:00,Building A,Floor 3,HVAC,F3-HVAC,8.62,8.62,0.06,13.3,Yes,Normal simulated hourly value
2026-05-16 09:00,Building A,Floor 3,Lighting,F3-LIGHT,1.67,1.67,0.06,13.3,Yes,Normal simulated hourly value
2026-05-16 09:00,Building A,Floor 3,Server Room,F3-SERVER,13.78,13.78,0.06,13.3,Yes,Normal simulated hourly value
2026-05-16 09:00,Building A,Common Areas,Elevators,CA-ELEV,1.09,1.09,0.06,13.3,Yes,Normal simulated hourly value
2026-05-16 09:00,Building A,Common Areas,Fire System,CA-FIRE,0.35,0.35,0.06,13.3,Yes,Normal simulated hourly value
2026-05-16 09:00,Building A,Common Areas,Outdoor Lighting,CA-OUTLIGHT,0.33,0.33,0.06,13.3,Yes,Normal simulated hourly value
2026-05-16 10:00,Building A,Floor 1,HVAC,F1-HVAC,12.05,12.05,0.19,13.7,Yes,Normal simulated hourly value
2026-05-16 10:00,Building A,Floor 1,Lighting,F1-LIGHT,2.74,2.74,0.19,13.7,Yes,Normal simulated hourly value
2026-05-16 10:00,Building A,Floor 1,Plug Loads,F1-PLUG,3.56,3.56,0.19,13.7,Yes,Normal simulated hourly value
2026-05-16 10:00,Building A,Floor 2,HVAC,F2-HVAC,12.21,12.21,0.19,13.7,Yes,Normal simulated hourly value
2026-05-16 10:00,Building A,Floor 2,Lighting,F2-LIGHT,2.95,2.95,0.19,13.7,Yes,Normal simulated hourly value
2026-05-16 10:00,Building A,Floor 2,Plug Loads,F2-PLUG,4.2,4.2,0.19,13.7,Yes,Normal simulated hourly value
2026-05-16 10:00,Building A,Floor 3,HVAC,F3-HVAC,11.04,11.04,0.19,13.7,Yes,Normal simulated hourly value
2026-05-16 10:00,Building A,Floor 3,Lighting,F3-LIGHT,2.29,2.29,0.19,13.7,Yes,Normal simulated hourly value
2026-05-16 10:00,Building A,Floor 3,Server Room,F3-SERVER,12.91,12.91,0.19,13.7,Yes,Normal simulated hourly value
2026-05-16 10:00,Building A,Common Areas,Elevators,CA-ELEV,1.62,1.62,0.19,13.7,Yes,Normal simulated hourly value
2026-05-16 10:00,Building A,Common Areas,Fire System,CA-FIRE,0.34,0.34,0.19,13.7,Yes,Normal simulated hourly value
2026-05-16 10:00,Building A,Common Areas,Outdoor Lighting,CA-OUTLIGHT,0.09,0.09,0.19,13.7,Yes,Normal simulated hourly value
2026-05-16 11:00,Building A,Floor 1,HVAC,F1-HVAC,11.31,11.31,0.19,14.3,Yes,Normal simulated hourly value
2026-05-16 11:00,Building A,Floor 1,Lighting,F1-LIGHT,2.33,2.33,0.19,14.3,Yes,Normal simulated hourly value
2026-05-16 11:00,Building A,Floor 1,Plug Loads,F1-PLUG,3.73,3.73,0.19,14.3,Yes,Normal simulated hourly value
2026-05-16 11:00,Building A,Floor 2,HVAC,F2-HVAC,11.85,11.85,0.19,14.3,Yes,Normal simulated hourly value
2026-05-16 11:00,Building A,Floor 2,Lighting,F2-LIGHT,2.88,2.88,0.19,14.3,Yes,Normal simulated hourly value
2026-05-16 11:00,Building A,Floor 2,Plug Loads,F2-PLUG,4.01,4.01,0.19,14.3,Yes,Normal simulated hourly value
2026-05-16 11:00,Building A,Floor 3,HVAC,F3-HVAC,10.37,10.37,0.19,14.3,Yes,Normal simulated hourly value
2026-05-16 11:00,Building A,Floor 3,Lighting,F3-LIGHT,2.28,2.28,0.19,14.3,Yes,Normal simulated hourly value
2026-05-16 11:00,Building A,Floor 3,Server Room,F3-SERVER,13.05,13.05,0.19,14.3,Yes,Normal simulated hourly value
2026-05-16 11:00,Building A,Common Areas,Elevators,CA-ELEV,1.86,1.86,0.19,14.3,Yes,Normal simulated hourly value
2026-05-16 11:00,Building A,Common Areas,Fire System,CA-FIRE,0.38,0.38,0.19,14.3,Yes,Normal simulated hourly value
2026-05-16 11:00,Building A,Common Areas,Outdoor Lighting,CA-OUTLIGHT,0.08,0.08,0.19,14.3,Yes,Normal simulated hourly value
2026-05-16 12:00,Building A,Floor 1,HVAC,F1-HVAC,10.46,10.46,0.14,14.3,Yes,Normal simulated hourly value
2026-05-16 12:00,Building A,Floor 1,Lighting,F1-LIGHT,2.31,2.31,0.14,14.3,Yes,Normal simulated hourly value
2026-05-16 12:00,Building A,Floor 1,Plug Loads,F1-PLUG,3.13,3.13,0.14,14.3,Yes,Normal simulated hourly value
2026-05-16 12:00,Building A,Floor 2,HVAC,F2-HVAC,11.47,11.47,0.14,14.3,Yes,Normal simulated hourly value
2026-05-16 12:00,Building A,Floor 2,Lighting,F2-LIGHT,2.46,2.46,0.14,14.3,Yes,Normal simulated hourly value
2026-05-16 12:00,Building A,Floor 2,Plug Loads,F2-PLUG,3.65,3.65,0.14,14.3,Yes,Normal simulated hourly value
2026-05-16 12:00,Building A,Floor 3,HVAC,F3-HVAC,9.33,9.33,0.14,14.3,Yes,Normal simulated hourly value
2026-05-16 12:00,Building A,Floor 3,Lighting,F3-LIGHT,1.98,1.98,0.14,14.3,Yes,Normal simulated hourly value
2026-05-16 12:00,Building A,Floor 3,Server Room,F3-SERVER,14.03,14.03,0.14,14.3,Yes,Normal simulated hourly value
2026-05-16 12:00,Building A,Common Areas,Elevators,CA-ELEV,1.53,1.53,0.14,14.3,Yes,Normal simulated hourly value
2026-05-16 12:00,Building A,Common Areas,Fire System,CA-FIRE,0.33,0.33,0.14,14.3,Yes,Normal simulated hourly value
2026-05-16 12:00,Building A,Common Areas,Outdoor Lighting,CA-OUTLIGHT,0.47,0.47,0.14,14.3,Yes,Normal simulated hourly value
2026-05-16 13:00,Building A,Floor 1,HVAC,F1-HVAC,11.83,11.83,0.19,14.2,Yes,Normal simulated hourly value
2026-05-16 13:00,Building A,Floor 1,Lighting,F1-LIGHT,2.51,2.51,0.19,14.2,Yes,Normal simulated hourly value
2026-05-16 13:00,Building A,Floor 1,Plug Loads,F1-PLUG,3.72,3.72,0.19,14.2,Yes,Normal simulated hourly value
2026-05-16 13:00,Building A,Floor 2,HVAC,F2-HVAC,12.76,12.76,0.19,14.2,Yes,Normal simulated hourly value
2026-05-16 13:00,Building A,Floor 2,Lighting,F2-LIGHT,3.04,3.04,0.19,14.2,Yes,Normal simulated hourly value
2026-05-16 13:00,Building A,Floor 2,Plug Loads,F2-PLUG,4.4,4.4,0.19,14.2,Yes,Normal simulated hourly value
2026-05-16 13:00,Building A,Floor 3,HVAC,F3-HVAC,10.11,10.11,0.19,14.2,Yes,Normal simulated hourly value
2026-05-16 13:00,Building A,Floor 3,Lighting,F3-LIGHT,2.29,2.29,0.19,14.2,Yes,Normal simulated hourly value
2026-05-16 13:00,Building A,Floor 3,Server Room,F3-SERVER,13.26,13.26,0.19,14.2,Yes,Normal simulated hourly value
2026-05-16 13:00,Building A,Common Areas,Elevators,CA-ELEV,1.62,1.62,0.19,14.2,Yes,Normal simulated hourly value
2026-05-16 13:00,Building A,Common Areas,Fire System,CA-FIRE,0.38,0.38,0.19,14.2,Yes,Normal simulated hourly value
2026-05-16 13:00,Building A,Common Areas,Outdoor Lighting,CA-OUTLIGHT,0.35,0.35,0.19,14.2,Yes,Normal simulated hourly value
2026-05-16 14:00,Building A,Floor 1,HVAC,F1-HVAC,11.2,11.2,0.19,14.1,Yes,Normal simulated hourly value
2026-05-16 14:00,Building A,Floor 1,Lighting,F1-LIGHT,2.54,2.54,0.19,14.1,Yes,Normal simulated hourly value
2026-05-16 14:00,Building A,Floor 1,Plug Loads,F1-PLUG,4.0,4.0,0.19,14.1,Yes,Normal simulated hourly value
2026-05-16 14:00,Building A,Floor 2,HVAC,F2-HVAC,12.3,12.3,0.19,14.1,Yes,Normal simulated hourly value
2026-05-16 14:00,Building A,Floor 2,Lighting,F2-LIGHT,2.59,2.59,0.19,14.1,Yes,Normal simulated hourly value
2026-05-16 14:00,Building A,Floor 2,Plug Loads,F2-PLUG,4.16,4.16,0.19,14.1,Yes,Normal simulated hourly value
2026-05-16 14:00,Building A,Floor 3,HVAC,F3-HVAC,10.7,10.7,0.19,14.1,Yes,Normal simulated hourly value
2026-05-16 14:00,Building A,Floor 3,Lighting,F3-LIGHT,2.43,2.43,0.19,14.1,Yes,Normal simulated hourly value
2026-05-16 14:00,Building A,Floor 3,Server Room,F3-SERVER,13.89,13.89,0.19,14.1,Yes,Normal simulated hourly value
2026-05-16 14:00,Building A,Common Areas,Elevators,CA-ELEV,1.88,1.88,0.19,14.1,Yes,Normal simulated hourly value
2026-05-16 14:00,Building A,Common Areas,Fire System,CA-FIRE,0.36,0.36,0.19,14.1,Yes,Normal simulated hourly value
2026-05-16 14:00,Building A,Common Areas,Outdoor Lighting,CA-OUTLIGHT,0.15,0.15,0.19,14.1,Yes,Normal simulated hourly value
2026-05-16 15:00,Building A,Floor 1,HVAC,F1-HVAC,12.34,12.34,0.22,14.0,Yes,Normal simulated hourly value
2026-05-16 15:00,Building A,Floor 1,Lighting,F1-LIGHT,2.73,2.73,0.22,14.0,Yes,Normal simulated hourly value
2026-05-16 15:00,Building A,Floor 1,Plug Loads,F1-PLUG,4.07,4.07,0.22,14.0,Yes,Normal simulated hourly value
2026-05-16 15:00,Building A,Floor 2,HVAC,F2-HVAC,13.11,13.11,0.22,14.0,Yes,Normal simulated hourly value
2026-05-16 15:00,Building A,Floor 2,Lighting,F2-LIGHT,2.86,2.86,0.22,14.0,Yes,Normal simulated hourly value
2026-05-16 15:00,Building A,Floor 2,Plug Loads,F2-PLUG,4.49,4.49,0.22,14.0,Yes,Normal simulated hourly value
2026-05-16 15:00,Building A,Floor 3,HVAC,F3-HVAC,11.29,11.29,0.22,14.0,Yes,Normal simulated hourly value
2026-05-16 15:00,Building A,Floor 3,Lighting,F3-LIGHT,2.74,2.74,0.22,14.0,Yes,Normal simulated hourly value
2026-05-16 15:00,Building A,Floor 3,Server Room,F3-SERVER,14.68,14.68,0.22,14.0,Yes,Normal simulated hourly value
2026-05-16 15:00,Building A,Common Areas,Elevators,CA-ELEV,1.82,1.82,0.22,14.0,Yes,Normal simulated hourly value
2026-05-16 15:00,Building A,Common Areas,Fire System,CA-FIRE,0.35,0.35,0.22,14.0,Yes,Normal simulated hourly value
2026-05-16 15:00,Building A,Common Areas,Outdoor Lighting,CA-OUTLIGHT,0.35,0.35,0.22,14.0,Yes,Normal simulated hourly value
2026-05-16 16:00,Building A,Floor 1,HVAC,F1-HVAC,11.95,11.95,0.21,13.4,Yes,Normal simulated hourly value
2026-05-16 16:00,Building A,Floor 1,Lighting,F1-LIGHT,2.97,2.97,0.21,13.4,Yes,Normal simulated hourly value
2026-05-16 16:00,Building A,Floor 1,Plug Loads,F1-PLUG,4.01,4.01,0.21,13.4,Yes,Normal simulated hourly value
2026-05-16 16:00,Building A,Floor 2,HVAC,F2-HVAC,13.25,13.25,0.21,13.4,Yes,Normal simulated hourly value
2026-05-16 16:00,Building A,Floor 2,Lighting,F2-LIGHT,2.7,2.7,0.21,13.4,Yes,Normal simulated hourly value
2026-05-16 16:00,Building A,Floor 2,Plug Loads,F2-PLUG,4.47,4.47,0.21,13.4,Yes,Normal simulated hourly value
2026-05-16 16:00,Building A,Floor 3,HVAC,F3-HVAC,11.33,11.33,0.21,13.4,Yes,Normal simulated hourly value
2026-05-16 16:00,Building A,Floor 3,Lighting,F3-LIGHT,2.42,2.42,0.21,13.4,Yes,Normal simulated hourly value
2026-05-16 16:00,Building A,Floor 3,Server Room,F3-SERVER,12.98,12.98,0.21,13.4,Yes,Normal simulated hourly value
2026-05-16 16:00,Building A,Common Areas,Elevators,CA-ELEV,1.98,1.98,0.21,13.4,Yes,Normal simulated hourly value
2026-05-16 16:00,Building A,Common Areas,Fire System,CA-FIRE,0.34,0.34,0.21,13.4,Yes,Normal simulated hourly value
2026-05-16 16:00,Building A,Common Areas,Outdoor Lighting,CA-OUTLIGHT,0.48,0.48,0.21,13.4,Yes,Normal simulated hourly value
2026-05-16 17:00,Building A,Floor 1,HVAC,F1-HVAC,9.53,9.53,0.03,12.7,Yes,Normal simulated hourly value
2026-05-16 17:00,Building A,Floor 1,Lighting,F1-LIGHT,1.74,1.74,0.03,12.7,Yes,Normal simulated hourly value
2026-05-16 17:00,Building A,Floor 1,Plug Loads,F1-PLUG,2.47,2.47,0.03,12.7,Yes,Normal simulated hourly value
2026-05-16 17:00,Building A,Floor 2,HVAC,F2-HVAC,10.7,10.7,0.03,12.7,Yes,Normal simulated hourly value
2026-05-16 17:00,Building A,Floor 2,Lighting,F2-LIGHT,1.92,1.92,0.03,12.7,Yes,Normal simulated hourly value
2026-05-16 17:00,Building A,Floor 2,Plug Loads,F2-PLUG,2.62,2.62,0.03,12.7,Yes,Normal simulated hourly value
2026-05-16 17:00,Building A,Floor 3,HVAC,F3-HVAC,8.9,8.9,0.03,12.7,Yes,Normal simulated hourly value
2026-05-16 17:00,Building A,Floor 3,Lighting,F3-LIGHT,1.76,1.76,0.03,12.7,Yes,Normal simulated hourly value
2026-05-16 17:00,Building A,Floor 3,Server Room,F3-SERVER,13.8,13.8,0.03,12.7,Yes,Normal simulated hourly value
2026-05-16 17:00,Building A,Common Areas,Elevators,CA-ELEV,0.96,0.96,0.03,12.7,Yes,Normal simulated hourly value
2026-05-16 17:00,Building A,Common Areas,Fire System,CA-FIRE,0.33,0.33,0.03,12.7,Yes,Normal simulated hourly value
2026-05-16 17:00,Building A,Common Areas,Outdoor Lighting,CA-OUTLIGHT,0.48,0.48,0.03,12.7,Yes,Normal simulated hourly value
2026-05-16 18:00,Building A,Floor 1,HVAC,F1-HVAC,10.81,10.81,0.1,11.8,Yes,Normal simulated hourly value
2026-05-16 18:00,Building A,Floor 1,Lighting,F1-LIGHT,2.17,2.17,0.1,11.8,Yes,Normal simulated hourly value
2026-05-16 18:00,Building A,Floor 1,Plug Loads,F1-PLUG,3.02,3.02,0.1,11.8,Yes,Normal simulated hourly value
2026-05-16 18:00,Building A,Floor 2,HVAC,F2-HVAC,11.79,11.79,0.1,11.8,Yes,Normal simulated hourly value
2026-05-16 18:00,Building A,Floor 2,Lighting,F2-LIGHT,2.45,2.45,0.1,11.8,Yes,Normal simulated hourly value
2026-05-16 18:00,Building A,Floor 2,Plug Loads,F2-PLUG,3.28,3.28,0.1,11.8,Yes,Normal simulated hourly value
2026-05-16 18:00,Building A,Floor 3,HVAC,F3-HVAC,10.27,10.27,0.1,11.8,Yes,Normal simulated hourly value
2026-05-16 18:00,Building A,Floor 3,Lighting,F3-LIGHT,2.22,2.22,0.1,11.8,Yes,Normal simulated hourly value
2026-05-16 18:00,Building A,Floor 3,Server Room,F3-SERVER,13.44,13.44,0.1,11.8,Yes,Normal simulated hourly value
2026-05-16 18:00,Building A,Common Areas,Elevators,CA-ELEV,1.44,1.44,0.1,11.8,Yes,Normal simulated hourly value
2026-05-16 18:00,Building A,Common Areas,Fire System,CA-FIRE,0.37,0.37,0.1,11.8,Yes,Normal simulated hourly value
2026-05-16 18:00,Building A,Common Areas,Outdoor Lighting,CA-OUTLIGHT,0.34,0.34,0.1,11.8,Yes,Normal simulated hourly value
2026-05-16 19:00,Building A,Floor 1,HVAC,F1-HVAC,11.16,11.16,0.1,11.3,Yes,Normal simulated hourly value
2026-05-16 19:00,Building A,Floor 1,Lighting,F1-LIGHT,2.08,2.08,0.1,11.3,Yes,Normal simulated hourly value
2026-05-16 19:00,Building A,Floor 1,Plug Loads,F1-PLUG,2.85,2.85,0.1,11.3,Yes,Normal simulated hourly value
2026-05-16 19:00,Building A,Floor 2,HVAC,F2-HVAC,12.45,12.45,0.1,11.3,Yes,Normal simulated hourly value
2026-05-16 19:00,Building A,Floor 2,Lighting,F2-LIGHT,2.74,2.74,0.1,11.3,Yes,Normal simulated hourly value
2026-05-16 19:00,Building A,Floor 2,Plug Loads,F2-PLUG,3.13,3.13,0.1,11.3,Yes,Normal simulated hourly value
2026-05-16 19:00,Building A,Floor 3,HVAC,F3-HVAC,10.43,10.43,0.1,11.3,Yes,Normal simulated hourly value
2026-05-16 19:00,Building A,Floor 3,Lighting,F3-LIGHT,1.91,1.91,0.1,11.3,Yes,Normal simulated hourly value
2026-05-16 19:00,Building A,Floor 3,Server Room,F3-SERVER,13.68,13.68,0.1,11.3,Yes,Normal simulated hourly value
2026-05-16 19:00,Building A,Common Areas,Elevators,CA-ELEV,1.13,1.13,0.1,11.3,Yes,Normal simulated hourly value
2026-05-16 19:00,Building A,Common Areas,Fire System,CA-FIRE,0.33,0.33,0.1,11.3,Yes,Normal simulated hourly value
2026-05-16 19:00,Building A,Common Areas,Outdoor Lighting,CA-OUTLIGHT,0.99,0.99,0.1,11.3,Yes,Normal simulated hourly value
2026-05-16 20:00,Building A,Floor 1,HVAC,F1-HVAC,10.85,10.85,0.04,11.4,Yes,Normal simulated hourly value
2026-05-16 20:00,Building A,Floor 1,Lighting,F1-LIGHT,2.0,2.0,0.04,11.4,Yes,Normal simulated hourly value
2026-05-16 20:00,Building A,Floor 1,Plug Loads,F1-PLUG,2.28,2.28,0.04,11.4,Yes,Normal simulated hourly value
2026-05-16 20:00,Building A,Floor 2,HVAC,F2-HVAC,10.92,10.92,0.04,11.4,Yes,Normal simulated hourly value
2026-05-16 20:00,Building A,Floor 2,Lighting,F2-LIGHT,2.18,2.18,0.04,11.4,Yes,Normal simulated hourly value
2026-05-16 20:00,Building A,Floor 2,Plug Loads,F2-PLUG,2.56,2.56,0.04,11.4,Yes,Normal simulated hourly value
2026-05-16 20:00,Building A,Floor 3,HVAC,F3-HVAC,9.5,9.5,0.04,11.4,Yes,Normal simulated hourly value
2026-05-16 20:00,Building A,Floor 3,Lighting,F3-LIGHT,1.64,1.64,0.04,11.4,Yes,Normal simulated hourly value
2026-05-16 20:00,Building A,Floor 3,Server Room,F3-SERVER,14.45,14.45,0.04,11.4,Yes,Normal simulated hourly value
2026-05-16 20:00,Building A,Common Areas,Elevators,CA-ELEV,1.08,1.08,0.04,11.4,Yes,Normal simulated hourly value
2026-05-16 20:00,Building A,Common Areas,Fire System,CA-FIRE,0.36,0.36,0.04,11.4,Yes,Normal simulated hourly value
2026-05-16 20:00,Building A,Common Areas,Outdoor Lighting,CA-OUTLIGHT,4.84,4.84,0.04,11.4,Yes,Normal simulated hourly value
2026-05-16 21:00,Building A,Floor 1,HVAC,F1-HVAC,11.82,11.82,0.09,10.5,Yes,Normal simulated hourly value
2026-05-16 21:00,Building A,Floor 1,Lighting,F1-LIGHT,3.59,3.59,0.09,10.5,Yes,Normal simulated hourly value
2026-05-16 21:00,Building A,Floor 1,Plug Loads,F1-PLUG,3.09,3.09,0.09,10.5,Yes,Normal simulated hourly value
2026-05-16 21:00,Building A,Floor 2,HVAC,F2-HVAC,12.37,12.37,0.09,10.5,Yes,Normal simulated hourly value
2026-05-16 21:00,Building A,Floor 2,Lighting,F2-LIGHT,3.74,3.74,0.09,10.5,Yes,Normal simulated hourly value
2026-05-16 21:00,Building A,Floor 2,Plug Loads,F2-PLUG,2.95,2.95,0.09,10.5,Yes,Normal simulated hourly value
2026-05-16 21:00,Building A,Floor 3,HVAC,F3-HVAC,10.31,10.31,0.09,10.5,Yes,Normal simulated hourly value
2026-05-16 21:00,Building A,Floor 3,Lighting,F3-LIGHT,2.9,2.9,0.09,10.5,Yes,Normal simulated hourly value
2026-05-16 21:00,Building A,Floor 3,Server Room,F3-SERVER,13.23,13.23,0.09,10.5,Yes,Normal simulated hourly value
2026-05-16 21:00,Building A,Common Areas,Elevators,CA-ELEV,1.36,1.36,0.09,10.5,Yes,Normal simulated hourly value
2026-05-16 21:00,Building A,Common Areas,Fire System,CA-FIRE,0.35,0.35,0.09,10.5,Yes,Normal simulated hourly value
2026-05-16 21:00,Building A,Common Areas,Outdoor Lighting,CA-OUTLIGHT,4.74,4.74,0.09,10.5,Yes,Normal simulated hourly value
2026-05-16 22:00,Building A,Floor 1,HVAC,F1-HVAC,11.85,11.85,0.07,10.0,Yes,Normal simulated hourly value
2026-05-16 22:00,Building A,Floor 1,Lighting,F1-LIGHT,2.13,2.13,0.07,10.0,Yes,Normal simulated hourly value
2026-05-16 22:00,Building A,Floor 1,Plug Loads,F1-PLUG,3.09,3.09,0.07,10.0,Yes,Normal simulated hourly value
2026-05-16 22:00,Building A,Floor 2,HVAC,F2-HVAC,12.61,12.61,0.07,10.0,Yes,Normal simulated hourly value
2026-05-16 22:00,Building A,Floor 2,Lighting,F2-LIGHT,2.2,2.2,0.07,10.0,Yes,Normal simulated hourly value
2026-05-16 22:00,Building A,Floor 2,Plug Loads,F2-PLUG,2.8,2.8,0.07,10.0,Yes,Normal simulated hourly value
2026-05-16 22:00,Building A,Floor 3,HVAC,F3-HVAC,10.46,10.46,0.07,10.0,Yes,Normal simulated hourly value
2026-05-16 22:00,Building A,Floor 3,Lighting,F3-LIGHT,1.85,1.85,0.07,10.0,Yes,Normal simulated hourly value
2026-05-16 22:00,Building A,Floor 3,Server Room,F3-SERVER,13.55,13.55,0.07,10.0,Yes,Normal simulated hourly value
2026-05-16 22:00,Building A,Common Areas,Elevators,CA-ELEV,1.0,1.0,0.07,10.0,Yes,Normal simulated hourly value
2026-05-16 22:00,Building A,Common Areas,Fire System,CA-FIRE,0.37,0.37,0.07,10.0,Yes,Normal simulated hourly value
2026-05-16 22:00,Building A,Common Areas,Outdoor Lighting,CA-OUTLIGHT,4.8,4.8,0.07,10.0,Yes,Normal simulated hourly value
2026-05-16 23:00,Building A,Floor 1,HVAC,F1-HVAC,11.61,11.61,0.08,10.1,Yes,Normal simulated hourly value
2026-05-16 23:00,Building A,Floor 1,Lighting,F1-LIGHT,2.33,2.33,0.08,10.1,Yes,Normal simulated hourly value
2026-05-16 23:00,Building A,Floor 1,Plug Loads,F1-PLUG,2.87,2.87,0.08,10.1,Yes,Normal simulated hourly value
2026-05-16 23:00,Building A,Floor 2,HVAC,F2-HVAC,12.15,12.15,0.08,10.1,Yes,Normal simulated hourly value
2026-05-16 23:00,Building A,Floor 2,Lighting,F2-LIGHT,2.01,2.01,0.08,10.1,Yes,Normal simulated hourly value
2026-05-16 23:00,Building A,Floor 2,Plug Loads,F2-PLUG,3.27,3.27,0.08,10.1,Yes,Normal simulated hourly value
2026-05-16 23:00,Building A,Floor 3,HVAC,F3-HVAC,10.53,10.53,0.08,10.1,Yes,Normal simulated hourly value
2026-05-16 23:00,Building A,Floor 3,Lighting,F3-LIGHT,1.82,1.82,0.08,10.1,Yes,Normal simulated hourly value
2026-05-16 23:00,Building A,Floor 3,Server Room,F3-SERVER,13.2,13.2,0.08,10.1,Yes,Normal simulated hourly value
2026-05-16 23:00,Building A,Common Areas,Elevators,CA-ELEV,1.22,1.22,0.08,10.1,Yes,Normal simulated hourly value
2026-05-16 23:00,Building A,Common Areas,Fire System,CA-FIRE,0.37,0.37,0.08,10.1,Yes,Normal simulated hourly value
2026-05-16 23:00,Building A,Common Areas,Outdoor Lighting,CA-OUTLIGHT,4.61,4.61,0.08,10.1,Yes,Normal simulated hourly value
2026-05-17 00:00,Building A,Floor 1,HVAC,F1-HVAC,12.24,12.24,0.08,9.8,Yes,Normal simulated hourly value
2026-05-17 00:00,Building A,Floor 1,Lighting,F1-LIGHT,2.04,2.04,0.08,9.8,Yes,Normal simulated hourly value
2026-05-17 00:00,Building A,Floor 1,Plug Loads,F1-PLUG,3.07,3.07,0.08,9.8,Yes,Normal simulated hourly value
2026-05-17 00:00,Building A,Floor 2,HVAC,F2-HVAC,12.25,12.25,0.08,9.8,Yes,Normal simulated hourly value
2026-05-17 00:00,Building A,Floor 2,Lighting,F2-LIGHT,2.43,2.43,0.08,9.8,Yes,Normal simulated hourly value
2026-05-17 00:00,Building A,Floor 2,Plug Loads,F2-PLUG,3.14,3.14,0.08,9.8,Yes,Normal simulated hourly value
2026-05-17 00:00,Building A,Floor 3,HVAC,F3-HVAC,11.49,11.49,0.08,9.8,Yes,Normal simulated hourly value
2026-05-17 00:00,Building A,Floor 3,Lighting,F3-LIGHT,1.72,1.72,0.08,9.8,Yes,Normal simulated hourly value
2026-05-17 00:00,Building A,Floor 3,Server Room,F3-SERVER,14.25,14.25,0.08,9.8,Yes,Normal simulated hourly value
2026-05-17 00:00,Building A,Common Areas,Elevators,CA-ELEV,1.16,1.16,0.08,9.8,Yes,Normal simulated hourly value
2026-05-17 00:00,Building A,Common Areas,Fire System,CA-FIRE,0.35,0.35,0.08,9.8,Yes,Normal simulated hourly value
2026-05-17 00:00,Building A,Common Areas,Outdoor Lighting,CA-OUTLIGHT,4.96,4.96,0.08,9.8,Yes,Normal simulated hourly value
2026-05-17 01:00,Building A,Floor 1,HVAC,F1-HVAC,12.25,12.25,0.1,10.3,Yes,Normal simulated hourly value
2026-05-17 01:00,Building A,Floor 1,Lighting,F1-LIGHT,3.32,3.32,0.1,10.3,Yes,Normal simulated hourly value
2026-05-17 01:00,Building A,Floor 1,Plug Loads,F1-PLUG,3.24,3.24,0.1,10.3,Yes,Normal simulated hourly value
2026-05-17 01:00,Building A,Floor 2,HVAC,F2-HVAC,12.97,12.97,0.1,10.3,Yes,Normal simulated hourly value
2026-05-17 01:00,Building A,Floor 2,Lighting,F2-LIGHT,3.67,3.67,0.1,10.3,Yes,Normal simulated hourly value
2026-05-17 01:00,Building A,Floor 2,Plug Loads,F2-PLUG,3.42,3.42,0.1,10.3,Yes,Normal simulated hourly value
2026-05-17 01:00,Building A,Floor 3,HVAC,F3-HVAC,11.12,11.12,0.1,10.3,Yes,Normal simulated hourly value
2026-05-17 01:00,Building A,Floor 3,Lighting,F3-LIGHT,3.0,3.0,0.1,10.3,Yes,Normal simulated hourly value
2026-05-17 01:00,Building A,Floor 3,Server Room,F3-SERVER,13.27,13.27,0.1,10.3,Yes,Normal simulated hourly value
2026-05-17 01:00,Building A,Common Areas,Elevators,CA-ELEV,1.2,1.2,0.1,10.3,Yes,Normal simulated hourly value
2026-05-17 01:00,Building A,Common Areas,Fire System,CA-FIRE,0.34,0.34,0.1,10.3,Yes,Normal simulated hourly value
2026-05-17 01:00,Building A,Common Areas,Outdoor Lighting,CA-OUTLIGHT,4.82,4.82,0.1,10.3,Yes,Normal simulated hourly value
2026-05-17 02:00,Building A,Floor 1,HVAC,F1-HVAC,11.33,11.33,0.08,10.4,Yes,Normal simulated hourly value
2026-05-17 02:00,Building A,Floor 1,Lighting,F1-LIGHT,1.98,1.98,0.08,10.4,Yes,Normal simulated hourly value
2026-05-17 02:00,Building A,Floor 1,Plug Loads,F1-PLUG,3.09,3.09,0.08,10.4,Yes,Normal simulated hourly value
2026-05-17 02:00,Building A,Floor 2,HVAC,F2-HVAC,13.09,13.09,0.08,10.4,Yes,Normal simulated hourly value
2026-05-17 02:00,Building A,Floor 2,Lighting,F2-LIGHT,2.4,2.4,0.08,10.4,Yes,Normal simulated hourly value
2026-05-17 02:00,Building A,Floor 2,Plug Loads,F2-PLUG,2.87,2.87,0.08,10.4,Yes,Normal simulated hourly value
2026-05-17 02:00,Building A,Floor 3,HVAC,F3-HVAC,11.21,11.21,0.08,10.4,Yes,Normal simulated hourly value
2026-05-17 02:00,Building A,Floor 3,Lighting,F3-LIGHT,2.13,2.13,0.08,10.4,Yes,Normal simulated hourly value
2026-05-17 02:00,Building A,Floor 3,Server Room,F3-SERVER,14.69,14.69,0.08,10.4,Yes,Normal simulated hourly value
2026-05-17 02:00,Building A,Common Areas,Elevators,CA-ELEV,1.38,1.38,0.08,10.4,Yes,Normal simulated hourly value
2026-05-17 02:00,Building A,Common Areas,Fire System,CA-FIRE,0.37,0.37,0.08,10.4,Yes,Normal simulated hourly value
2026-05-17 02:00,Building A,Common Areas,Outdoor Lighting,CA-OUTLIGHT,4.91,4.91,0.08,10.4,Yes,Normal simulated hourly value
2026-05-17 03:00,Building A,Floor 1,HVAC,F1-HVAC,11.39,11.39,0.08,11.3,Yes,Normal simulated hourly value
2026-05-17 03:00,Building A,Floor 1,Lighting,F1-LIGHT,2.12,2.12,0.08,11.3,Yes,Normal simulated hourly value
2026-05-17 03:00,Building A,Floor 1,Plug Loads,F1-PLUG,2.93,2.93,0.08,11.3,Yes,Normal simulated hourly value
2026-05-17 03:00,Building A,Floor 2,HVAC,F2-HVAC,11.79,11.79,0.08,11.3,Yes,Normal simulated hourly value
2026-05-17 03:00,Building A,Floor 2,Lighting,F2-LIGHT,2.24,2.24,0.08,11.3,Yes,Normal simulated hourly value
2026-05-17 03:00,Building A,Floor 2,Plug Loads,F2-PLUG,3.08,3.08,0.08,11.3,Yes,Normal simulated hourly value
2026-05-17 03:00,Building A,Floor 3,HVAC,F3-HVAC,10.44,10.44,0.08,11.3,Yes,Normal simulated hourly value
2026-05-17 03:00,Building A,Floor 3,Lighting,F3-LIGHT,2.18,2.18,0.08,11.3,Yes,Normal simulated hourly value
2026-05-17 03:00,Building A,Floor 3,Server Room,F3-SERVER,13.83,13.83,0.08,11.3,Yes,Normal simulated hourly value
2026-05-17 03:00,Building A,Common Areas,Elevators,CA-ELEV,1.15,1.15,0.08,11.3,Yes,Normal simulated hourly value
2026-05-17 03:00,Building A,Common Areas,Fire System,CA-FIRE,0.34,0.34,0.08,11.3,Yes,Normal simulated hourly value
2026-05-17 03:00,Building A,Common Areas,Outdoor Lighting,CA-OUTLIGHT,4.71,4.71,0.08,11.3,Yes,Normal simulated hourly value
2026-05-17 04:00,Building A,Floor 1,HVAC,F1-HVAC,11.68,11.68,0.08,10.8,Yes,Normal simulated hourly value
2026-05-17 04:00,Building A,Floor 1,Lighting,F1-LIGHT,2.26,2.26,0.08,10.8,Yes,Normal simulated hourly value
2026-05-17 04:00,Building A,Floor 1,Plug Loads,F1-PLUG,2.86,2.86,0.08,10.8,Yes,Normal simulated hourly value
2026-05-17 04:00,Building A,Floor 2,HVAC,F2-HVAC,12.51,12.51,0.08,10.8,Yes,Normal simulated hourly value
2026-05-17 04:00,Building A,Floor 2,Lighting,F2-LIGHT,2.21,2.21,0.08,10.8,Yes,Normal simulated hourly value
2026-05-17 04:00,Building A,Floor 2,Plug Loads,F2-PLUG,2.85,2.85,0.08,10.8,Yes,Normal simulated hourly value
2026-05-17 04:00,Building A,Floor 3,HVAC,F3-HVAC,10.53,10.53,0.08,10.8,Yes,Normal simulated hourly value
2026-05-17 04:00,Building A,Floor 3,Lighting,F3-LIGHT,1.78,1.78,0.08,10.8,Yes,Normal simulated hourly value
2026-05-17 04:00,Building A,Floor 3,Server Room,F3-SERVER,13.28,13.28,0.08,10.8,Yes,Normal simulated hourly value
2026-05-17 04:00,Building A,Common Areas,Elevators,CA-ELEV,1.14,1.14,0.08,10.8,Yes,Normal simulated hourly value
2026-05-17 04:00,Building A,Common Areas,Fire System,CA-FIRE,0.34,0.34,0.08,10.8,Yes,Normal simulated hourly value
2026-05-17 04:00,Building A,Common Areas,Outdoor Lighting,CA-OUTLIGHT,4.83,4.83,0.08,10.8,Yes,Normal simulated hourly value
2026-05-17 05:00,Building A,Floor 1,HVAC,F1-HVAC,10.69,10.69,0.05,11.9,Yes,Normal simulated hourly value
2026-05-17 05:00,Building A,Floor 1,Lighting,F1-LIGHT,1.62,1.62,0.05,11.9,Yes,Normal simulated hourly value
2026-05-17 05:00,Building A,Floor 1,Plug Loads,F1-PLUG,2.38,2.38,0.05,11.9,Yes,Normal simulated hourly value
2026-05-17 05:00,Building A,Floor 2,HVAC,F2-HVAC,11.65,11.65,0.05,11.9,Yes,Normal simulated hourly value
2026-05-17 05:00,Building A,Floor 2,Lighting,F2-LIGHT,2.02,2.02,0.05,11.9,Yes,Normal simulated hourly value
2026-05-17 05:00,Building A,Floor 2,Plug Loads,F2-PLUG,2.61,2.61,0.05,11.9,Yes,Normal simulated hourly value
2026-05-17 05:00,Building A,Floor 3,HVAC,F3-HVAC,10.06,10.06,0.05,11.9,Yes,Normal simulated hourly value
2026-05-17 05:00,Building A,Floor 3,Lighting,F3-LIGHT,1.7,1.7,0.05,11.9,Yes,Normal simulated hourly value
2026-05-17 05:00,Building A,Floor 3,Server Room,F3-SERVER,14.62,14.62,0.05,11.9,Yes,Normal simulated hourly value
2026-05-17 05:00,Building A,Common Areas,Elevators,CA-ELEV,0.99,0.99,0.05,11.9,Yes,Normal simulated hourly value
2026-05-17 05:00,Building A,Common Areas,Fire System,CA-FIRE,0.33,0.33,0.05,11.9,Yes,Normal simulated hourly value
2026-05-17 05:00,Building A,Common Areas,Outdoor Lighting,CA-OUTLIGHT,4.63,4.63,0.05,11.9,Yes,Normal simulated hourly value
2026-05-17 06:00,Building A,Floor 1,HVAC,F1-HVAC,10.16,10.16,0.05,13.0,Yes,Normal simulated hourly value
2026-05-17 06:00,Building A,Floor 1,Lighting,F1-LIGHT,1.74,1.74,0.05,13.0,Yes,Normal simulated hourly value
2026-05-17 06:00,Building A,Floor 1,Plug Loads,F1-PLUG,2.55,2.55,0.05,13.0,Yes,Normal simulated hourly value
2026-05-17 06:00,Building A,Floor 2,HVAC,F2-HVAC,11.26,11.26,0.05,13.0,Yes,Normal simulated hourly value
2026-05-17 06:00,Building A,Floor 2,Lighting,F2-LIGHT,1.84,1.84,0.05,13.0,Yes,Normal simulated hourly value
2026-05-17 06:00,Building A,Floor 2,Plug Loads,F2-PLUG,2.77,2.77,0.05,13.0,Yes,Normal simulated hourly value
2026-05-17 06:00,Building A,Floor 3,HVAC,F3-HVAC,8.94,8.94,0.05,13.0,Yes,Normal simulated hourly value
2026-05-17 06:00,Building A,Floor 3,Lighting,F3-LIGHT,1.86,1.86,0.05,13.0,Yes,Normal simulated hourly value
2026-05-17 06:00,Building A,Floor 3,Server Room,F3-SERVER,14.08,14.08,0.05,13.0,Yes,Normal simulated hourly value
2026-05-17 06:00,Building A,Common Areas,Elevators,CA-ELEV,1.19,1.19,0.05,13.0,Yes,Normal simulated hourly value
2026-05-17 06:00,Building A,Common Areas,Fire System,CA-FIRE,0.35,0.35,0.05,13.0,Yes,Normal simulated hourly value
2026-05-17 06:00,Building A,Common Areas,Outdoor Lighting,CA-OUTLIGHT,0.91,0.91,0.05,13.0,Yes,Normal simulated hourly value
2026-05-17 07:00,Building A,Floor 1,HVAC,F1-HVAC,9.78,9.78,0.03,13.3,Yes,Normal simulated hourly value
2026-05-17 07:00,Building A,Floor 1,Lighting,F1-LIGHT,1.92,1.92,0.03,13.3,Yes,Normal simulated hourly value
2026-05-17 07:00,Building A,Floor 1,Plug Loads,F1-PLUG,2.75,2.75,0.03,13.3,Yes,Normal simulated hourly value
2026-05-17 07:00,Building A,Floor 2,HVAC,F2-HVAC,10.22,10.22,0.03,13.3,Yes,Normal simulated hourly value
2026-05-17 07:00,Building A,Floor 2,Lighting,F2-LIGHT,1.65,1.65,0.03,13.3,Yes,Normal simulated hourly value
2026-05-17 07:00,Building A,Floor 2,Plug Loads,F2-PLUG,2.39,2.39,0.03,13.3,Yes,Normal simulated hourly value
2026-05-17 07:00,Building A,Floor 3,HVAC,F3-HVAC,8.65,8.65,0.03,13.3,Yes,Normal simulated hourly value
2026-05-17 07:00,Building A,Floor 3,Lighting,F3-LIGHT,1.73,1.73,0.03,13.3,Yes,Normal simulated hourly value
2026-05-17 07:00,Building A,Floor 3,Server Room,F3-SERVER,13.46,13.46,0.03,13.3,Yes,Normal simulated hourly value
2026-05-17 07:00,Building A,Common Areas,Elevators,CA-ELEV,1.18,1.18,0.03,13.3,Yes,Normal simulated hourly value
2026-05-17 07:00,Building A,Common Areas,Fire System,CA-FIRE,0.37,0.37,0.03,13.3,Yes,Normal simulated hourly value
2026-05-17 07:00,Building A,Common Areas,Outdoor Lighting,CA-OUTLIGHT,0.07,0.07,0.03,13.3,Yes,Normal simulated hourly value
2026-05-17 08:00,Building A,Floor 1,HVAC,F1-HVAC,9.33,9.33,0.04,14.2,Yes,Normal simulated hourly value
2026-05-17 08:00,Building A,Floor 1,Lighting,F1-LIGHT,1.52,1.52,0.04,14.2,Yes,Normal simulated hourly value
2026-05-17 08:00,Building A,Floor 1,Plug Loads,F1-PLUG,2.63,2.63,0.04,14.2,Yes,Normal simulated hourly value
2026-05-17 08:00,Building A,Floor 2,HVAC,F2-HVAC,9.96,9.96,0.04,14.2,Yes,Normal simulated hourly value
2026-05-17 08:00,Building A,Floor 2,Lighting,F2-LIGHT,2.09,2.09,0.04,14.2,Yes,Normal simulated hourly value
2026-05-17 08:00,Building A,Floor 2,Plug Loads,F2-PLUG,2.82,2.82,0.04,14.2,Yes,Normal simulated hourly value
2026-05-17 08:00,Building A,Floor 3,HVAC,F3-HVAC,8.13,8.13,0.04,14.2,Yes,Normal simulated hourly value
2026-05-17 08:00,Building A,Floor 3,Lighting,F3-LIGHT,1.61,1.61,0.04,14.2,Yes,Normal simulated hourly value
2026-05-17 08:00,Building A,Floor 3,Server Room,F3-SERVER,14.45,14.45,0.04,14.2,Yes,Normal simulated hourly value
2026-05-17 08:00,Building A,Common Areas,Elevators,CA-ELEV,0.9,0.9,0.04,14.2,Yes,Normal simulated hourly value
2026-05-17 08:00,Building A,Common Areas,Fire System,CA-FIRE,0.37,0.37,0.04,14.2,Yes,Normal simulated hourly value
2026-05-17 08:00,Building A,Common Areas,Outdoor Lighting,CA-OUTLIGHT,0.19,0.19,0.04,14.2,Yes,Normal simulated hourly value
2026-05-17 09:00,Building A,Floor 1,HVAC,F1-HVAC,8.82,8.82,0.05,14.6,Yes,Normal simulated hourly value
2026-05-17 09:00,Building A,Floor 1,Lighting,F1-LIGHT,1.76,1.76,0.05,14.6,Yes,Normal simulated hourly value
2026-05-17 09:00,Building A,Floor 1,Plug Loads,F1-PLUG,2.38,2.38,0.05,14.6,Yes,Normal simulated hourly value
2026-05-17 09:00,Building A,Floor 2,HVAC,F2-HVAC,10.06,10.06,0.05,14.6,Yes,Normal simulated hourly value
2026-05-17 09:00,Building A,Floor 2,Lighting,F2-LIGHT,2.1,2.1,0.05,14.6,Yes,Normal simulated hourly value
2026-05-17 09:00,Building A,Floor 2,Plug Loads,F2-PLUG,2.9,2.9,0.05,14.6,Yes,Normal simulated hourly value
2026-05-17 09:00,Building A,Floor 3,HVAC,F3-HVAC,8.85,8.85,0.05,14.6,Yes,Normal simulated hourly value
2026-05-17 09:00,Building A,Floor 3,Lighting,F3-LIGHT,1.85,1.85,0.05,14.6,Yes,Normal simulated hourly value
2026-05-17 09:00,Building A,Floor 3,Server Room,F3-SERVER,14.09,14.09,0.05,14.6,Yes,Normal simulated hourly value
2026-05-17 09:00,Building A,Common Areas,Elevators,CA-ELEV,1.03,1.03,0.05,14.6,Yes,Normal simulated hourly value
2026-05-17 09:00,Building A,Common Areas,Fire System,CA-FIRE,0.35,0.35,0.05,14.6,Yes,Normal simulated hourly value
2026-05-17 09:00,Building A,Common Areas,Outdoor Lighting,CA-OUTLIGHT,0.15,0.15,0.05,14.6,Yes,Normal simulated hourly value
2026-05-17 10:00,Building A,Floor 1,HVAC,F1-HVAC,12.73,12.73,0.23,13.9,Yes,Normal simulated hourly value
2026-05-17 10:00,Building A,Floor 1,Lighting,F1-LIGHT,2.84,2.84,0.23,13.9,Yes,Normal simulated hourly value
2026-05-17 10:00,Building A,Floor 1,Plug Loads,F1-PLUG,3.92,3.92,0.23,13.9,Yes,Normal simulated hourly value
2026-05-17 10:00,Building A,Floor 2,HVAC,F2-HVAC,13.15,13.15,0.23,13.9,Yes,Normal simulated hourly value
2026-05-17 10:00,Building A,Floor 2,Lighting,F2-LIGHT,3.13,3.13,0.23,13.9,Yes,Normal simulated hourly value
2026-05-17 10:00,Building A,Floor 2,Plug Loads,F2-PLUG,4.5,4.5,0.23,13.9,Yes,Normal simulated hourly value
2026-05-17 10:00,Building A,Floor 3,HVAC,F3-HVAC,11.78,11.78,0.23,13.9,Yes,Normal simulated hourly value
2026-05-17 10:00,Building A,Floor 3,Lighting,F3-LIGHT,2.91,2.91,0.23,13.9,Yes,Normal simulated hourly value
2026-05-17 10:00,Building A,Floor 3,Server Room,F3-SERVER,13.14,13.14,0.23,13.9,Yes,Normal simulated hourly value
2026-05-17 10:00,Building A,Common Areas,Elevators,CA-ELEV,2.01,2.01,0.23,13.9,Yes,Normal simulated hourly value
2026-05-17 10:00,Building A,Common Areas,Fire System,CA-FIRE,0.34,0.34,0.23,13.9,Yes,Normal simulated hourly value
2026-05-17 10:00,Building A,Common Areas,Outdoor Lighting,CA-OUTLIGHT,0.38,0.38,0.23,13.9,Yes,Normal simulated hourly value
2026-05-17 11:00,Building A,Floor 1,HVAC,F1-HVAC,10.73,10.73,0.21,15.2,Yes,Normal simulated hourly value
2026-05-17 11:00,Building A,Floor 1,Lighting,F1-LIGHT,2.47,2.47,0.21,15.2,Yes,Normal simulated hourly value
2026-05-17 11:00,Building A,Floor 1,Plug Loads,F1-PLUG,3.84,3.84,0.21,15.2,Yes,Normal simulated hourly value
2026-05-17 11:00,Building A,Floor 2,HVAC,F2-HVAC,11.66,11.66,0.21,15.2,Yes,Normal simulated hourly value
2026-05-17 11:00,Building A,Floor 2,Lighting,F2-LIGHT,2.68,2.68,0.21,15.2,Yes,Normal simulated hourly value
2026-05-17 11:00,Building A,Floor 2,Plug Loads,F2-PLUG,4.48,4.48,0.21,15.2,Yes,Normal simulated hourly value
2026-05-17 11:00,Building A,Floor 3,HVAC,F3-HVAC,10.41,10.41,0.21,15.2,Yes,Normal simulated hourly value
2026-05-17 11:00,Building A,Floor 3,Lighting,F3-LIGHT,2.59,2.59,0.21,15.2,Yes,Normal simulated hourly value
2026-05-17 11:00,Building A,Floor 3,Server Room,F3-SERVER,13.65,13.65,0.21,15.2,Yes,Normal simulated hourly value
2026-05-17 11:00,Building A,Common Areas,Elevators,CA-ELEV,1.86,1.86,0.21,15.2,Yes,Normal simulated hourly value
2026-05-17 11:00,Building A,Common Areas,Fire System,CA-FIRE,0.35,0.35,0.21,15.2,Yes,Normal simulated hourly value
2026-05-17 11:00,Building A,Common Areas,Outdoor Lighting,CA-OUTLIGHT,0.14,0.14,0.21,15.2,Yes,Normal simulated hourly value
2026-05-17 12:00,Building A,Floor 1,HVAC,F1-HVAC,10.83,10.83,0.18,14.5,Yes,Normal simulated hourly value
2026-05-17 12:00,Building A,Floor 1,Lighting,F1-LIGHT,2.74,2.74,0.18,14.5,Yes,Normal simulated hourly value
2026-05-17 12:00,Building A,Floor 1,Plug Loads,F1-PLUG,3.75,3.75,0.18,14.5,Yes,Normal simulated hourly value
2026-05-17 12:00,Building A,Floor 2,HVAC,F2-HVAC,11.95,11.95,0.18,14.5,Yes,Normal simulated hourly value
2026-05-17 12:00,Building A,Floor 2,Lighting,F2-LIGHT,2.84,2.84,0.18,14.5,Yes,Normal simulated hourly value
2026-05-17 12:00,Building A,Floor 2,Plug Loads,F2-PLUG,4.23,4.23,0.18,14.5,Yes,Normal simulated hourly value
2026-05-17 12:00,Building A,Floor 3,HVAC,F3-HVAC,10.51,10.51,0.18,14.5,Yes,Normal simulated hourly value
2026-05-17 12:00,Building A,Floor 3,Lighting,F3-LIGHT,2.09,2.09,0.18,14.5,Yes,Normal simulated hourly value
2026-05-17 12:00,Building A,Floor 3,Server Room,F3-SERVER,14.21,14.21,0.18,14.5,Yes,Normal simulated hourly value
2026-05-17 12:00,Building A,Common Areas,Elevators,CA-ELEV,1.79,1.79,0.18,14.5,Yes,Normal simulated hourly value
2026-05-17 12:00,Building A,Common Areas,Fire System,CA-FIRE,0.33,0.33,0.18,14.5,Yes,Normal simulated hourly value
2026-05-17 12:00,Building A,Common Areas,Outdoor Lighting,CA-OUTLIGHT,0.23,0.23,0.18,14.5,Yes,Normal simulated hourly value
2026-05-17 13:00,Building A,Floor 1,HVAC,F1-HVAC,11.05,11.05,0.16,14.8,Yes,Normal simulated hourly value
2026-05-17 13:00,Building A,Floor 1,Lighting,F1-LIGHT,2.58,2.58,0.16,14.8,Yes,Normal simulated hourly value
2026-05-17 13:00,Building A,Floor 1,Plug Loads,F1-PLUG,3.33,3.33,0.16,14.8,Yes,Normal simulated hourly value
2026-05-17 13:00,Building A,Floor 2,HVAC,F2-HVAC,11.87,11.87,0.16,14.8,Yes,Normal simulated hourly value
2026-05-17 13:00,Building A,Floor 2,Lighting,F2-LIGHT,2.75,2.75,0.16,14.8,Yes,Normal simulated hourly value
2026-05-17 13:00,Building A,Floor 2,Plug Loads,F2-PLUG,3.64,3.64,0.16,14.8,Yes,Normal simulated hourly value
2026-05-17 13:00,Building A,Floor 3,HVAC,F3-HVAC,10.44,10.44,0.16,14.8,Yes,Normal simulated hourly value
2026-05-17 13:00,Building A,Floor 3,Lighting,F3-LIGHT,2.25,2.25,0.16,14.8,Yes,Normal simulated hourly value
2026-05-17 13:00,Building A,Floor 3,Server Room,F3-SERVER,14.2,14.2,0.16,14.8,Yes,Normal simulated hourly value
2026-05-17 13:00,Building A,Common Areas,Elevators,CA-ELEV,1.44,1.44,0.16,14.8,Yes,Normal simulated hourly value
2026-05-17 13:00,Building A,Common Areas,Fire System,CA-FIRE,0.37,0.37,0.16,14.8,Yes,Normal simulated hourly value
2026-05-17 13:00,Building A,Common Areas,Outdoor Lighting,CA-OUTLIGHT,0.44,0.44,0.16,14.8,Yes,Normal simulated hourly value
2026-05-17 14:00,Building A,Floor 1,HVAC,F1-HVAC,10.59,10.59,0.12,14.7,Yes,Normal simulated hourly value
2026-05-17 14:00,Building A,Floor 1,Lighting,F1-LIGHT,2.07,2.07,0.12,14.7,Yes,Normal simulated hourly value
2026-05-17 14:00,Building A,Floor 1,Plug Loads,F1-PLUG,2.96,2.96,0.12,14.7,Yes,Normal simulated hourly value
2026-05-17 14:00,Building A,Floor 2,HVAC,F2-HVAC,11.3,11.3,0.12,14.7,Yes,Normal simulated hourly value
2026-05-17 14:00,Building A,Floor 2,Lighting,F2-LIGHT,2.42,2.42,0.12,14.7,Yes,Normal simulated hourly value
2026-05-17 14:00,Building A,Floor 2,Plug Loads,F2-PLUG,3.22,3.22,0.12,14.7,Yes,Normal simulated hourly value
2026-05-17 14:00,Building A,Floor 3,HVAC,F3-HVAC,9.35,9.35,0.12,14.7,Yes,Normal simulated hourly value
2026-05-17 14:00,Building A,Floor 3,Lighting,F3-LIGHT,1.94,1.94,0.12,14.7,Yes,Normal simulated hourly value
2026-05-17 14:00,Building A,Floor 3,Server Room,F3-SERVER,13.92,13.92,0.12,14.7,Yes,Normal simulated hourly value
2026-05-17 14:00,Building A,Common Areas,Elevators,CA-ELEV,1.35,1.35,0.12,14.7,Yes,Normal simulated hourly value
2026-05-17 14:00,Building A,Common Areas,Fire System,CA-FIRE,0.33,0.33,0.12,14.7,Yes,Normal simulated hourly value
2026-05-17 14:00,Building A,Common Areas,Outdoor Lighting,CA-OUTLIGHT,0.36,0.36,0.12,14.7,Yes,Normal simulated hourly value
2026-05-17 15:00,Building A,Floor 1,HVAC,F1-HVAC,11.0,11.0,0.18,13.7,Yes,Normal simulated hourly value
2026-05-17 15:00,Building A,Floor 1,Lighting,F1-LIGHT,2.77,2.77,0.18,13.7,Yes,Normal simulated hourly value
2026-05-17 15:00,Building A,Floor 1,Plug Loads,F1-PLUG,3.58,3.58,0.18,13.7,Yes,Normal simulated hourly value
2026-05-17 15:00,Building A,Floor 2,HVAC,F2-HVAC,12.43,12.43,0.18,13.7,Yes,Normal simulated hourly value
2026-05-17 15:00,Building A,Floor 2,Lighting,F2-LIGHT,2.69,2.69,0.18,13.7,Yes,Normal simulated hourly value
2026-05-17 15:00,Building A,Floor 2,Plug Loads,F2-PLUG,3.82,3.82,0.18,13.7,Yes,Normal simulated hourly value
2026-05-17 15:00,Building A,Floor 3,HVAC,F3-HVAC,11.14,11.14,0.18,13.7,Yes,Normal simulated hourly value
2026-05-17 15:00,Building A,Floor 3,Lighting,F3-LIGHT,2.56,2.56,0.18,13.7,Yes,Normal simulated hourly value
2026-05-17 15:00,Building A,Floor 3,Server Room,F3-SERVER,14.55,14.55,0.18,13.7,Yes,Normal simulated hourly value
2026-05-17 15:00,Building A,Common Areas,Elevators,CA-ELEV,1.75,1.75,0.18,13.7,Yes,Normal simulated hourly value
2026-05-17 15:00,Building A,Common Areas,Fire System,CA-FIRE,0.34,0.34,0.18,13.7,Yes,Normal simulated hourly value
2026-05-17 15:00,Building A,Common Areas,Outdoor Lighting,CA-OUTLIGHT,0.36,0.36,0.18,13.7,Yes,Normal simulated hourly value
2026-05-17 16:00,Building A,Floor 1,HVAC,F1-HVAC,10.85,10.85,0.13,13.3,Yes,Normal simulated hourly value
2026-05-17 16:00,Building A,Floor 1,Lighting,F1-LIGHT,2.26,2.26,0.13,13.3,Yes,Normal simulated hourly value
2026-05-17 16:00,Building A,Floor 1,Plug Loads,F1-PLUG,3.55,3.55,0.13,13.3,Yes,Normal simulated hourly value
2026-05-17 16:00,Building A,Floor 2,HVAC,F2-HVAC,11.5,11.5,0.13,13.3,Yes,Normal simulated hourly value
2026-05-17 16:00,Building A,Floor 2,Lighting,F2-LIGHT,2.62,2.62,0.13,13.3,Yes,Normal simulated hourly value
2026-05-17 16:00,Building A,Floor 2,Plug Loads,F2-PLUG,3.86,3.86,0.13,13.3,Yes,Normal simulated hourly value
2026-05-17 16:00,Building A,Floor 3,HVAC,F3-HVAC,10.66,10.66,0.13,13.3,Yes,Normal simulated hourly value
2026-05-17 16:00,Building A,Floor 3,Lighting,F3-LIGHT,1.82,1.82,0.13,13.3,Yes,Normal simulated hourly value
2026-05-17 16:00,Building A,Floor 3,Server Room,F3-SERVER,13.41,13.41,0.13,13.3,Yes,Normal simulated hourly value
2026-05-17 16:00,Building A,Common Areas,Elevators,CA-ELEV,1.58,1.58,0.13,13.3,Yes,Normal simulated hourly value
2026-05-17 16:00,Building A,Common Areas,Fire System,CA-FIRE,0.35,0.35,0.13,13.3,Yes,Normal simulated hourly value
2026-05-17 16:00,Building A,Common Areas,Outdoor Lighting,CA-OUTLIGHT,0.1,0.1,0.13,13.3,Yes,Normal simulated hourly value
2026-05-17 17:00,Building A,Floor 1,HVAC,F1-HVAC,10.08,10.08,0.05,13.1,Yes,Normal simulated hourly value
2026-05-17 17:00,Building A,Floor 1,Lighting,F1-LIGHT,1.87,1.87,0.05,13.1,Yes,Normal simulated hourly value
2026-05-17 17:00,Building A,Floor 1,Plug Loads,F1-PLUG,2.68,2.68,0.05,13.1,Yes,Normal simulated hourly value
2026-05-17 17:00,Building A,Floor 2,HVAC,F2-HVAC,10.72,10.72,0.05,13.1,Yes,Normal simulated hourly value
2026-05-17 17:00,Building A,Floor 2,Lighting,F2-LIGHT,2.2,2.2,0.05,13.1,Yes,Normal simulated hourly value
2026-05-17 17:00,Building A,Floor 2,Plug Loads,F2-PLUG,2.65,2.65,0.05,13.1,Yes,Normal simulated hourly value
2026-05-17 17:00,Building A,Floor 3,HVAC,F3-HVAC,9.62,9.62,0.05,13.1,Yes,Normal simulated hourly value
2026-05-17 17:00,Building A,Floor 3,Lighting,F3-LIGHT,1.9,1.9,0.05,13.1,Yes,Normal simulated hourly value
2026-05-17 17:00,Building A,Floor 3,Server Room,F3-SERVER,12.91,12.91,0.05,13.1,Yes,Normal simulated hourly value
2026-05-17 17:00,Building A,Common Areas,Elevators,CA-ELEV,1.07,1.07,0.05,13.1,Yes,Normal simulated hourly value
2026-05-17 17:00,Building A,Common Areas,Fire System,CA-FIRE,0.34,0.34,0.05,13.1,Yes,Normal simulated hourly value
2026-05-17 17:00,Building A,Common Areas,Outdoor Lighting,CA-OUTLIGHT,0.44,0.44,0.05,13.1,Yes,Normal simulated hourly value
2026-05-17 18:00,Building A,Floor 1,HVAC,F1-HVAC,9.87,9.87,0.03,13.0,Yes,Normal simulated hourly value
2026-05-17 18:00,Building A,Floor 1,Lighting,F1-LIGHT,1.94,1.94,0.03,13.0,Yes,Normal simulated hourly value
2026-05-17 18:00,Building A,Floor 1,Plug Loads,F1-PLUG,2.59,2.59,0.03,13.0,Yes,Normal simulated hourly value
2026-05-17 18:00,Building A,Floor 2,HVAC,F2-HVAC,9.98,9.98,0.03,13.0,Yes,Normal simulated hourly value
2026-05-17 18:00,Building A,Floor 2,Lighting,F2-LIGHT,1.89,1.89,0.03,13.0,Yes,Normal simulated hourly value
2026-05-17 18:00,Building A,Floor 2,Plug Loads,F2-PLUG,2.49,2.49,0.03,13.0,Yes,Normal simulated hourly value
2026-05-17 18:00,Building A,Floor 3,HVAC,F3-HVAC,8.9,8.9,0.03,13.0,Yes,Normal simulated hourly value
2026-05-17 18:00,Building A,Floor 3,Lighting,F3-LIGHT,1.33,1.33,0.03,13.0,Yes,Normal simulated hourly value
2026-05-17 18:00,Building A,Floor 3,Server Room,F3-SERVER,14.18,14.18,0.03,13.0,Yes,Normal simulated hourly value
2026-05-17 18:00,Building A,Common Areas,Elevators,CA-ELEV,0.86,0.86,0.03,13.0,Yes,Normal simulated hourly value
2026-05-17 18:00,Building A,Common Areas,Fire System,CA-FIRE,0.37,0.37,0.03,13.0,Yes,Normal simulated hourly value
2026-05-17 18:00,Building A,Common Areas,Outdoor Lighting,CA-OUTLIGHT,0.35,0.35,0.03,13.0,Yes,Normal simulated hourly value
2026-05-17 19:00,Building A,Floor 1,HVAC,F1-HVAC,10.74,10.74,0.1,11.8,Yes,Normal simulated hourly value
2026-05-17 19:00,Building A,Floor 1,Lighting,F1-LIGHT,2.04,2.04,0.1,11.8,Yes,Normal simulated hourly value
2026-05-17 19:00,Building A,Floor 1,Plug Loads,F1-PLUG,2.83,2.83,0.1,11.8,Yes,Normal simulated hourly value
2026-05-17 19:00,Building A,Floor 2,HVAC,F2-HVAC,12.52,12.52,0.1,11.8,Yes,Normal simulated hourly value
2026-05-17 19:00,Building A,Floor 2,Lighting,F2-LIGHT,2.21,2.21,0.1,11.8,Yes,Normal simulated hourly value
2026-05-17 19:00,Building A,Floor 2,Plug Loads,F2-PLUG,3.33,3.33,0.1,11.8,Yes,Normal simulated hourly value
2026-05-17 19:00,Building A,Floor 3,HVAC,F3-HVAC,10.26,10.26,0.1,11.8,Yes,Normal simulated hourly value
2026-05-17 19:00,Building A,Floor 3,Lighting,F3-LIGHT,2.38,2.38,0.1,11.8,Yes,Normal simulated hourly value
2026-05-17 19:00,Building A,Floor 3,Server Room,F3-SERVER,13.37,13.37,0.1,11.8,Yes,Normal simulated hourly value
2026-05-17 19:00,Building A,Common Areas,Elevators,CA-ELEV,1.25,1.25,0.1,11.8,Yes,Normal simulated hourly value
2026-05-17 19:00,Building A,Common Areas,Fire System,CA-FIRE,0.36,0.36,0.1,11.8,Yes,Normal simulated hourly value
2026-05-17 19:00,Building A,Common Areas,Outdoor Lighting,CA-OUTLIGHT,0.96,0.96,0.1,11.8,Yes,Normal simulated hourly value
2026-05-17 20:00,Building A,Floor 1,HVAC,F1-HVAC,10.33,10.33,0.04,11.1,Yes,Normal simulated hourly value
2026-05-17 20:00,Building A,Floor 1,Lighting,F1-LIGHT,1.98,1.98,0.04,11.1,Yes,Normal simulated hourly value
2026-05-17 20:00,Building A,Floor 1,Plug Loads,F1-PLUG,2.59,2.59,0.04,11.1,Yes,Normal simulated hourly value
2026-05-17 20:00,Building A,Floor 2,HVAC,F2-HVAC,11.13,11.13,0.04,11.1,Yes,Normal simulated hourly value
2026-05-17 20:00,Building A,Floor 2,Lighting,F2-LIGHT,1.76,1.76,0.04,11.1,Yes,Normal simulated hourly value
2026-05-17 20:00,Building A,Floor 2,Plug Loads,F2-PLUG,2.72,2.72,0.04,11.1,Yes,Normal simulated hourly value
2026-05-17 20:00,Building A,Floor 3,HVAC,F3-HVAC,9.72,9.72,0.04,11.1,Yes,Normal simulated hourly value
2026-05-17 20:00,Building A,Floor 3,Lighting,F3-LIGHT,1.69,1.69,0.04,11.1,Yes,Normal simulated hourly value
2026-05-17 20:00,Building A,Floor 3,Server Room,F3-SERVER,13.27,13.27,0.04,11.1,Yes,Normal simulated hourly value
2026-05-17 20:00,Building A,Common Areas,Elevators,CA-ELEV,0.99,0.99,0.04,11.1,Yes,Normal simulated hourly value
2026-05-17 20:00,Building A,Common Areas,Fire System,CA-FIRE,0.33,0.33,0.04,11.1,Yes,Normal simulated hourly value
2026-05-17 20:00,Building A,Common Areas,Outdoor Lighting,CA-OUTLIGHT,4.89,4.89,0.04,11.1,Yes,Normal simulated hourly value
2026-05-17 21:00,Building A,Floor 1,HVAC,F1-HVAC,10.62,10.62,0.08,11.3,Yes,Normal simulated hourly value
2026-05-17 21:00,Building A,Floor 1,Lighting,F1-LIGHT,2.33,2.33,0.08,11.3,Yes,Normal simulated hourly value
2026-05-17 21:00,Building A,Floor 1,Plug Loads,F1-PLUG,2.78,2.78,0.08,11.3,Yes,Normal simulated hourly value
2026-05-17 21:00,Building A,Floor 2,HVAC,F2-HVAC,11.58,11.58,0.08,11.3,Yes,Normal simulated hourly value
2026-05-17 21:00,Building A,Floor 2,Lighting,F2-LIGHT,2.14,2.14,0.08,11.3,Yes,Normal simulated hourly value
2026-05-17 21:00,Building A,Floor 2,Plug Loads,F2-PLUG,3.02,3.02,0.08,11.3,Yes,Normal simulated hourly value
2026-05-17 21:00,Building A,Floor 3,HVAC,F3-HVAC,10.3,10.3,0.08,11.3,Yes,Normal simulated hourly value
2026-05-17 21:00,Building A,Floor 3,Lighting,F3-LIGHT,2.06,2.06,0.08,11.3,Yes,Normal simulated hourly value
2026-05-17 21:00,Building A,Floor 3,Server Room,F3-SERVER,14.68,14.68,0.08,11.3,Yes,Normal simulated hourly value
2026-05-17 21:00,Building A,Common Areas,Elevators,CA-ELEV,1.05,1.05,0.08,11.3,Yes,Normal simulated hourly value
2026-05-17 21:00,Building A,Common Areas,Fire System,CA-FIRE,0.35,0.35,0.08,11.3,Yes,Normal simulated hourly value
2026-05-17 21:00,Building A,Common Areas,Outdoor Lighting,CA-OUTLIGHT,4.67,4.67,0.08,11.3,Yes,Normal simulated hourly value
2026-05-17 22:00,Building A,Floor 1,HVAC,F1-HVAC,11.25,11.25,0.09,10.5,Yes,Normal simulated hourly value
2026-05-17 22:00,Building A,Floor 1,Lighting,F1-LIGHT,3.11,3.11,0.09,10.5,Yes,Normal simulated hourly value
2026-05-17 22:00,Building A,Floor 1,Plug Loads,F1-PLUG,3.16,3.16,0.09,10.5,Yes,Normal simulated hourly value
2026-05-17 22:00,Building A,Floor 2,HVAC,F2-HVAC,13.19,13.19,0.09,10.5,Yes,Normal simulated hourly value
2026-05-17 22:00,Building A,Floor 2,Lighting,F2-LIGHT,3.45,3.45,0.09,10.5,Yes,Normal simulated hourly value
2026-05-17 22:00,Building A,Floor 2,Plug Loads,F2-PLUG,3.4,3.4,0.09,10.5,Yes,Normal simulated hourly value
2026-05-17 22:00,Building A,Floor 3,HVAC,F3-HVAC,10.59,10.59,0.09,10.5,Yes,Normal simulated hourly value
2026-05-17 22:00,Building A,Floor 3,Lighting,F3-LIGHT,3.21,3.21,0.09,10.5,Yes,Normal simulated hourly value
2026-05-17 22:00,Building A,Floor 3,Server Room,F3-SERVER,13.95,13.95,0.09,10.5,Yes,Normal simulated hourly value
2026-05-17 22:00,Building A,Common Areas,Elevators,CA-ELEV,1.18,1.18,0.09,10.5,Yes,Normal simulated hourly value
2026-05-17 22:00,Building A,Common Areas,Fire System,CA-FIRE,0.32,0.32,0.09,10.5,Yes,Normal simulated hourly value
2026-05-17 22:00,Building A,Common Areas,Outdoor Lighting,CA-OUTLIGHT,5.0,5.0,0.09,10.5,Yes,Normal simulated hourly value
2026-05-17 23:00,Building A,Floor 1,HVAC,F1-HVAC,11.53,11.53,0.04,10.3,Yes,Normal simulated hourly value
2026-05-17 23:00,Building A,Floor 1,Lighting,F1-LIGHT,2.01,2.01,0.04,10.3,Yes,Normal simulated hourly value
2026-05-17 23:00,Building A,Floor 1,Plug Loads,F1-PLUG,2.44,2.44,0.04,10.3,Yes,Normal simulated hourly value
2026-05-17 23:00,Building A,Floor 2,HVAC,F2-HVAC,11.38,11.38,0.04,10.3,Yes,Normal simulated hourly value
2026-05-17 23:00,Building A,Floor 2,Lighting,F2-LIGHT,1.93,1.93,0.04,10.3,Yes,Normal simulated hourly value
2026-05-17 23:00,Building A,Floor 2,Plug Loads,F2-PLUG,2.54,2.54,0.04,10.3,Yes,Normal simulated hourly value
2026-05-17 23:00,Building A,Floor 3,HVAC,F3-HVAC,10.25,10.25,0.04,10.3,Yes,Normal simulated hourly value
2026-05-17 23:00,Building A,Floor 3,Lighting,F3-LIGHT,1.86,1.86,0.04,10.3,Yes,Normal simulated hourly value
2026-05-17 23:00,Building A,Floor 3,Server Room,F3-SERVER,12.95,12.95,0.04,10.3,Yes,Normal simulated hourly value
2026-05-17 23:00,Building A,Common Areas,Elevators,CA-ELEV,1.14,1.14,0.04,10.3,Yes,Normal simulated hourly value
2026-05-17 23:00,Building A,Common Areas,Fire System,CA-FIRE,0.33,0.33,0.04,10.3,Yes,Normal simulated hourly value
2026-05-17 23:00,Building A,Common Areas,Outdoor Lighting,CA-OUTLIGHT,4.69,4.69,0.04,10.3,Yes,Normal simulated hourly value
2026-05-18 00:00,Building A,Floor 1,HVAC,F1-HVAC,10.73,10.73,0.03,11.0,No,Normal simulated hourly value
2026-05-18 00:00,Building A,Floor 1,Lighting,F1-LIGHT,1.58,1.58,0.03,11.0,No,Normal simulated hourly value
2026-05-18 00:00,Building A,Floor 1,Plug Loads,F1-PLUG,2.33,2.33,0.03,11.0,No,Normal simulated hourly value
2026-05-18 00:00,Building A,Floor 2,HVAC,F2-HVAC,11.33,11.33,0.03,11.0,No,Normal simulated hourly value
2026-05-18 00:00,Building A,Floor 2,Lighting,F2-LIGHT,1.9,1.9,0.03,11.0,No,Normal simulated hourly value
2026-05-18 00:00,Building A,Floor 2,Plug Loads,F2-PLUG,2.39,2.39,0.03,11.0,No,Normal simulated hourly value
2026-05-18 00:00,Building A,Floor 3,HVAC,F3-HVAC,9.47,9.47,0.03,11.0,No,Normal simulated hourly value
2026-05-18 00:00,Building A,Floor 3,Lighting,F3-LIGHT,1.38,1.38,0.03,11.0,No,Normal simulated hourly value
2026-05-18 00:00,Building A,Floor 3,Server Room,F3-SERVER,14.49,14.49,0.03,11.0,No,Normal simulated hourly value
2026-05-18 00:00,Building A,Common Areas,Elevators,CA-ELEV,0.84,0.84,0.03,11.0,No,Normal simulated hourly value
2026-05-18 00:00,Building A,Common Areas,Fire System,CA-FIRE,0.37,0.37,0.03,11.0,No,Normal simulated hourly value
2026-05-18 00:00,Building A,Common Areas,Outdoor Lighting,CA-OUTLIGHT,5.04,5.04,0.03,11.0,No,Normal simulated hourly value
2026-05-18 01:00,Building A,Floor 1,HVAC,F1-HVAC,11.07,11.07,0.06,11.0,No,Normal simulated hourly value
2026-05-18 01:00,Building A,Floor 1,Lighting,F1-LIGHT,1.96,1.96,0.06,11.0,No,Normal simulated hourly value
2026-05-18 01:00,Building A,Floor 1,Plug Loads,F1-PLUG,2.96,2.96,0.06,11.0,No,Normal simulated hourly value
2026-05-18 01:00,Building A,Floor 2,HVAC,F2-HVAC,11.9,11.9,0.06,11.0,No,Normal simulated hourly value
2026-05-18 01:00,Building A,Floor 2,Lighting,F2-LIGHT,2.06,2.06,0.06,11.0,No,Normal simulated hourly value
2026-05-18 01:00,Building A,Floor 2,Plug Loads,F2-PLUG,2.73,2.73,0.06,11.0,No,Normal simulated hourly value
2026-05-18 01:00,Building A,Floor 3,HVAC,F3-HVAC,9.92,9.92,0.06,11.0,No,Normal simulated hourly value
2026-05-18 01:00,Building A,Floor 3,Lighting,F3-LIGHT,1.64,1.64,0.06,11.0,No,Normal simulated hourly value
2026-05-18 01:00,Building A,Floor 3,Server Room,F3-SERVER,14.3,14.3,0.06,11.0,No,Normal simulated hourly value
2026-05-18 01:00,Building A,Common Areas,Elevators,CA-ELEV,0.78,0.78,0.06,11.0,No,Normal simulated hourly value
2026-05-18 01:00,Building A,Common Areas,Fire System,CA-FIRE,0.35,0.35,0.06,11.0,No,Normal simulated hourly value
2026-05-18 01:00,Building A,Common Areas,Outdoor Lighting,CA-OUTLIGHT,5.05,5.05,0.06,11.0,No,Normal simulated hourly value
2026-05-18 02:00,Building A,Floor 1,HVAC,F1-HVAC,10.74,10.74,0.04,11.4,No,Normal simulated hourly value
2026-05-18 02:00,Building A,Floor 1,Lighting,F1-LIGHT,1.67,1.67,0.04,11.4,No,Normal simulated hourly value
2026-05-18 02:00,Building A,Floor 1,Plug Loads,F1-PLUG,2.73,2.73,0.04,11.4,No,Normal simulated hourly value
2026-05-18 02:00,Building A,Floor 2,HVAC,F2-HVAC,11.89,11.89,0.04,11.4,No,Normal simulated hourly value
2026-05-18 02:00,Building A,Floor 2,Lighting,F2-LIGHT,1.69,1.69,0.04,11.4,No,Normal simulated hourly value
2026-05-18 02:00,Building A,Floor 2,Plug Loads,F2-PLUG,3.04,3.04,0.04,11.4,No,Normal simulated hourly value
2026-05-18 02:00,Building A,Floor 3,HVAC,F3-HVAC,9.37,9.37,0.04,11.4,No,Normal simulated hourly value
2026-05-18 02:00,Building A,Floor 3,Lighting,F3-LIGHT,1.87,1.87,0.04,11.4,No,Normal simulated hourly value
2026-05-18 02:00,Building A,Floor 3,Server Room,F3-SERVER,13.54,13.54,0.04,11.4,No,Normal simulated hourly value
2026-05-18 02:00,Building A,Common Areas,Elevators,CA-ELEV,1.0,1.0,0.04,11.4,No,Normal simulated hourly value
2026-05-18 02:00,Building A,Common Areas,Fire System,CA-FIRE,0.33,0.33,0.04,11.4,No,Normal simulated hourly value
2026-05-18 02:00,Building A,Common Areas,Outdoor Lighting,CA-OUTLIGHT,4.95,4.95,0.04,11.4,No,Normal simulated hourly value
2026-05-18 03:00,Building A,Floor 1,HVAC,F1-HVAC,11.0,11.0,0.11,11.4,No,Normal simulated hourly value
2026-05-18 03:00,Building A,Floor 1,Lighting,F1-LIGHT,3.68,3.68,0.11,11.4,No,Normal simulated hourly value
2026-05-18 03:00,Building A,Floor 1,Plug Loads,F1-PLUG,3.4,3.4,0.11,11.4,No,Normal simulated hourly value
2026-05-18 03:00,Building A,Floor 2,HVAC,F2-HVAC,12.57,12.57,0.11,11.4,No,Normal simulated hourly value
2026-05-18 03:00,Building A,Floor 2,Lighting,F2-LIGHT,3.88,3.88,0.11,11.4,No,Normal simulated hourly value
2026-05-18 03:00,Building A,Floor 2,Plug Loads,F2-PLUG,3.2,3.2,0.11,11.4,No,Normal simulated hourly value
2026-05-18 03:00,Building A,Floor 3,HVAC,F3-HVAC,11.23,11.23,0.11,11.4,No,Normal simulated hourly value
2026-05-18 03:00,Building A,Floor 3,Lighting,F3-LIGHT,3.5,3.5,0.11,11.4,No,Normal simulated hourly value
2026-05-18 03:00,Building A,Floor 3,Server Room,F3-SERVER,13.46,13.46,0.11,11.4,No,Normal simulated hourly value
2026-05-18 03:00,Building A,Common Areas,Elevators,CA-ELEV,1.16,1.16,0.11,11.4,No,Normal simulated hourly value
2026-05-18 03:00,Building A,Common Areas,Fire System,CA-FIRE,0.33,0.33,0.11,11.4,No,Normal simulated hourly value
2026-05-18 03:00,Building A,Common Areas,Outdoor Lighting,CA-OUTLIGHT,4.81,4.81,0.11,11.4,No,Normal simulated hourly value
2026-05-18 04:00,Building A,Floor 1,HVAC,F1-HVAC,11.34,11.34,0.11,11.1,No,Normal simulated hourly value
2026-05-18 04:00,Building A,Floor 1,Lighting,F1-LIGHT,3.34,3.34,0.11,11.1,No,Normal simulated hourly value
2026-05-18 04:00,Building A,Floor 1,Plug Loads,F1-PLUG,3.27,3.27,0.11,11.1,No,Normal simulated hourly value
2026-05-18 04:00,Building A,Floor 2,HVAC,F2-HVAC,13.14,13.14,0.11,11.1,No,Normal simulated hourly value
2026-05-18 04:00,Building A,Floor 2,Lighting,F2-LIGHT,4.05,4.05,0.11,11.1,No,Normal simulated hourly value
2026-05-18 04:00,Building A,Floor 2,Plug Loads,F2-PLUG,3.28,3.28,0.11,11.1,No,Normal simulated hourly value
2026-05-18 04:00,Building A,Floor 3,HVAC,F3-HVAC,10.19,10.19,0.11,11.1,No,Normal simulated hourly value
2026-05-18 04:00,Building A,Floor 3,Lighting,F3-LIGHT,3.33,3.33,0.11,11.1,No,Normal simulated hourly value
2026-05-18 04:00,Building A,Floor 3,Server Room,F3-SERVER,14.29,14.29,0.11,11.1,No,Normal simulated hourly value
2026-05-18 04:00,Building A,Common Areas,Elevators,CA-ELEV,1.3,1.3,0.11,11.1,No,Normal simulated hourly value
2026-05-18 04:00,Building A,Common Areas,Fire System,CA-FIRE,0.38,0.38,0.11,11.1,No,Normal simulated hourly value
2026-05-18 04:00,Building A,Common Areas,Outdoor Lighting,CA-OUTLIGHT,5.02,5.02,0.11,11.1,No,Normal simulated hourly value
2026-05-18 05:00,Building A,Floor 1,HVAC,F1-HVAC,10.0,10.0,0.04,12.1,No,Normal simulated hourly value
2026-05-18 05:00,Building A,Floor 1,Lighting,F1-LIGHT,1.59,1.59,0.04,12.1,No,Normal simulated hourly value
2026-05-18 05:00,Building A,Floor 1,Plug Loads,F1-PLUG,2.33,2.33,0.04,12.1,No,Normal simulated hourly value
2026-05-18 05:00,Building A,Floor 2,HVAC,F2-HVAC,11.59,11.59,0.04,12.1,No,Normal simulated hourly value
2026-05-18 05:00,Building A,Floor 2,Lighting,F2-LIGHT,2.13,2.13,0.04,12.1,No,Normal simulated hourly value
2026-05-18 05:00,Building A,Floor 2,Plug Loads,F2-PLUG,3.02,3.02,0.04,12.1,No,Normal simulated hourly value
2026-05-18 05:00,Building A,Floor 3,HVAC,F3-HVAC,9.6,9.6,0.04,12.1,No,Normal simulated hourly value
2026-05-18 05:00,Building A,Floor 3,Lighting,F3-LIGHT,1.47,1.47,0.04,12.1,No,Normal simulated hourly value
2026-05-18 05:00,Building A,Floor 3,Server Room,F3-SERVER,14.15,14.15,0.04,12.1,No,Normal simulated hourly value
2026-05-18 05:00,Building A,Common Areas,Elevators,CA-ELEV,1.04,1.04,0.04,12.1,No,Normal simulated hourly value
2026-05-18 05:00,Building A,Common Areas,Fire System,CA-FIRE,0.33,0.33,0.04,12.1,No,Normal simulated hourly value
2026-05-18 05:00,Building A,Common Areas,Outdoor Lighting,CA-OUTLIGHT,4.64,4.64,0.04,12.1,No,Normal simulated hourly value
2026-05-18 06:00,Building A,Floor 1,HVAC,F1-HVAC,14.68,14.68,0.39,12.5,No,Normal simulated hourly value
2026-05-18 06:00,Building A,Floor 1,Lighting,F1-LIGHT,4.68,4.68,0.39,12.5,No,Normal simulated hourly value
2026-05-18 06:00,Building A,Floor 1,Plug Loads,F1-PLUG,5.78,5.78,0.39,12.5,No,Normal simulated hourly value
2026-05-18 06:00,Building A,Floor 2,HVAC,F2-HVAC,16.88,16.88,0.39,12.5,No,Normal simulated hourly value
2026-05-18 06:00,Building A,Floor 2,Lighting,F2-LIGHT,4.84,4.84,0.39,12.5,No,Normal simulated hourly value
2026-05-18 06:00,Building A,Floor 2,Plug Loads,F2-PLUG,6.25,6.25,0.39,12.5,No,Normal simulated hourly value
2026-05-18 06:00,Building A,Floor 3,HVAC,F3-HVAC,14.48,14.48,0.39,12.5,No,Normal simulated hourly value
2026-05-18 06:00,Building A,Floor 3,Lighting,F3-LIGHT,3.9,3.9,0.39,12.5,No,Normal simulated hourly value
2026-05-18 06:00,Building A,Floor 3,Server Room,F3-SERVER,14.56,14.56,0.39,12.5,No,Normal simulated hourly value
2026-05-18 06:00,Building A,Common Areas,Elevators,CA-ELEV,2.53,2.53,0.39,12.5,No,Normal simulated hourly value
2026-05-18 06:00,Building A,Common Areas,Fire System,CA-FIRE,0.35,0.35,0.39,12.5,No,Normal simulated hourly value
2026-05-18 06:00,Building A,Common Areas,Outdoor Lighting,CA-OUTLIGHT,0.87,0.87,0.39,12.5,No,Normal simulated hourly value
2026-05-18 07:00,Building A,Floor 1,HVAC,F1-HVAC,13.91,13.91,0.3,13.6,No,Normal simulated hourly value
2026-05-18 07:00,Building A,Floor 1,Lighting,F1-LIGHT,3.64,3.64,0.3,13.6,No,Normal simulated hourly value
2026-05-18 07:00,Building A,Floor 1,Plug Loads,F1-PLUG,4.98,4.98,0.3,13.6,No,Normal simulated hourly value
2026-05-18 07:00,Building A,Floor 2,HVAC,F2-HVAC,13.9,13.9,0.3,13.6,No,Normal simulated hourly value
2026-05-18 07:00,Building A,Floor 2,Lighting,F2-LIGHT,4.27,4.27,0.3,13.6,No,Normal simulated hourly value
2026-05-18 07:00,Building A,Floor 2,Plug Loads,F2-PLUG,5.21,5.21,0.3,13.6,No,Normal simulated hourly value
2026-05-18 07:00,Building A,Floor 3,HVAC,F3-HVAC,12.73,12.73,0.3,13.6,No,Normal simulated hourly value
2026-05-18 07:00,Building A,Floor 3,Lighting,F3-LIGHT,3.5,3.5,0.3,13.6,No,Normal simulated hourly value
2026-05-18 07:00,Building A,Floor 3,Server Room,F3-SERVER,13.35,13.35,0.3,13.6,No,Normal simulated hourly value
2026-05-18 07:00,Building A,Common Areas,Elevators,CA-ELEV,1.79,1.79,0.3,13.6,No,Normal simulated hourly value
2026-05-18 07:00,Building A,Common Areas,Fire System,CA-FIRE,0.33,0.33,0.3,13.6,No,Normal simulated hourly value
2026-05-18 07:00,Building A,Common Areas,Outdoor Lighting,CA-OUTLIGHT,0.19,0.19,0.3,13.6,No,Normal simulated hourly value
2026-05-18 08:00,Building A,Floor 1,HVAC,F1-HVAC,22.85,22.85,0.94,14.1,No,Normal simulated hourly value
2026-05-18 08:00,Building A,Floor 1,Lighting,F1-LIGHT,8.83,8.83,0.94,14.1,No,Normal simulated hourly value
2026-05-18 08:00,Building A,Floor 1,Plug Loads,F1-PLUG,10.12,10.12,0.94,14.1,No,Normal simulated hourly value
2026-05-18 08:00,Building A,Floor 2,HVAC,F2-HVAC,24.23,24.23,0.94,14.1,No,Normal simulated hourly value
2026-05-18 08:00,Building A,Floor 2,Lighting,F2-LIGHT,9.3,9.3,0.94,14.1,No,Normal simulated hourly value
2026-05-18 08:00,Building A,Floor 2,Plug Loads,F2-PLUG,10.99,10.99,0.94,14.1,No,Normal simulated hourly value
2026-05-18 08:00,Building A,Floor 3,HVAC,F3-HVAC,21.03,21.03,0.94,14.1,No,Normal simulated hourly value
2026-05-18 08:00,Building A,Floor 3,Lighting,F3-LIGHT,8.22,8.22,0.94,14.1,No,Normal simulated hourly value
2026-05-18 08:00,Building A,Floor 3,Server Room,F3-SERVER,13.19,13.19,0.94,14.1,No,Normal simulated hourly value
2026-05-18 08:00,Building A,Common Areas,Elevators,CA-ELEV,4.48,4.48,0.94,14.1,No,Normal simulated hourly value
2026-05-18 08:00,Building A,Common Areas,Fire System,CA-FIRE,0.34,0.34,0.94,14.1,No,Normal simulated hourly value
2026-05-18 08:00,Building A,Common Areas,Outdoor Lighting,CA-OUTLIGHT,0.48,0.48,0.94,14.1,No,Normal simulated hourly value
2026-05-18 09:00,Building A,Floor 1,HVAC,F1-HVAC,19.76,19.76,0.76,13.8,No,Normal simulated hourly value
2026-05-18 09:00,Building A,Floor 1,Lighting,F1-LIGHT,7.57,7.57,0.76,13.8,No,Normal simulated hourly value
2026-05-18 09:00,Building A,Floor 1,Plug Loads,F1-PLUG,8.69,8.69,0.76,13.8,No,Normal simulated hourly value
2026-05-18 09:00,Building A,Floor 2,HVAC,F2-HVAC,21.98,21.98,0.76,13.8,No,Normal simulated hourly value
2026-05-18 09:00,Building A,Floor 2,Lighting,F2-LIGHT,7.78,7.78,0.76,13.8,No,Normal simulated hourly value
2026-05-18 09:00,Building A,Floor 2,Plug Loads,F2-PLUG,9.41,9.41,0.76,13.8,No,Normal simulated hourly value
2026-05-18 09:00,Building A,Floor 3,HVAC,F3-HVAC,18.45,18.45,0.76,13.8,No,Normal simulated hourly value
2026-05-18 09:00,Building A,Floor 3,Lighting,F3-LIGHT,6.82,6.82,0.76,13.8,No,Normal simulated hourly value
2026-05-18 09:00,Building A,Floor 3,Server Room,F3-SERVER,14.6,14.6,0.76,13.8,No,Normal simulated hourly value
2026-05-18 09:00,Building A,Common Areas,Elevators,CA-ELEV,3.76,3.76,0.76,13.8,No,Normal simulated hourly value
2026-05-18 09:00,Building A,Common Areas,Fire System,CA-FIRE,0.33,0.33,0.76,13.8,No,Normal simulated hourly value
2026-05-18 09:00,Building A,Common Areas,Outdoor Lighting,CA-OUTLIGHT,0.1,0.1,0.76,13.8,No,Normal simulated hourly value
2026-05-18 10:00,Building A,Floor 1,HVAC,F1-HVAC,21.69,21.69,0.88,14.3,No,Normal simulated hourly value
2026-05-18 10:00,Building A,Floor 1,Lighting,F1-LIGHT,6.79,6.79,0.88,14.3,No,Normal simulated hourly value
2026-05-18 10:00,Building A,Floor 1,Plug Loads,F1-PLUG,9.54,9.54,0.88,14.3,No,Normal simulated hourly value
2026-05-18 10:00,Building A,Floor 2,HVAC,F2-HVAC,22.88,22.88,0.88,14.3,No,Normal simulated hourly value
2026-05-18 10:00,Building A,Floor 2,Lighting,F2-LIGHT,7.02,7.02,0.88,14.3,No,Normal simulated hourly value
2026-05-18 10:00,Building A,Floor 2,Plug Loads,F2-PLUG,10.18,10.18,0.88,14.3,No,Normal simulated hourly value
2026-05-18 10:00,Building A,Floor 3,HVAC,F3-HVAC,19.8,19.8,0.88,14.3,No,Normal simulated hourly value
2026-05-18 10:00,Building A,Floor 3,Lighting,F3-LIGHT,6.32,6.32,0.88,14.3,No,Normal simulated hourly value
2026-05-18 10:00,Building A,Floor 3,Server Room,F3-SERVER,13.55,13.55,0.88,14.3,No,Normal simulated hourly value
2026-05-18 10:00,Building A,Common Areas,Elevators,CA-ELEV,4.37,4.37,0.88,14.3,No,Normal simulated hourly value
2026-05-18 10:00,Building A,Common Areas,Fire System,CA-FIRE,0.36,0.36,0.88,14.3,No,Normal simulated hourly value
2026-05-18 10:00,Building A,Common Areas,Outdoor Lighting,CA-OUTLIGHT,0.1,0.1,0.88,14.3,No,Normal simulated hourly value
2026-05-18 11:00,Building A,Floor 1,HVAC,F1-HVAC,19.44,19.44,0.76,14.3,No,Normal simulated hourly value
2026-05-18 11:00,Building A,Floor 1,Lighting,F1-LIGHT,5.7,5.7,0.76,14.3,No,Normal simulated hourly value
2026-05-18 11:00,Building A,Floor 1,Plug Loads,F1-PLUG,8.87,8.87,0.76,14.3,No,Normal simulated hourly value
2026-05-18 11:00,Building A,Floor 2,HVAC,F2-HVAC,21.03,21.03,0.76,14.3,No,Normal simulated hourly value
2026-05-18 11:00,Building A,Floor 2,Lighting,F2-LIGHT,6.36,6.36,0.76,14.3,No,Normal simulated hourly value
2026-05-18 11:00,Building A,Floor 2,Plug Loads,F2-PLUG,9.35,9.35,0.76,14.3,No,Normal simulated hourly value
2026-05-18 11:00,Building A,Floor 3,HVAC,F3-HVAC,18.3,18.3,0.76,14.3,No,Normal simulated hourly value
2026-05-18 11:00,Building A,Floor 3,Lighting,F3-LIGHT,5.23,5.23,0.76,14.3,No,Normal simulated hourly value
2026-05-18 11:00,Building A,Floor 3,Server Room,F3-SERVER,13.23,13.23,0.76,14.3,No,Normal simulated hourly value
2026-05-18 11:00,Building A,Common Areas,Elevators,CA-ELEV,4.05,4.05,0.76,14.3,No,Normal simulated hourly value
2026-05-18 11:00,Building A,Common Areas,Fire System,CA-FIRE,0.35,0.35,0.76,14.3,No,Normal simulated hourly value
2026-05-18 11:00,Building A,Common Areas,Outdoor Lighting,CA-OUTLIGHT,0.23,0.23,0.76,14.3,No,Normal simulated hourly value
2026-05-18 12:00,Building A,Floor 1,HVAC,F1-HVAC,19.31,19.31,0.78,14.6,No,Normal simulated hourly value
2026-05-18 12:00,Building A,Floor 1,Lighting,F1-LIGHT,6.21,6.21,0.78,14.6,No,Normal simulated hourly value
2026-05-18 12:00,Building A,Floor 1,Plug Loads,F1-PLUG,8.93,8.93,0.78,14.6,No,Normal simulated hourly value
2026-05-18 12:00,Building A,Floor 2,HVAC,F2-HVAC,20.93,20.93,0.78,14.6,No,Normal simulated hourly value
2026-05-18 12:00,Building A,Floor 2,Lighting,F2-LIGHT,6.45,6.45,0.78,14.6,No,Normal simulated hourly value
2026-05-18 12:00,Building A,Floor 2,Plug Loads,F2-PLUG,9.56,9.56,0.78,14.6,No,Normal simulated hourly value
2026-05-18 12:00,Building A,Floor 3,HVAC,F3-HVAC,18.82,18.82,0.78,14.6,No,Normal simulated hourly value
2026-05-18 12:00,Building A,Floor 3,Lighting,F3-LIGHT,5.63,5.63,0.78,14.6,No,Normal simulated hourly value
2026-05-18 12:00,Building A,Floor 3,Server Room,F3-SERVER,14.41,14.41,0.78,14.6,No,Normal simulated hourly value
2026-05-18 12:00,Building A,Common Areas,Elevators,CA-ELEV,4.1,4.1,0.78,14.6,No,Normal simulated hourly value
2026-05-18 12:00,Building A,Common Areas,Fire System,CA-FIRE,0.35,0.35,0.78,14.6,No,Normal simulated hourly value
2026-05-18 12:00,Building A,Common Areas,Outdoor Lighting,CA-OUTLIGHT,0.24,0.24,0.78,14.6,No,Normal simulated hourly value
2026-05-18 13:00,Building A,Floor 1,HVAC,F1-HVAC,19.74,19.74,0.83,15.3,No,Normal simulated hourly value
2026-05-18 13:00,Building A,Floor 1,Lighting,F1-LIGHT,6.6,6.6,0.83,15.3,No,Normal simulated hourly value
2026-05-18 13:00,Building A,Floor 1,Plug Loads,F1-PLUG,9.38,9.38,0.83,15.3,No,Normal simulated hourly value
2026-05-18 13:00,Building A,Floor 2,HVAC,F2-HVAC,21.87,21.87,0.83,15.3,No,Normal simulated hourly value
2026-05-18 13:00,Building A,Floor 2,Lighting,F2-LIGHT,7.1,7.1,0.83,15.3,No,Normal simulated hourly value
2026-05-18 13:00,Building A,Floor 2,Plug Loads,F2-PLUG,10.18,10.18,0.83,15.3,No,Normal simulated hourly value
2026-05-18 13:00,Building A,Floor 3,HVAC,F3-HVAC,18.84,18.84,0.83,15.3,No,Normal simulated hourly value
2026-05-18 13:00,Building A,Floor 3,Lighting,F3-LIGHT,5.92,5.92,0.83,15.3,No,Normal simulated hourly value
2026-05-18 13:00,Building A,Floor 3,Server Room,F3-SERVER,14.26,14.26,0.83,15.3,No,Normal simulated hourly value
2026-05-18 13:00,Building A,Common Areas,Elevators,CA-ELEV,4.06,4.06,0.83,15.3,No,Normal simulated hourly value
2026-05-18 13:00,Building A,Common Areas,Fire System,CA-FIRE,0.38,0.38,0.83,15.3,No,Normal simulated hourly value
2026-05-18 13:00,Building A,Common Areas,Outdoor Lighting,CA-OUTLIGHT,0.06,0.06,0.83,15.3,No,Normal simulated hourly value
2026-05-18 14:00,Building A,Floor 1,HVAC,F1-HVAC,22.23,22.23,0.95,14.6,No,Normal simulated hourly value
2026-05-18 14:00,Building A,Floor 1,Lighting,F1-LIGHT,7.36,7.36,0.95,14.6,No,Normal simulated hourly value
2026-05-18 14:00,Building A,Floor 1,Plug Loads,F1-PLUG,10.35,10.35,0.95,14.6,No,Normal simulated hourly value
2026-05-18 14:00,Building A,Floor 2,HVAC,F2-HVAC,24.49,24.49,0.95,14.6,No,Normal simulated hourly value
2026-05-18 14:00,Building A,Floor 2,Lighting,F2-LIGHT,7.48,7.48,0.95,14.6,No,Normal simulated hourly value
2026-05-18 14:00,Building A,Floor 2,Plug Loads,F2-PLUG,11.34,11.34,0.95,14.6,No,Normal simulated hourly value
2026-05-18 14:00,Building A,Floor 3,HVAC,F3-HVAC,21.02,21.02,0.95,14.6,No,Normal simulated hourly value
2026-05-18 14:00,Building A,Floor 3,Lighting,F3-LIGHT,6.23,6.23,0.95,14.6,No,Normal simulated hourly value
2026-05-18 14:00,Building A,Floor 3,Server Room,F3-SERVER,13.62,13.62,0.95,14.6,No,Normal simulated hourly value
2026-05-18 14:00,Building A,Common Areas,Elevators,CA-ELEV,4.62,4.62,0.95,14.6,No,Normal simulated hourly value
2026-05-18 14:00,Building A,Common Areas,Fire System,CA-FIRE,0.35,0.35,0.95,14.6,No,Normal simulated hourly value
2026-05-18 14:00,Building A,Common Areas,Outdoor Lighting,CA-OUTLIGHT,0.39,0.39,0.95,14.6,No,Normal simulated hourly value
2026-05-18 15:00,Building A,Floor 1,HVAC,F1-HVAC,20.66,20.66,0.84,14.5,No,Normal simulated hourly value
2026-05-18 15:00,Building A,Floor 1,Lighting,F1-LIGHT,6.36,6.36,0.84,14.5,No,Normal simulated hourly value
2026-05-18 15:00,Building A,Floor 1,Plug Loads,F1-PLUG,9.13,9.13,0.84,14.5,No,Normal simulated hourly value
2026-05-18 15:00,Building A,Floor 2,HVAC,F2-HVAC,22.52,22.52,0.84,14.5,No,Normal simulated hourly value
2026-05-18 15:00,Building A,Floor 2,Lighting,F2-LIGHT,7.08,7.08,0.84,14.5,No,Normal simulated hourly value
2026-05-18 15:00,Building A,Floor 2,Plug Loads,F2-PLUG,10.35,10.35,0.84,14.5,No,Normal simulated hourly value
2026-05-18 15:00,Building A,Floor 3,HVAC,F3-HVAC,19.6,19.6,0.84,14.5,No,Normal simulated hourly value
2026-05-18 15:00,Building A,Floor 3,Lighting,F3-LIGHT,5.94,5.94,0.84,14.5,No,Normal simulated hourly value
2026-05-18 15:00,Building A,Floor 3,Server Room,F3-SERVER,13.41,13.41,0.84,14.5,No,Normal simulated hourly value
2026-05-18 15:00,Building A,Common Areas,Elevators,CA-ELEV,4.24,4.24,0.84,14.5,No,Normal simulated hourly value
2026-05-18 15:00,Building A,Common Areas,Fire System,CA-FIRE,0.34,0.34,0.84,14.5,No,Normal simulated hourly value
2026-05-18 15:00,Building A,Common Areas,Outdoor Lighting,CA-OUTLIGHT,0.24,0.24,0.84,14.5,No,Normal simulated hourly value
2026-05-18 16:00,Building A,Floor 1,HVAC,F1-HVAC,19.12,19.12,0.73,14.0,No,Normal simulated hourly value
2026-05-18 16:00,Building A,Floor 1,Lighting,F1-LIGHT,5.56,5.56,0.73,14.0,No,Normal simulated hourly value
2026-05-18 16:00,Building A,Floor 1,Plug Loads,F1-PLUG,8.47,8.47,0.73,14.0,No,Normal simulated hourly value
2026-05-18 16:00,Building A,Floor 2,HVAC,F2-HVAC,21.17,21.17,0.73,14.0,No,Normal simulated hourly value
2026-05-18 16:00,Building A,Floor 2,Lighting,F2-LIGHT,5.96,5.96,0.73,14.0,No,Normal simulated hourly value
2026-05-18 16:00,Building A,Floor 2,Plug Loads,F2-PLUG,9.31,9.31,0.73,14.0,No,Normal simulated hourly value
2026-05-18 16:00,Building A,Floor 3,HVAC,F3-HVAC,17.63,17.63,0.73,14.0,No,Normal simulated hourly value
2026-05-18 16:00,Building A,Floor 3,Lighting,F3-LIGHT,5.15,5.15,0.73,14.0,No,Normal simulated hourly value
2026-05-18 16:00,Building A,Floor 3,Server Room,F3-SERVER,14.56,14.56,0.73,14.0,No,Normal simulated hourly value
2026-05-18 16:00,Building A,Common Areas,Elevators,CA-ELEV,3.92,3.92,0.73,14.0,No,Normal simulated hourly value
2026-05-18 16:00,Building A,Common Areas,Fire System,CA-FIRE,0.37,0.37,0.73,14.0,No,Normal simulated hourly value
2026-05-18 16:00,Building A,Common Areas,Outdoor Lighting,CA-OUTLIGHT,0.14,0.14,0.73,14.0,No,Normal simulated hourly value
2026-05-18 17:00,Building A,Floor 1,HVAC,F1-HVAC,21.39,21.39,0.88,13.3,No,Normal simulated hourly value
2026-05-18 17:00,Building A,Floor 1,Lighting,F1-LIGHT,8.59,8.59,0.88,13.3,No,Normal simulated hourly value
2026-05-18 17:00,Building A,Floor 1,Plug Loads,F1-PLUG,9.46,9.46,0.88,13.3,No,Normal simulated hourly value
2026-05-18 17:00,Building A,Floor 2,HVAC,F2-HVAC,24.19,24.19,0.88,13.3,No,Normal simulated hourly value
2026-05-18 17:00,Building A,Floor 2,Lighting,F2-LIGHT,9.0,9.0,0.88,13.3,No,Normal simulated hourly value
2026-05-18 17:00,Building A,Floor 2,Plug Loads,F2-PLUG,10.65,10.65,0.88,13.3,No,Normal simulated hourly value
2026-05-18 17:00,Building A,Floor 3,HVAC,F3-HVAC,19.85,19.85,0.88,13.3,No,Normal simulated hourly value
2026-05-18 17:00,Building A,Floor 3,Lighting,F3-LIGHT,7.64,7.64,0.88,13.3,No,Normal simulated hourly value
2026-05-18 17:00,Building A,Floor 3,Server Room,F3-SERVER,13.24,13.24,0.88,13.3,No,Normal simulated hourly value
2026-05-18 17:00,Building A,Common Areas,Elevators,CA-ELEV,4.28,4.28,0.88,13.3,No,Normal simulated hourly value
2026-05-18 17:00,Building A,Common Areas,Fire System,CA-FIRE,0.36,0.36,0.88,13.3,No,Normal simulated hourly value
2026-05-18 17:00,Building A,Common Areas,Outdoor Lighting,CA-OUTLIGHT,0.43,0.43,0.88,13.3,No,Normal simulated hourly value
2026-05-18 18:00,Building A,Floor 1,HVAC,F1-HVAC,13.87,13.87,0.35,13.1,No,Normal simulated hourly value
2026-05-18 18:00,Building A,Floor 1,Lighting,F1-LIGHT,4.12,4.12,0.35,13.1,No,Normal simulated hourly value
2026-05-18 18:00,Building A,Floor 1,Plug Loads,F1-PLUG,5.18,5.18,0.35,13.1,No,Normal simulated hourly value
2026-05-18 18:00,Building A,Floor 2,HVAC,F2-HVAC,14.99,14.99,0.35,13.1,No,Normal simulated hourly value
2026-05-18 18:00,Building A,Floor 2,Lighting,F2-LIGHT,4.78,4.78,0.35,13.1,No,Normal simulated hourly value
2026-05-18 18:00,Building A,Floor 2,Plug Loads,F2-PLUG,5.82,5.82,0.35,13.1,No,Normal simulated hourly value
2026-05-18 18:00,Building A,Floor 3,HVAC,F3-HVAC,12.57,12.57,0.35,13.1,No,Normal simulated hourly value
2026-05-18 18:00,Building A,Floor 3,Lighting,F3-LIGHT,3.71,3.71,0.35,13.1,No,Normal simulated hourly value
2026-05-18 18:00,Building A,Floor 3,Server Room,F3-SERVER,14.41,14.41,0.35,13.1,No,Normal simulated hourly value
2026-05-18 18:00,Building A,Common Areas,Elevators,CA-ELEV,2.07,2.07,0.35,13.1,No,Normal simulated hourly value
2026-05-18 18:00,Building A,Common Areas,Fire System,CA-FIRE,0.38,0.38,0.35,13.1,No,Normal simulated hourly value
2026-05-18 18:00,Building A,Common Areas,Outdoor Lighting,CA-OUTLIGHT,0.14,0.14,0.35,13.1,No,Normal simulated hourly value
2026-05-18 19:00,Building A,Floor 1,HVAC,F1-HVAC,14.67,14.67,0.35,12.6,No,Normal simulated hourly value
2026-05-18 19:00,Building A,Floor 1,Lighting,F1-LIGHT,4.0,4.0,0.35,12.6,No,Normal simulated hourly value
2026-05-18 19:00,Building A,Floor 1,Plug Loads,F1-PLUG,4.89,4.89,0.35,12.6,No,Normal simulated hourly value
2026-05-18 19:00,Building A,Floor 2,HVAC,F2-HVAC,15.51,15.51,0.35,12.6,No,Normal simulated hourly value
2026-05-18 19:00,Building A,Floor 2,Lighting,F2-LIGHT,4.62,4.62,0.35,12.6,No,Normal simulated hourly value
2026-05-18 19:00,Building A,Floor 2,Plug Loads,F2-PLUG,5.4,5.4,0.35,12.6,No,Normal simulated hourly value
2026-05-18 19:00,Building A,Floor 3,HVAC,F3-HVAC,13.79,13.79,0.35,12.6,No,Normal simulated hourly value
2026-05-18 19:00,Building A,Floor 3,Lighting,F3-LIGHT,3.94,3.94,0.35,12.6,No,Normal simulated hourly value
2026-05-18 19:00,Building A,Floor 3,Server Room,F3-SERVER,13.19,13.19,0.35,12.6,No,Normal simulated hourly value
2026-05-18 19:00,Building A,Common Areas,Elevators,CA-ELEV,2.33,2.33,0.35,12.6,No,Normal simulated hourly value
2026-05-18 19:00,Building A,Common Areas,Fire System,CA-FIRE,0.36,0.36,0.35,12.6,No,Normal simulated hourly value
2026-05-18 19:00,Building A,Common Areas,Outdoor Lighting,CA-OUTLIGHT,0.99,0.99,0.35,12.6,No,Normal simulated hourly value
2026-05-18 20:00,Building A,Floor 1,HVAC,F1-HVAC,15.84,15.84,0.36,11.2,No,Normal simulated hourly value
2026-05-18 20:00,Building A,Floor 1,Lighting,F1-LIGHT,5.72,5.72,0.36,11.2,No,Normal simulated hourly value
2026-05-18 20:00,Building A,Floor 1,Plug Loads,F1-PLUG,5.35,5.35,0.36,11.2,No,Normal simulated hourly value
2026-05-18 20:00,Building A,Floor 2,HVAC,F2-HVAC,16.72,16.72,0.36,11.2,No,Normal simulated hourly value
2026-05-18 20:00,Building A,Floor 2,Lighting,F2-LIGHT,5.81,5.81,0.36,11.2,No,Normal simulated hourly value
2026-05-18 20:00,Building A,Floor 2,Plug Loads,F2-PLUG,5.63,5.63,0.36,11.2,No,Normal simulated hourly value
2026-05-18 20:00,Building A,Floor 3,HVAC,F3-HVAC,13.48,13.48,0.36,11.2,No,Normal simulated hourly value
2026-05-18 20:00,Building A,Floor 3,Lighting,F3-LIGHT,5.24,5.24,0.36,11.2,No,Normal simulated hourly value
2026-05-18 20:00,Building A,Floor 3,Server Room,F3-SERVER,12.92,12.92,0.36,11.2,No,Normal simulated hourly value
2026-05-18 20:00,Building A,Common Areas,Elevators,CA-ELEV,2.38,2.38,0.36,11.2,No,Normal simulated hourly value
2026-05-18 20:00,Building A,Common Areas,Fire System,CA-FIRE,0.36,0.36,0.36,11.2,No,Normal simulated hourly value
2026-05-18 20:00,Building A,Common Areas,Outdoor Lighting,CA-OUTLIGHT,4.68,4.68,0.36,11.2,No,Normal simulated hourly value
2026-05-18 21:00,Building A,Floor 1,HVAC,F1-HVAC,11.31,11.31,0.06,11.6,No,Normal simulated hourly value
2026-05-18 21:00,Building A,Floor 1,Lighting,F1-LIGHT,2.05,2.05,0.06,11.6,No,Normal simulated hourly value
2026-05-18 21:00,Building A,Floor 1,Plug Loads,F1-PLUG,2.66,2.66,0.06,11.6,No,Normal simulated hourly value
2026-05-18 21:00,Building A,Floor 2,HVAC,F2-HVAC,11.46,11.46,0.06,11.6,No,Normal simulated hourly value
2026-05-18 21:00,Building A,Floor 2,Lighting,F2-LIGHT,2.03,2.03,0.06,11.6,No,Normal simulated hourly value
2026-05-18 21:00,Building A,Floor 2,Plug Loads,F2-PLUG,2.78,2.78,0.06,11.6,No,Normal simulated hourly value
2026-05-18 21:00,Building A,Floor 3,HVAC,F3-HVAC,9.85,9.85,0.06,11.6,No,Normal simulated hourly value
2026-05-18 21:00,Building A,Floor 3,Lighting,F3-LIGHT,1.92,1.92,0.06,11.6,No,Normal simulated hourly value
2026-05-18 21:00,Building A,Floor 3,Server Room,F3-SERVER,13.61,13.61,0.06,11.6,No,Normal simulated hourly value
2026-05-18 21:00,Building A,Common Areas,Elevators,CA-ELEV,0.79,0.79,0.06,11.6,No,Normal simulated hourly value
2026-05-18 21:00,Building A,Common Areas,Fire System,CA-FIRE,0.36,0.36,0.06,11.6,No,Normal simulated hourly value
2026-05-18 21:00,Building A,Common Areas,Outdoor Lighting,CA-OUTLIGHT,4.74,4.74,0.06,11.6,No,Normal simulated hourly value
2026-05-18 22:00,Building A,Floor 1,HVAC,F1-HVAC,11.07,11.07,0.08,11.0,No,Normal simulated hourly value
2026-05-18 22:00,Building A,Floor 1,Lighting,F1-LIGHT,1.89,1.89,0.08,11.0,No,Normal simulated hourly value
2026-05-18 22:00,Building A,Floor 1,Plug Loads,F1-PLUG,2.62,2.62,0.08,11.0,No,Normal simulated hourly value
2026-05-18 22:00,Building A,Floor 2,HVAC,F2-HVAC,12.8,12.8,0.08,11.0,No,Normal simulated hourly value
2026-05-18 22:00,Building A,Floor 2,Lighting,F2-LIGHT,2.38,2.38,0.08,11.0,No,Normal simulated hourly value
2026-05-18 22:00,Building A,Floor 2,Plug Loads,F2-PLUG,3.33,3.33,0.08,11.0,No,Normal simulated hourly value
2026-05-18 22:00,Building A,Floor 3,HVAC,F3-HVAC,10.12,10.12,0.08,11.0,No,Normal simulated hourly value
2026-05-18 22:00,Building A,Floor 3,Lighting,F3-LIGHT,2.08,2.08,0.08,11.0,No,Normal simulated hourly value
2026-05-18 22:00,Building A,Floor 3,Server Room,F3-SERVER,13.44,13.44,0.08,11.0,No,Normal simulated hourly value
2026-05-18 22:00,Building A,Common Areas,Elevators,CA-ELEV,0.9,0.9,0.08,11.0,No,Normal simulated hourly value
2026-05-18 22:00,Building A,Common Areas,Fire System,CA-FIRE,0.37,0.37,0.08,11.0,No,Normal simulated hourly value
2026-05-18 22:00,Building A,Common Areas,Outdoor Lighting,CA-OUTLIGHT,4.95,4.95,0.08,11.0,No,Normal simulated hourly value
2026-05-18 23:00,Building A,Floor 1,HVAC,F1-HVAC,11.81,11.81,0.09,10.7,No,Normal simulated hourly value
2026-05-18 23:00,Building A,Floor 1,Lighting,F1-LIGHT,3.53,3.53,0.09,10.7,No,Normal simulated hourly value
2026-05-18 23:00,Building A,Floor 1,Plug Loads,F1-PLUG,3.06,3.06,0.09,10.7,No,Normal simulated hourly value
2026-05-18 23:00,Building A,Floor 2,HVAC,F2-HVAC,13.11,13.11,0.09,10.7,No,Normal simulated hourly value
2026-05-18 23:00,Building A,Floor 2,Lighting,F2-LIGHT,3.53,3.53,0.09,10.7,No,Normal simulated hourly value
2026-05-18 23:00,Building A,Floor 2,Plug Loads,F2-PLUG,3.15,3.15,0.09,10.7,No,Normal simulated hourly value
2026-05-18 23:00,Building A,Floor 3,HVAC,F3-HVAC,10.53,10.53,0.09,10.7,No,Normal simulated hourly value
2026-05-18 23:00,Building A,Floor 3,Lighting,F3-LIGHT,2.85,2.85,0.09,10.7,No,Normal simulated hourly value
2026-05-18 23:00,Building A,Floor 3,Server Room,F3-SERVER,13.93,13.93,0.09,10.7,No,Normal simulated hourly value
2026-05-18 23:00,Building A,Common Areas,Elevators,CA-ELEV,0.95,0.95,0.09,10.7,No,Normal simulated hourly value
2026-05-18 23:00,Building A,Common Areas,Fire System,CA-FIRE,0.33,0.33,0.09,10.7,No,Normal simulated hourly value
2026-05-18 23:00,Building A,Common Areas,Outdoor Lighting,CA-OUTLIGHT,4.94,4.94,0.09,10.7,No,Normal simulated hourly value
2026-05-19 00:00,Building A,Floor 1,HVAC,F1-HVAC,11.33,11.33,0.09,11.3,No,Normal simulated hourly value
2026-05-19 00:00,Building A,Floor 1,Lighting,F1-LIGHT,3.61,3.61,0.09,11.3,No,Normal simulated hourly value
2026-05-19 00:00,Building A,Floor 1,Plug Loads,F1-PLUG,3.17,3.17,0.09,11.3,No,Normal simulated hourly value
2026-05-19 00:00,Building A,Floor 2,HVAC,F2-HVAC,12.68,12.68,0.09,11.3,No,Normal simulated hourly value
2026-05-19 00:00,Building A,Floor 2,Lighting,F2-LIGHT,3.48,3.48,0.09,11.3,No,Normal simulated hourly value
2026-05-19 00:00,Building A,Floor 2,Plug Loads,F2-PLUG,2.96,2.96,0.09,11.3,No,Normal simulated hourly value
2026-05-19 00:00,Building A,Floor 3,HVAC,F3-HVAC,9.97,9.97,0.09,11.3,No,Normal simulated hourly value
2026-05-19 00:00,Building A,Floor 3,Lighting,F3-LIGHT,2.99,2.99,0.09,11.3,No,Normal simulated hourly value
2026-05-19 00:00,Building A,Floor 3,Server Room,F3-SERVER,14.27,14.27,0.09,11.3,No,Normal simulated hourly value
2026-05-19 00:00,Building A,Common Areas,Elevators,CA-ELEV,0.95,0.95,0.09,11.3,No,Normal simulated hourly value
2026-05-19 00:00,Building A,Common Areas,Fire System,CA-FIRE,0.34,0.34,0.09,11.3,No,Normal simulated hourly value
2026-05-19 00:00,Building A,Common Areas,Outdoor Lighting,CA-OUTLIGHT,4.73,4.73,0.09,11.3,No,Normal simulated hourly value
2026-05-19 01:00,Building A,Floor 1,HVAC,F1-HVAC,11.28,11.28,0.06,11.2,No,Normal simulated hourly value
2026-05-19 01:00,Building A,Floor 1,Lighting,F1-LIGHT,1.87,1.87,0.06,11.2,No,Normal simulated hourly value
2026-05-19 01:00,Building A,Floor 1,Plug Loads,F1-PLUG,2.57,2.57,0.06,11.2,No,Normal simulated hourly value
2026-05-19 01:00,Building A,Floor 2,HVAC,F2-HVAC,11.56,11.56,0.06,11.2,No,Normal simulated hourly value
2026-05-19 01:00,Building A,Floor 2,Lighting,F2-LIGHT,2.34,2.34,0.06,11.2,No,Normal simulated hourly value
2026-05-19 01:00,Building A,Floor 2,Plug Loads,F2-PLUG,2.91,2.91,0.06,11.2,No,Normal simulated hourly value
2026-05-19 01:00,Building A,Floor 3,HVAC,F3-HVAC,10.5,10.5,0.06,11.2,No,Normal simulated hourly value
2026-05-19 01:00,Building A,Floor 3,Lighting,F3-LIGHT,1.86,1.86,0.06,11.2,No,Normal simulated hourly value
2026-05-19 01:00,Building A,Floor 3,Server Room,F3-SERVER,13.03,13.03,0.06,11.2,No,Normal simulated hourly value
2026-05-19 01:00,Building A,Common Areas,Elevators,CA-ELEV,1.11,1.11,0.06,11.2,No,Normal simulated hourly value
2026-05-19 01:00,Building A,Common Areas,Fire System,CA-FIRE,0.37,0.37,0.06,11.2,No,Normal simulated hourly value
2026-05-19 01:00,Building A,Common Areas,Outdoor Lighting,CA-OUTLIGHT,4.7,4.7,0.06,11.2,No,Normal simulated hourly value
2026-05-19 02:00,Building A,Floor 1,HVAC,F1-HVAC,11.49,11.49,0.11,10.6,No,Normal simulated hourly value
2026-05-19 02:00,Building A,Floor 1,Lighting,F1-LIGHT,3.38,3.38,0.11,10.6,No,Normal simulated hourly value
2026-05-19 02:00,Building A,Floor 1,Plug Loads,F1-PLUG,3.08,3.08,0.11,10.6,No,Normal simulated hourly value
2026-05-19 02:00,Building A,Floor 2,HVAC,F2-HVAC,12.96,12.96,0.11,10.6,No,Normal simulated hourly value
2026-05-19 02:00,Building A,Floor 2,Lighting,F2-LIGHT,4.09,4.09,0.11,10.6,No,Normal simulated hourly value
2026-05-19 02:00,Building A,Floor 2,Plug Loads,F2-PLUG,3.36,3.36,0.11,10.6,No,Normal simulated hourly value
2026-05-19 02:00,Building A,Floor 3,HVAC,F3-HVAC,10.75,10.75,0.11,10.6,No,Normal simulated hourly value
2026-05-19 02:00,Building A,Floor 3,Lighting,F3-LIGHT,3.4,3.4,0.11,10.6,No,Normal simulated hourly value
2026-05-19 02:00,Building A,Floor 3,Server Room,F3-SERVER,13.78,13.78,0.11,10.6,No,Normal simulated hourly value
2026-05-19 02:00,Building A,Common Areas,Elevators,CA-ELEV,1.21,1.21,0.11,10.6,No,Normal simulated hourly value
2026-05-19 02:00,Building A,Common Areas,Fire System,CA-FIRE,0.36,0.36,0.11,10.6,No,Normal simulated hourly value
2026-05-19 02:00,Building A,Common Areas,Outdoor Lighting,CA-OUTLIGHT,4.69,4.69,0.11,10.6,No,Normal simulated hourly value
2026-05-19 03:00,Building A,Floor 1,HVAC,F1-HVAC,10.83,10.83,0.05,11.8,No,Normal simulated hourly value
2026-05-19 03:00,Building A,Floor 1,Lighting,F1-LIGHT,1.88,1.88,0.05,11.8,No,Normal simulated hourly value
2026-05-19 03:00,Building A,Floor 1,Plug Loads,F1-PLUG,2.78,2.78,0.05,11.8,No,Normal simulated hourly value
2026-05-19 03:00,Building A,Floor 2,HVAC,F2-HVAC,10.86,10.86,0.05,11.8,No,Normal simulated hourly value
2026-05-19 03:00,Building A,Floor 2,Lighting,F2-LIGHT,2.11,2.11,0.05,11.8,No,Normal simulated hourly value
2026-05-19 03:00,Building A,Floor 2,Plug Loads,F2-PLUG,2.92,2.92,0.05,11.8,No,Normal simulated hourly value
2026-05-19 03:00,Building A,Floor 3,HVAC,F3-HVAC,9.56,9.56,0.05,11.8,No,Normal simulated hourly value
2026-05-19 03:00,Building A,Floor 3,Lighting,F3-LIGHT,2.02,2.02,0.05,11.8,No,Normal simulated hourly value
2026-05-19 03:00,Building A,Floor 3,Server Room,F3-SERVER,12.97,12.97,0.05,11.8,No,Normal simulated hourly value
2026-05-19 03:00,Building A,Common Areas,Elevators,CA-ELEV,0.79,0.79,0.05,11.8,No,Normal simulated hourly value
2026-05-19 03:00,Building A,Common Areas,Fire System,CA-FIRE,0.32,0.32,0.05,11.8,No,Normal simulated hourly value
2026-05-19 03:00,Building A,Common Areas,Outdoor Lighting,CA-OUTLIGHT,4.97,4.97,0.05,11.8,No,Normal simulated hourly value
2026-05-19 04:00,Building A,Floor 1,HVAC,F1-HVAC,11.38,11.38,0.09,11.5,No,Normal simulated hourly value
2026-05-19 04:00,Building A,Floor 1,Lighting,F1-LIGHT,3.25,3.25,0.09,11.5,No,Normal simulated hourly value
2026-05-19 04:00,Building A,Floor 1,Plug Loads,F1-PLUG,3.08,3.08,0.09,11.5,No,Normal simulated hourly value
2026-05-19 04:00,Building A,Floor 2,HVAC,F2-HVAC,11.94,11.94,0.09,11.5,No,Normal simulated hourly value
2026-05-19 04:00,Building A,Floor 2,Lighting,F2-LIGHT,3.45,3.45,0.09,11.5,No,Normal simulated hourly value
2026-05-19 04:00,Building A,Floor 2,Plug Loads,F2-PLUG,3.13,3.13,0.09,11.5,No,Normal simulated hourly value
2026-05-19 04:00,Building A,Floor 3,HVAC,F3-HVAC,10.44,10.44,0.09,11.5,No,Normal simulated hourly value
2026-05-19 04:00,Building A,Floor 3,Lighting,F3-LIGHT,2.93,2.93,0.09,11.5,No,Normal simulated hourly value
2026-05-19 04:00,Building A,Floor 3,Server Room,F3-SERVER,13.44,13.44,0.09,11.5,No,Normal simulated hourly value
2026-05-19 04:00,Building A,Common Areas,Elevators,CA-ELEV,0.99,0.99,0.09,11.5,No,Normal simulated hourly value
2026-05-19 04:00,Building A,Common Areas,Fire System,CA-FIRE,0.36,0.36,0.09,11.5,No,Normal simulated hourly value
2026-05-19 04:00,Building A,Common Areas,Outdoor Lighting,CA-OUTLIGHT,4.99,4.99,0.09,11.5,No,Normal simulated hourly value
2026-05-19 05:00,Building A,Floor 1,HVAC,F1-HVAC,10.6,10.6,0.06,13.0,No,Normal simulated hourly value
2026-05-19 05:00,Building A,Floor 1,Lighting,F1-LIGHT,1.88,1.88,0.06,13.0,No,Normal simulated hourly value
2026-05-19 05:00,Building A,Floor 1,Plug Loads,F1-PLUG,2.52,2.52,0.06,13.0,No,Normal simulated hourly value
2026-05-19 05:00,Building A,Floor 2,HVAC,F2-HVAC,11.47,11.47,0.06,13.0,No,Normal simulated hourly value
2026-05-19 05:00,Building A,Floor 2,Lighting,F2-LIGHT,2.38,2.38,0.06,13.0,No,Normal simulated hourly value
2026-05-19 05:00,Building A,Floor 2,Plug Loads,F2-PLUG,2.87,2.87,0.06,13.0,No,Normal simulated hourly value
2026-05-19 05:00,Building A,Floor 3,HVAC,F3-HVAC,8.98,8.98,0.06,13.0,No,Normal simulated hourly value
2026-05-19 05:00,Building A,Floor 3,Lighting,F3-LIGHT,1.95,1.95,0.06,13.0,No,Normal simulated hourly value
2026-05-19 05:00,Building A,Floor 3,Server Room,F3-SERVER,14.22,14.22,0.06,13.0,No,Normal simulated hourly value
2026-05-19 05:00,Building A,Common Areas,Elevators,CA-ELEV,0.99,0.99,0.06,13.0,No,Normal simulated hourly value
2026-05-19 05:00,Building A,Common Areas,Fire System,CA-FIRE,0.34,0.34,0.06,13.0,No,Normal simulated hourly value
2026-05-19 05:00,Building A,Common Areas,Outdoor Lighting,CA-OUTLIGHT,4.57,4.57,0.06,13.0,No,Normal simulated hourly value
2026-05-19 06:00,Building A,Floor 1,HVAC,F1-HVAC,13.42,13.42,0.3,13.5,No,Normal simulated hourly value
2026-05-19 06:00,Building A,Floor 1,Lighting,F1-LIGHT,3.57,3.57,0.3,13.5,No,Normal simulated hourly value
2026-05-19 06:00,Building A,Floor 1,Plug Loads,F1-PLUG,5.05,5.05,0.3,13.5,No,Normal simulated hourly value
2026-05-19 06:00,Building A,Floor 2,HVAC,F2-HVAC,14.64,14.64,0.3,13.5,No,Normal simulated hourly value
2026-05-19 06:00,Building A,Floor 2,Lighting,F2-LIGHT,4.24,4.24,0.3,13.5,No,Normal simulated hourly value
2026-05-19 06:00,Building A,Floor 2,Plug Loads,F2-PLUG,4.84,4.84,0.3,13.5,No,Normal simulated hourly value
2026-05-19 06:00,Building A,Floor 3,HVAC,F3-HVAC,12.53,12.53,0.3,13.5,No,Normal simulated hourly value
2026-05-19 06:00,Building A,Floor 3,Lighting,F3-LIGHT,3.48,3.48,0.3,13.5,No,Normal simulated hourly value
2026-05-19 06:00,Building A,Floor 3,Server Room,F3-SERVER,13.89,13.89,0.3,13.5,No,Normal simulated hourly value
2026-05-19 06:00,Building A,Common Areas,Elevators,CA-ELEV,1.95,1.95,0.3,13.5,No,Normal simulated hourly value
2026-05-19 06:00,Building A,Common Areas,Fire System,CA-FIRE,0.36,0.36,0.3,13.5,No,Normal simulated hourly value
2026-05-19 06:00,Building A,Common Areas,Outdoor Lighting,CA-OUTLIGHT,0.95,0.95,0.3,13.5,No,Normal simulated hourly value
2026-05-19 07:00,Building A,Floor 1,HVAC,F1-HVAC,14.12,14.12,0.38,13.8,No,Normal simulated hourly value
2026-05-19 07:00,Building A,Floor 1,Lighting,F1-LIGHT,4.53,4.53,0.38,13.8,No,Normal simulated hourly value
2026-05-19 07:00,Building A,Floor 1,Plug Loads,F1-PLUG,5.21,5.21,0.38,13.8,No,Normal simulated hourly value
2026-05-19 07:00,Building A,Floor 2,HVAC,F2-HVAC,15.95,15.95,0.38,13.8,No,Normal simulated hourly value
2026-05-19 07:00,Building A,Floor 2,Lighting,F2-LIGHT,4.58,4.58,0.38,13.8,No,Normal simulated hourly value
2026-05-19 07:00,Building A,Floor 2,Plug Loads,F2-PLUG,6.0,6.0,0.38,13.8,No,Normal simulated hourly value
2026-05-19 07:00,Building A,Floor 3,HVAC,F3-HVAC,12.79,12.79,0.38,13.8,No,Normal simulated hourly value
2026-05-19 07:00,Building A,Floor 3,Lighting,F3-LIGHT,3.88,3.88,0.38,13.8,No,Normal simulated hourly value
2026-05-19 07:00,Building A,Floor 3,Server Room,F3-SERVER,13.26,13.26,0.38,13.8,No,Normal simulated hourly value
2026-05-19 07:00,Building A,Common Areas,Elevators,CA-ELEV,2.18,2.18,0.38,13.8,No,Normal simulated hourly value
2026-05-19 07:00,Building A,Common Areas,Fire System,CA-FIRE,0.35,0.35,0.38,13.8,No,Normal simulated hourly value
2026-05-19 07:00,Building A,Common Areas,Outdoor Lighting,CA-OUTLIGHT,0.35,0.35,0.38,13.8,No,Normal simulated hourly value
2026-05-19 08:00,Building A,Floor 1,HVAC,F1-HVAC,19.43,19.43,0.73,13.9,No,Normal simulated hourly value
2026-05-19 08:00,Building A,Floor 1,Lighting,F1-LIGHT,7.02,7.02,0.73,13.9,No,Normal simulated hourly value
2026-05-19 08:00,Building A,Floor 1,Plug Loads,F1-PLUG,8.66,8.66,0.73,13.9,No,Normal simulated hourly value
2026-05-19 08:00,Building A,Floor 2,HVAC,F2-HVAC,20.78,20.78,0.73,13.9,No,Normal simulated hourly value
2026-05-19 08:00,Building A,Floor 2,Lighting,F2-LIGHT,7.47,7.47,0.73,13.9,No,Normal simulated hourly value
2026-05-19 08:00,Building A,Floor 2,Plug Loads,F2-PLUG,9.18,9.18,0.73,13.9,No,Normal simulated hourly value
2026-05-19 08:00,Building A,Floor 3,HVAC,F3-HVAC,18.36,18.36,0.73,13.9,No,Normal simulated hourly value
2026-05-19 08:00,Building A,Floor 3,Lighting,F3-LIGHT,6.82,6.82,0.73,13.9,No,Normal simulated hourly value
2026-05-19 08:00,Building A,Floor 3,Server Room,F3-SERVER,13.17,13.17,0.73,13.9,No,Normal simulated hourly value
2026-05-19 08:00,Building A,Common Areas,Elevators,CA-ELEV,3.6,3.6,0.73,13.9,No,Normal simulated hourly value
2026-05-19 08:00,Building A,Common Areas,Fire System,CA-FIRE,0.36,0.36,0.73,13.9,No,Normal simulated hourly value
2026-05-19 08:00,Building A,Common Areas,Outdoor Lighting,CA-OUTLIGHT,0.13,0.13,0.73,13.9,No,Normal simulated hourly value
2026-05-19 09:00,Building A,Floor 1,HVAC,F1-HVAC,22.24,22.24,0.95,14.2,No,Normal simulated hourly value
2026-05-19 09:00,Building A,Floor 1,Lighting,F1-LIGHT,8.89,8.89,0.95,14.2,No,Normal simulated hourly value
2026-05-19 09:00,Building A,Floor 1,Plug Loads,F1-PLUG,10.03,10.03,0.95,14.2,No,Normal simulated hourly value
2026-05-19 09:00,Building A,Floor 2,HVAC,F2-HVAC,23.89,23.89,0.95,14.2,No,Normal simulated hourly value
2026-05-19 09:00,Building A,Floor 2,Lighting,F2-LIGHT,9.35,9.35,0.95,14.2,No,Normal simulated hourly value
2026-05-19 09:00,Building A,Floor 2,Plug Loads,F2-PLUG,10.97,10.97,0.95,14.2,No,Normal simulated hourly value
2026-05-19 09:00,Building A,Floor 3,HVAC,F3-HVAC,21.05,21.05,0.95,14.2,No,Normal simulated hourly value
2026-05-19 09:00,Building A,Floor 3,Lighting,F3-LIGHT,8.08,8.08,0.95,14.2,No,Normal simulated hourly value
2026-05-19 09:00,Building A,Floor 3,Server Room,F3-SERVER,13.07,13.07,0.95,14.2,No,Normal simulated hourly value
2026-05-19 09:00,Building A,Common Areas,Elevators,CA-ELEV,4.79,4.79,0.95,14.2,No,Normal simulated hourly value
2026-05-19 09:00,Building A,Common Areas,Fire System,CA-FIRE,0.37,0.37,0.95,14.2,No,Normal simulated hourly value
2026-05-19 09:00,Building A,Common Areas,Outdoor Lighting,CA-OUTLIGHT,0.09,0.09,0.95,14.2,No,Normal simulated hourly value
2026-05-19 10:00,Building A,Floor 1,HVAC,F1-HVAC,20.52,20.52,0.82,14.7,No,Normal simulated hourly value
2026-05-19 10:00,Building A,Floor 1,Lighting,F1-LIGHT,6.52,6.52,0.82,14.7,No,Normal simulated hourly value
2026-05-19 10:00,Building A,Floor 1,Plug Loads,F1-PLUG,8.93,8.93,0.82,14.7,No,Normal simulated hourly value
2026-05-19 10:00,Building A,Floor 2,HVAC,F2-HVAC,22.38,22.38,0.82,14.7,No,Normal simulated hourly value
2026-05-19 10:00,Building A,Floor 2,Lighting,F2-LIGHT,6.61,6.61,0.82,14.7,No,Normal simulated hourly value
2026-05-19 10:00,Building A,Floor 2,Plug Loads,F2-PLUG,9.84,9.84,0.82,14.7,No,Normal simulated hourly value
2026-05-19 10:00,Building A,Floor 3,HVAC,F3-HVAC,19.3,19.3,0.82,14.7,No,Normal simulated hourly value
2026-05-19 10:00,Building A,Floor 3,Lighting,F3-LIGHT,5.66,5.66,0.82,14.7,No,Normal simulated hourly value
2026-05-19 10:00,Building A,Floor 3,Server Room,F3-SERVER,14.43,14.43,0.82,14.7,No,Normal simulated hourly value
2026-05-19 10:00,Building A,Common Areas,Elevators,CA-ELEV,4.26,4.26,0.82,14.7,No,Normal simulated hourly value
2026-05-19 10:00,Building A,Common Areas,Fire System,CA-FIRE,0.37,0.37,0.82,14.7,No,Normal simulated hourly value
2026-05-19 10:00,Building A,Common Areas,Outdoor Lighting,CA-OUTLIGHT,0.35,0.35,0.82,14.7,No,Normal simulated hourly value
2026-05-19 11:00,Building A,Floor 1,HVAC,F1-HVAC,21.75,21.75,0.94,14.6,No,Normal simulated hourly value
2026-05-19 11:00,Building A,Floor 1,Lighting,F1-LIGHT,6.95,6.95,0.94,14.6,No,Normal simulated hourly value
2026-05-19 11:00,Building A,Floor 1,Plug Loads,F1-PLUG,10.24,10.24,0.94,14.6,No,Normal simulated hourly value
2026-05-19 11:00,Building A,Floor 2,HVAC,F2-HVAC,24.3,24.3,0.94,14.6,No,Normal simulated hourly value
2026-05-19 11:00,Building A,Floor 2,Lighting,F2-LIGHT,7.67,7.67,0.94,14.6,No,Normal simulated hourly value
2026-05-19 11:00,Building A,Floor 2,Plug Loads,F2-PLUG,10.81,10.81,0.94,14.6,No,Normal simulated hourly value
2026-05-19 11:00,Building A,Floor 3,HVAC,F3-HVAC,20.24,20.24,0.94,14.6,No,Normal simulated hourly value
2026-05-19 11:00,Building A,Floor 3,Lighting,F3-LIGHT,6.35,6.35,0.94,14.6,No,Normal simulated hourly value
2026-05-19 11:00,Building A,Floor 3,Server Room,F3-SERVER,14.13,14.13,0.94,14.6,No,Normal simulated hourly value
2026-05-19 11:00,Building A,Common Areas,Elevators,CA-ELEV,4.78,4.78,0.94,14.6,No,Normal simulated hourly value
2026-05-19 11:00,Building A,Common Areas,Fire System,CA-FIRE,0.33,0.33,0.94,14.6,No,Normal simulated hourly value
2026-05-19 11:00,Building A,Common Areas,Outdoor Lighting,CA-OUTLIGHT,0.06,0.06,0.94,14.6,No,Normal simulated hourly value
2026-05-19 12:00,Building A,Floor 1,HVAC,F1-HVAC,18.6,18.6,0.73,15.1,No,Normal simulated hourly value
2026-05-19 12:00,Building A,Floor 1,Lighting,F1-LIGHT,5.66,5.66,0.73,15.1,No,Normal simulated hourly value
2026-05-19 12:00,Building A,Floor 1,Plug Loads,F1-PLUG,8.53,8.53,0.73,15.1,No,Normal simulated hourly value
2026-05-19 12:00,Building A,Floor 2,HVAC,F2-HVAC,20.61,20.61,0.73,15.1,No,Normal simulated hourly value
2026-05-19 12:00,Building A,Floor 2,Lighting,F2-LIGHT,6.39,6.39,0.73,15.1,No,Normal simulated hourly value
2026-05-19 12:00,Building A,Floor 2,Plug Loads,F2-PLUG,9.12,9.12,0.73,15.1,No,Normal simulated hourly value
2026-05-19 12:00,Building A,Floor 3,HVAC,F3-HVAC,17.46,17.46,0.73,15.1,No,Normal simulated hourly value
2026-05-19 12:00,Building A,Floor 3,Lighting,F3-LIGHT,5.6,5.6,0.73,15.1,No,Normal simulated hourly value
2026-05-19 12:00,Building A,Floor 3,Server Room,F3-SERVER,13.51,13.51,0.73,15.1,No,Normal simulated hourly value
2026-05-19 12:00,Building A,Common Areas,Elevators,CA-ELEV,3.78,3.78,0.73,15.1,No,Normal simulated hourly value
2026-05-19 12:00,Building A,Common Areas,Fire System,CA-FIRE,0.33,0.33,0.73,15.1,No,Normal simulated hourly value
2026-05-19 12:00,Building A,Common Areas,Outdoor Lighting,CA-OUTLIGHT,0.12,0.12,0.73,15.1,No,Normal simulated hourly value
2026-05-19 13:00,Building A,Floor 1,HVAC,F1-HVAC,21.02,21.02,0.88,14.9,No,Normal simulated hourly value
2026-05-19 13:00,Building A,Floor 1,Lighting,F1-LIGHT,6.85,6.85,0.88,14.9,No,Normal simulated hourly value
2026-05-19 13:00,Building A,Floor 1,Plug Loads,F1-PLUG,9.72,9.72,0.88,14.9,No,Normal simulated hourly value
2026-05-19 13:00,Building A,Floor 2,HVAC,F2-HVAC,23.43,23.43,0.88,14.9,No,Normal simulated hourly value
2026-05-19 13:00,Building A,Floor 2,Lighting,F2-LIGHT,6.91,6.91,0.88,14.9,No,Normal simulated hourly value
2026-05-19 13:00,Building A,Floor 2,Plug Loads,F2-PLUG,10.54,10.54,0.88,14.9,No,Normal simulated hourly value
2026-05-19 13:00,Building A,Floor 3,HVAC,F3-HVAC,19.05,19.05,0.88,14.9,No,Normal simulated hourly value
2026-05-19 13:00,Building A,Floor 3,Lighting,F3-LIGHT,6.33,6.33,0.88,14.9,No,Normal simulated hourly value
2026-05-19 13:00,Building A,Floor 3,Server Room,F3-SERVER,14.46,14.46,0.88,14.9,No,Normal simulated hourly value
2026-05-19 13:00,Building A,Common Areas,Elevators,CA-ELEV,4.23,4.23,0.88,14.9,No,Normal simulated hourly value
2026-05-19 13:00,Building A,Common Areas,Fire System,CA-FIRE,0.33,0.33,0.88,14.9,No,Normal simulated hourly value
2026-05-19 13:00,Building A,Common Areas,Outdoor Lighting,CA-OUTLIGHT,0.05,0.05,0.88,14.9,No,Normal simulated hourly value
2026-05-19 14:00,Building A,Floor 1,HVAC,F1-HVAC,21.03,21.03,0.87,14.6,No,Normal simulated hourly value
2026-05-19 14:00,Building A,Floor 1,Lighting,F1-LIGHT,6.43,6.43,0.87,14.6,No,Normal simulated hourly value
2026-05-19 14:00,Building A,Floor 1,Plug Loads,F1-PLUG,9.57,9.57,0.87,14.6,No,Normal simulated hourly value
2026-05-19 14:00,Building A,Floor 2,HVAC,F2-HVAC,23.2,23.2,0.87,14.6,No,Normal simulated hourly value
2026-05-19 14:00,Building A,Floor 2,Lighting,F2-LIGHT,7.09,7.09,0.87,14.6,No,Normal simulated hourly value
2026-05-19 14:00,Building A,Floor 2,Plug Loads,F2-PLUG,10.58,10.58,0.87,14.6,No,Normal simulated hourly value
2026-05-19 14:00,Building A,Floor 3,HVAC,F3-HVAC,19.39,19.39,0.87,14.6,No,Normal simulated hourly value
2026-05-19 14:00,Building A,Floor 3,Lighting,F3-LIGHT,5.83,5.83,0.87,14.6,No,Normal simulated hourly value
2026-05-19 14:00,Building A,Floor 3,Server Room,F3-SERVER,14.08,14.08,0.87,14.6,No,Normal simulated hourly value
2026-05-19 14:00,Building A,Common Areas,Elevators,CA-ELEV,4.2,4.2,0.87,14.6,No,Normal simulated hourly value
2026-05-19 14:00,Building A,Common Areas,Fire System,CA-FIRE,0.35,0.35,0.87,14.6,No,Normal simulated hourly value
2026-05-19 14:00,Building A,Common Areas,Outdoor Lighting,CA-OUTLIGHT,0.05,0.05,0.87,14.6,No,Normal simulated hourly value
2026-05-19 15:00,Building A,Floor 1,HVAC,F1-HVAC,20.72,20.72,0.86,14.7,No,Normal simulated hourly value
2026-05-19 15:00,Building A,Floor 1,Lighting,F1-LIGHT,6.54,6.54,0.86,14.7,No,Normal simulated hourly value
2026-05-19 15:00,Building A,Floor 1,Plug Loads,F1-PLUG,9.33,9.33,0.86,14.7,No,Normal simulated hourly value
2026-05-19 15:00,Building A,Floor 2,HVAC,F2-HVAC,22.84,22.84,0.86,14.7,No,Normal simulated hourly value
2026-05-19 15:00,Building A,Floor 2,Lighting,F2-LIGHT,7.32,7.32,0.86,14.7,No,Normal simulated hourly value
2026-05-19 15:00,Building A,Floor 2,Plug Loads,F2-PLUG,10.19,10.19,0.86,14.7,No,Normal simulated hourly value
2026-05-19 15:00,Building A,Floor 3,HVAC,F3-HVAC,18.74,18.74,0.86,14.7,No,Normal simulated hourly value
2026-05-19 15:00,Building A,Floor 3,Lighting,F3-LIGHT,5.84,5.84,0.86,14.7,No,Normal simulated hourly value
2026-05-19 15:00,Building A,Floor 3,Server Room,F3-SERVER,13.91,13.91,0.86,14.7,No,Normal simulated hourly value
2026-05-19 15:00,Building A,Common Areas,Elevators,CA-ELEV,4.36,4.36,0.86,14.7,No,Normal simulated hourly value
2026-05-19 15:00,Building A,Common Areas,Fire System,CA-FIRE,0.36,0.36,0.86,14.7,No,Normal simulated hourly value
2026-05-19 15:00,Building A,Common Areas,Outdoor Lighting,CA-OUTLIGHT,0.06,0.06,0.86,14.7,No,Normal simulated hourly value
2026-05-19 16:00,Building A,Floor 1,HVAC,F1-HVAC,19.59,19.59,0.77,14.4,No,Normal simulated hourly value
2026-05-19 16:00,Building A,Floor 1,Lighting,F1-LIGHT,6.2,6.2,0.77,14.4,No,Normal simulated hourly value
2026-05-19 16:00,Building A,Floor 1,Plug Loads,F1-PLUG,9.02,9.02,0.77,14.4,No,Normal simulated hourly value
2026-05-19 16:00,Building A,Floor 2,HVAC,F2-HVAC,21.12,21.12,0.77,14.4,No,Normal simulated hourly value
2026-05-19 16:00,Building A,Floor 2,Lighting,F2-LIGHT,6.5,6.5,0.77,14.4,No,Normal simulated hourly value
2026-05-19 16:00,Building A,Floor 2,Plug Loads,F2-PLUG,9.57,9.57,0.77,14.4,No,Normal simulated hourly value
2026-05-19 16:00,Building A,Floor 3,HVAC,F3-HVAC,17.66,17.66,0.77,14.4,No,Normal simulated hourly value
2026-05-19 16:00,Building A,Floor 3,Lighting,F3-LIGHT,5.32,5.32,0.77,14.4,No,Normal simulated hourly value
2026-05-19 16:00,Building A,Floor 3,Server Room,F3-SERVER,14.19,14.19,0.77,14.4,No,Normal simulated hourly value
2026-05-19 16:00,Building A,Common Areas,Elevators,CA-ELEV,4.02,4.02,0.77,14.4,No,Normal simulated hourly value
2026-05-19 16:00,Building A,Common Areas,Fire System,CA-FIRE,0.36,0.36,0.77,14.4,No,Normal simulated hourly value
2026-05-19 16:00,Building A,Common Areas,Outdoor Lighting,CA-OUTLIGHT,0.47,0.47,0.77,14.4,No,Normal simulated hourly value
2026-05-19 17:00,Building A,Floor 1,HVAC,F1-HVAC,21.44,21.44,0.83,13.4,No,Normal simulated hourly value
2026-05-19 17:00,Building A,Floor 1,Lighting,F1-LIGHT,8.1,8.1,0.83,13.4,No,Normal simulated hourly value
2026-05-19 17:00,Building A,Floor 1,Plug Loads,F1-PLUG,9.02,9.02,0.83,13.4,No,Normal simulated hourly value
2026-05-19 17:00,Building A,Floor 2,HVAC,F2-HVAC,22.69,22.69,0.83,13.4,No,Normal simulated hourly value
2026-05-19 17:00,Building A,Floor 2,Lighting,F2-LIGHT,8.87,8.87,0.83,13.4,No,Normal simulated hourly value
2026-05-19 17:00,Building A,Floor 2,Plug Loads,F2-PLUG,10.2,10.2,0.83,13.4,No,Normal simulated hourly value
2026-05-19 17:00,Building A,Floor 3,HVAC,F3-HVAC,19.52,19.52,0.83,13.4,No,Normal simulated hourly value
2026-05-19 17:00,Building A,Floor 3,Lighting,F3-LIGHT,7.5,7.5,0.83,13.4,No,Normal simulated hourly value
2026-05-19 17:00,Building A,Floor 3,Server Room,F3-SERVER,14.09,14.09,0.83,13.4,No,Normal simulated hourly value
2026-05-19 17:00,Building A,Common Areas,Elevators,CA-ELEV,4.37,4.37,0.83,13.4,No,Normal simulated hourly value
2026-05-19 17:00,Building A,Common Areas,Fire System,CA-FIRE,0.35,0.35,0.83,13.4,No,Normal simulated hourly value
2026-05-19 17:00,Building A,Common Areas,Outdoor Lighting,CA-OUTLIGHT,0.05,0.05,0.83,13.4,No,Normal simulated hourly value
2026-05-19 18:00,Building A,Floor 1,HVAC,F1-HVAC,15.09,15.09,0.42,13.5,No,Normal simulated hourly value
2026-05-19 18:00,Building A,Floor 1,Lighting,F1-LIGHT,4.78,4.78,0.42,13.5,No,Normal simulated hourly value
2026-05-19 18:00,Building A,Floor 1,Plug Loads,F1-PLUG,6.02,6.02,0.42,13.5,No,Normal simulated hourly value
2026-05-19 18:00,Building A,Floor 2,HVAC,F2-HVAC,15.94,15.94,0.42,13.5,No,Normal simulated hourly value
2026-05-19 18:00,Building A,Floor 2,Lighting,F2-LIGHT,5.21,5.21,0.42,13.5,No,Normal simulated hourly value
2026-05-19 18:00,Building A,Floor 2,Plug Loads,F2-PLUG,6.37,6.37,0.42,13.5,No,Normal simulated hourly value
2026-05-19 18:00,Building A,Floor 3,HVAC,F3-HVAC,13.46,13.46,0.42,13.5,No,Normal simulated hourly value
2026-05-19 18:00,Building A,Floor 3,Lighting,F3-LIGHT,4.33,4.33,0.42,13.5,No,Normal simulated hourly value
2026-05-19 18:00,Building A,Floor 3,Server Room,F3-SERVER,14.49,14.49,0.42,13.5,No,Normal simulated hourly value
2026-05-19 18:00,Building A,Common Areas,Elevators,CA-ELEV,2.47,2.47,0.42,13.5,No,Normal simulated hourly value
2026-05-19 18:00,Building A,Common Areas,Fire System,CA-FIRE,0.38,0.38,0.42,13.5,No,Normal simulated hourly value
2026-05-19 18:00,Building A,Common Areas,Outdoor Lighting,CA-OUTLIGHT,0.38,0.38,0.42,13.5,No,Normal simulated hourly value
2026-05-19 19:00,Building A,Floor 1,HVAC,F1-HVAC,16.55,16.55,0.44,12.2,No,Normal simulated hourly value
2026-05-19 19:00,Building A,Floor 1,Lighting,F1-LIGHT,4.9,4.9,0.44,12.2,No,Normal simulated hourly value
2026-05-19 19:00,Building A,Floor 1,Plug Loads,F1-PLUG,5.72,5.72,0.44,12.2,No,Normal simulated hourly value
2026-05-19 19:00,Building A,Floor 2,HVAC,F2-HVAC,17.16,17.16,0.44,12.2,No,Normal simulated hourly value
2026-05-19 19:00,Building A,Floor 2,Lighting,F2-LIGHT,5.45,5.45,0.44,12.2,No,Normal simulated hourly value
2026-05-19 19:00,Building A,Floor 2,Plug Loads,F2-PLUG,6.56,6.56,0.44,12.2,No,Normal simulated hourly value
2026-05-19 19:00,Building A,Floor 3,HVAC,F3-HVAC,14.47,14.47,0.44,12.2,No,Normal simulated hourly value
2026-05-19 19:00,Building A,Floor 3,Lighting,F3-LIGHT,4.66,4.66,0.44,12.2,No,Normal simulated hourly value
2026-05-19 19:00,Building A,Floor 3,Server Room,F3-SERVER,14.18,14.18,0.44,12.2,No,Normal simulated hourly value
2026-05-19 19:00,Building A,Common Areas,Elevators,CA-ELEV,2.72,2.72,0.44,12.2,No,Normal simulated hourly value
2026-05-19 19:00,Building A,Common Areas,Fire System,CA-FIRE,0.33,0.33,0.44,12.2,No,Normal simulated hourly value
2026-05-19 19:00,Building A,Common Areas,Outdoor Lighting,CA-OUTLIGHT,0.95,0.95,0.44,12.2,No,Normal simulated hourly value
2026-05-19 20:00,Building A,Floor 1,HVAC,F1-HVAC,15.92,15.92,0.38,11.7,No,Normal simulated hourly value
2026-05-19 20:00,Building A,Floor 1,Lighting,F1-LIGHT,5.75,5.75,0.38,11.7,No,Normal simulated hourly value
2026-05-19 20:00,Building A,Floor 1,Plug Loads,F1-PLUG,5.7,5.7,0.38,11.7,No,Normal simulated hourly value
2026-05-19 20:00,Building A,Floor 2,HVAC,F2-HVAC,16.58,16.58,0.38,11.7,No,Normal simulated hourly value
2026-05-19 20:00,Building A,Floor 2,Lighting,F2-LIGHT,6.23,6.23,0.38,11.7,No,Normal simulated hourly value
2026-05-19 20:00,Building A,Floor 2,Plug Loads,F2-PLUG,5.76,5.76,0.38,11.7,No,Normal simulated hourly value
2026-05-19 20:00,Building A,Floor 3,HVAC,F3-HVAC,13.66,13.66,0.38,11.7,No,Normal simulated hourly value
2026-05-19 20:00,Building A,Floor 3,Lighting,F3-LIGHT,5.12,5.12,0.38,11.7,No,Normal simulated hourly value
2026-05-19 20:00,Building A,Floor 3,Server Room,F3-SERVER,13.93,13.93,0.38,11.7,No,Normal simulated hourly value
2026-05-19 20:00,Building A,Common Areas,Elevators,CA-ELEV,2.36,2.36,0.38,11.7,No,Normal simulated hourly value
2026-05-19 20:00,Building A,Common Areas,Fire System,CA-FIRE,0.36,0.36,0.38,11.7,No,Normal simulated hourly value
2026-05-19 20:00,Building A,Common Areas,Outdoor Lighting,CA-OUTLIGHT,4.69,4.69,0.38,11.7,No,Normal simulated hourly value
2026-05-19 21:00,Building A,Floor 1,HVAC,F1-HVAC,11.22,11.22,0.1,11.9,No,Normal simulated hourly value
2026-05-19 21:00,Building A,Floor 1,Lighting,F1-LIGHT,3.2,3.2,0.1,11.9,No,Normal simulated hourly value
2026-05-19 21:00,Building A,Floor 1,Plug Loads,F1-PLUG,2.84,2.84,0.1,11.9,No,Normal simulated hourly value
2026-05-19 21:00,Building A,Floor 2,HVAC,F2-HVAC,12.29,12.29,0.1,11.9,No,Normal simulated hourly value
2026-05-19 21:00,Building A,Floor 2,Lighting,F2-LIGHT,3.58,3.58,0.1,11.9,No,Normal simulated hourly value
2026-05-19 21:00,Building A,Floor 2,Plug Loads,F2-PLUG,3.44,3.44,0.1,11.9,No,Normal simulated hourly value
2026-05-19 21:00,Building A,Floor 3,HVAC,F3-HVAC,9.89,9.89,0.1,11.9,No,Normal simulated hourly value
2026-05-19 21:00,Building A,Floor 3,Lighting,F3-LIGHT,3.07,3.07,0.1,11.9,No,Normal simulated hourly value
2026-05-19 21:00,Building A,Floor 3,Server Room,F3-SERVER,14.41,14.41,0.1,11.9,No,Normal simulated hourly value
2026-05-19 21:00,Building A,Common Areas,Elevators,CA-ELEV,1.2,1.2,0.1,11.9,No,Normal simulated hourly value
2026-05-19 21:00,Building A,Common Areas,Fire System,CA-FIRE,0.37,0.37,0.1,11.9,No,Normal simulated hourly value
2026-05-19 21:00,Building A,Common Areas,Outdoor Lighting,CA-OUTLIGHT,4.96,4.96,0.1,11.9,No,Normal simulated hourly value
2026-05-19 22:00,Building A,Floor 1,HVAC,F1-HVAC,12.21,12.21,0.11,10.6,No,Normal simulated hourly value
2026-05-19 22:00,Building A,Floor 1,Lighting,F1-LIGHT,3.78,3.78,0.11,10.6,No,Normal simulated hourly value
2026-05-19 22:00,Building A,Floor 1,Plug Loads,F1-PLUG,3.28,3.28,0.11,10.6,No,Normal simulated hourly value
2026-05-19 22:00,Building A,Floor 2,HVAC,F2-HVAC,12.95,12.95,0.11,10.6,No,Normal simulated hourly value
2026-05-19 22:00,Building A,Floor 2,Lighting,F2-LIGHT,3.69,3.69,0.11,10.6,No,Normal simulated hourly value
2026-05-19 22:00,Building A,Floor 2,Plug Loads,F2-PLUG,3.56,3.56,0.11,10.6,No,Normal simulated hourly value
2026-05-19 22:00,Building A,Floor 3,HVAC,F3-HVAC,11.33,11.33,0.11,10.6,No,Normal simulated hourly value
2026-05-19 22:00,Building A,Floor 3,Lighting,F3-LIGHT,3.15,3.15,0.11,10.6,No,Normal simulated hourly value
2026-05-19 22:00,Building A,Floor 3,Server Room,F3-SERVER,14.57,14.57,0.11,10.6,No,Normal simulated hourly value
2026-05-19 22:00,Building A,Common Areas,Elevators,CA-ELEV,1.12,1.12,0.11,10.6,No,Normal simulated hourly value
2026-05-19 22:00,Building A,Common Areas,Fire System,CA-FIRE,0.38,0.38,0.11,10.6,No,Normal simulated hourly value
2026-05-19 22:00,Building A,Common Areas,Outdoor Lighting,CA-OUTLIGHT,4.83,4.83,0.11,10.6,No,Normal simulated hourly value
2026-05-19 23:00,Building A,Floor 1,HVAC,F1-HVAC,11.33,11.33,0.05,10.3,No,Normal simulated hourly value
2026-05-19 23:00,Building A,Floor 1,Lighting,F1-LIGHT,2.06,2.06,0.05,10.3,No,Normal simulated hourly value
2026-05-19 23:00,Building A,Floor 1,Plug Loads,F1-PLUG,2.85,2.85,0.05,10.3,No,Normal simulated hourly value
2026-05-19 23:00,Building A,Floor 2,HVAC,F2-HVAC,12.48,12.48,0.05,10.3,No,Normal simulated hourly value
2026-05-19 23:00,Building A,Floor 2,Lighting,F2-LIGHT,2.29,2.29,0.05,10.3,No,Normal simulated hourly value
2026-05-19 23:00,Building A,Floor 2,Plug Loads,F2-PLUG,2.96,2.96,0.05,10.3,No,Normal simulated hourly value
2026-05-19 23:00,Building A,Floor 3,HVAC,F3-HVAC,10.47,10.47,0.05,10.3,No,Normal simulated hourly value
2026-05-19 23:00,Building A,Floor 3,Lighting,F3-LIGHT,1.89,1.89,0.05,10.3,No,Normal simulated hourly value
2026-05-19 23:00,Building A,Floor 3,Server Room,F3-SERVER,13.99,13.99,0.05,10.3,No,Normal simulated hourly value
2026-05-19 23:00,Building A,Common Areas,Elevators,CA-ELEV,1.02,1.02,0.05,10.3,No,Normal simulated hourly value
2026-05-19 23:00,Building A,Common Areas,Fire System,CA-FIRE,0.34,0.34,0.05,10.3,No,Normal simulated hourly value
2026-05-19 23:00,Building A,Common Areas,Outdoor Lighting,CA-OUTLIGHT,4.89,4.89,0.05,10.3,No,Normal simulated hourly value
2026-05-20 00:00,Building A,Floor 1,HVAC,F1-HVAC,11.03,11.03,0.05,10.7,No,Normal simulated hourly value
2026-05-20 00:00,Building A,Floor 1,Lighting,F1-LIGHT,1.82,1.82,0.05,10.7,No,Normal simulated hourly value
2026-05-20 00:00,Building A,Floor 1,Plug Loads,F1-PLUG,2.58,2.58,0.05,10.7,No,Normal simulated hourly value
2026-05-20 00:00,Building A,Floor 2,HVAC,F2-HVAC,11.96,11.96,0.05,10.7,No,Normal simulated hourly value
2026-05-20 00:00,Building A,Floor 2,Lighting,F2-LIGHT,1.82,1.82,0.05,10.7,No,Normal simulated hourly value
2026-05-20 00:00,Building A,Floor 2,Plug Loads,F2-PLUG,2.89,2.89,0.05,10.7,No,Normal simulated hourly value
2026-05-20 00:00,Building A,Floor 3,HVAC,F3-HVAC,9.84,9.84,0.05,10.7,No,Normal simulated hourly value
2026-05-20 00:00,Building A,Floor 3,Lighting,F3-LIGHT,1.64,1.64,0.05,10.7,No,Normal simulated hourly value
2026-05-20 00:00,Building A,Floor 3,Server Room,F3-SERVER,13.18,13.18,0.05,10.7,No,Normal simulated hourly value
2026-05-20 00:00,Building A,Common Areas,Elevators,CA-ELEV,0.77,0.77,0.05,10.7,No,Normal simulated hourly value
2026-05-20 00:00,Building A,Common Areas,Fire System,CA-FIRE,0.32,0.32,0.05,10.7,No,Normal simulated hourly value
2026-05-20 00:00,Building A,Common Areas,Outdoor Lighting,CA-OUTLIGHT,4.86,4.86,0.05,10.7,No,Normal simulated hourly value
2026-05-20 01:00,Building A,Floor 1,HVAC,F1-HVAC,11.12,11.12,0.07,11.3,No,Normal simulated hourly value
2026-05-20 01:00,Building A,Floor 1,Lighting,F1-LIGHT,1.96,1.96,0.07,11.3,No,Normal simulated hourly value
2026-05-20 01:00,Building A,Floor 1,Plug Loads,F1-PLUG,2.97,2.97,0.07,11.3,No,Normal simulated hourly value
2026-05-20 01:00,Building A,Floor 2,HVAC,F2-HVAC,11.69,11.69,0.07,11.3,No,Normal simulated hourly value
2026-05-20 01:00,Building A,Floor 2,Lighting,F2-LIGHT,2.04,2.04,0.07,11.3,No,Normal simulated hourly value
2026-05-20 01:00,Building A,Floor 2,Plug Loads,F2-PLUG,2.83,2.83,0.07,11.3,No,Normal simulated hourly value
2026-05-20 01:00,Building A,Floor 3,HVAC,F3-HVAC,9.63,9.63,0.07,11.3,No,Normal simulated hourly value
2026-05-20 01:00,Building A,Floor 3,Lighting,F3-LIGHT,1.89,1.89,0.07,11.3,No,Normal simulated hourly value
2026-05-20 01:00,Building A,Floor 3,Server Room,F3-SERVER,13.87,13.87,0.07,11.3,No,Normal simulated hourly value
2026-05-20 01:00,Building A,Common Areas,Elevators,CA-ELEV,0.83,0.83,0.07,11.3,No,Normal simulated hourly value
2026-05-20 01:00,Building A,Common Areas,Fire System,CA-FIRE,0.33,0.33,0.07,11.3,No,Normal simulated hourly value
2026-05-20 01:00,Building A,Common Areas,Outdoor Lighting,CA-OUTLIGHT,4.73,4.73,0.07,11.3,No,Normal simulated hourly value
2026-05-20 02:00,Building A,Floor 1,HVAC,F1-HVAC,11.64,11.64,0.1,11.0,No,Normal simulated hourly value
2026-05-20 02:00,Building A,Floor 1,Lighting,F1-LIGHT,3.78,3.78,0.1,11.0,No,Normal simulated hourly value
2026-05-20 02:00,Building A,Floor 1,Plug Loads,F1-PLUG,3.24,3.24,0.1,11.0,No,Normal simulated hourly value
2026-05-20 02:00,Building A,Floor 2,HVAC,F2-HVAC,13.11,13.11,0.1,11.0,No,Normal simulated hourly value
2026-05-20 02:00,Building A,Floor 2,Lighting,F2-LIGHT,3.46,3.46,0.1,11.0,No,Normal simulated hourly value
2026-05-20 02:00,Building A,Floor 2,Plug Loads,F2-PLUG,3.4,3.4,0.1,11.0,No,Normal simulated hourly value
2026-05-20 02:00,Building A,Floor 3,HVAC,F3-HVAC,10.61,10.61,0.1,11.0,No,Normal simulated hourly value
2026-05-20 02:00,Building A,Floor 3,Lighting,F3-LIGHT,3.44,3.44,0.1,11.0,No,Normal simulated hourly value
2026-05-20 02:00,Building A,Floor 3,Server Room,F3-SERVER,14.02,14.02,0.1,11.0,No,Normal simulated hourly value
2026-05-20 02:00,Building A,Common Areas,Elevators,CA-ELEV,1.3,1.3,0.1,11.0,No,Normal simulated hourly value
2026-05-20 02:00,Building A,Common Areas,Fire System,CA-FIRE,0.34,0.34,0.1,11.0,No,Normal simulated hourly value
2026-05-20 02:00,Building A,Common Areas,Outdoor Lighting,CA-OUTLIGHT,5.02,5.02,0.1,11.0,No,Normal simulated hourly value
2026-05-20 03:00,Building A,Floor 1,HVAC,F1-HVAC,10.78,10.78,0.08,11.6,No,Normal simulated hourly value
2026-05-20 03:00,Building A,Floor 1,Lighting,F1-LIGHT,2.37,2.37,0.08,11.6,No,Normal simulated hourly value
2026-05-20 03:00,Building A,Floor 1,Plug Loads,F1-PLUG,3.07,3.07,0.08,11.6,No,Normal simulated hourly value
2026-05-20 03:00,Building A,Floor 2,HVAC,F2-HVAC,11.77,11.77,0.08,11.6,No,Normal simulated hourly value
2026-05-20 03:00,Building A,Floor 2,Lighting,F2-LIGHT,2.48,2.48,0.08,11.6,No,Normal simulated hourly value
2026-05-20 03:00,Building A,Floor 2,Plug Loads,F2-PLUG,3.08,3.08,0.08,11.6,No,Normal simulated hourly value
2026-05-20 03:00,Building A,Floor 3,HVAC,F3-HVAC,9.61,9.61,0.08,11.6,No,Normal simulated hourly value
2026-05-20 03:00,Building A,Floor 3,Lighting,F3-LIGHT,2.19,2.19,0.08,11.6,No,Normal simulated hourly value
2026-05-20 03:00,Building A,Floor 3,Server Room,F3-SERVER,13.83,13.83,0.08,11.6,No,Normal simulated hourly value
2026-05-20 03:00,Building A,Common Areas,Elevators,CA-ELEV,1.22,1.22,0.08,11.6,No,Normal simulated hourly value
2026-05-20 03:00,Building A,Common Areas,Fire System,CA-FIRE,0.38,0.38,0.08,11.6,No,Normal simulated hourly value
2026-05-20 03:00,Building A,Common Areas,Outdoor Lighting,CA-OUTLIGHT,4.55,4.55,0.08,11.6,No,Normal simulated hourly value
2026-05-20 04:00,Building A,Floor 1,HVAC,F1-HVAC,11.51,11.51,0.09,11.6,No,Normal simulated hourly value
2026-05-20 04:00,Building A,Floor 1,Lighting,F1-LIGHT,3.62,3.62,0.09,11.6,No,Normal simulated hourly value
2026-05-20 04:00,Building A,Floor 1,Plug Loads,F1-PLUG,2.92,2.92,0.09,11.6,No,Normal simulated hourly value
2026-05-20 04:00,Building A,Floor 2,HVAC,F2-HVAC,11.6,11.6,0.09,11.6,No,Normal simulated hourly value
2026-05-20 04:00,Building A,Floor 2,Lighting,F2-LIGHT,3.7,3.7,0.09,11.6,No,Normal simulated hourly value
2026-05-20 04:00,Building A,Floor 2,Plug Loads,F2-PLUG,3.32,3.32,0.09,11.6,No,Normal simulated hourly value
2026-05-20 04:00,Building A,Floor 3,HVAC,F3-HVAC,10.86,10.86,0.09,11.6,No,Normal simulated hourly value
2026-05-20 04:00,Building A,Floor 3,Lighting,F3-LIGHT,3.29,3.29,0.09,11.6,No,Normal simulated hourly value
2026-05-20 04:00,Building A,Floor 3,Server Room,F3-SERVER,14.59,14.59,0.09,11.6,No,Normal simulated hourly value
2026-05-20 04:00,Building A,Common Areas,Elevators,CA-ELEV,1.18,1.18,0.09,11.6,No,Normal simulated hourly value
2026-05-20 04:00,Building A,Common Areas,Fire System,CA-FIRE,0.35,0.35,0.09,11.6,No,Normal simulated hourly value
2026-05-20 04:00,Building A,Common Areas,Outdoor Lighting,CA-OUTLIGHT,4.59,4.59,0.09,11.6,No,Normal simulated hourly value
2026-05-20 05:00,Building A,Floor 1,HVAC,F1-HVAC,11.17,11.17,0.1,12.1,No,Normal simulated hourly value
2026-05-20 05:00,Building A,Floor 1,Lighting,F1-LIGHT,3.52,3.52,0.1,12.1,No,Normal simulated hourly value
2026-05-20 05:00,Building A,Floor 1,Plug Loads,F1-PLUG,2.89,2.89,0.1,12.1,No,Normal simulated hourly value
2026-05-20 05:00,Building A,Floor 2,HVAC,F2-HVAC,11.7,11.7,0.1,12.1,No,Normal simulated hourly value
2026-05-20 05:00,Building A,Floor 2,Lighting,F2-LIGHT,3.69,3.69,0.1,12.1,No,Normal simulated hourly value
2026-05-20 05:00,Building A,Floor 2,Plug Loads,F2-PLUG,3.37,3.37,0.1,12.1,No,Normal simulated hourly value
2026-05-20 05:00,Building A,Floor 3,HVAC,F3-HVAC,10.14,10.14,0.1,12.1,No,Normal simulated hourly value
2026-05-20 05:00,Building A,Floor 3,Lighting,F3-LIGHT,2.91,2.91,0.1,12.1,No,Normal simulated hourly value
2026-05-20 05:00,Building A,Floor 3,Server Room,F3-SERVER,13.86,13.86,0.1,12.1,No,Normal simulated hourly value
2026-05-20 05:00,Building A,Common Areas,Elevators,CA-ELEV,1.18,1.18,0.1,12.1,No,Normal simulated hourly value
2026-05-20 05:00,Building A,Common Areas,Fire System,CA-FIRE,0.37,0.37,0.1,12.1,No,Normal simulated hourly value
2026-05-20 05:00,Building A,Common Areas,Outdoor Lighting,CA-OUTLIGHT,4.9,4.9,0.1,12.1,No,Normal simulated hourly value
2026-05-20 06:00,Building A,Floor 1,HVAC,F1-HVAC,15.29,15.29,0.44,12.7,No,Normal simulated hourly value
2026-05-20 06:00,Building A,Floor 1,Lighting,F1-LIGHT,5.1,5.1,0.44,12.7,No,Normal simulated hourly value
2026-05-20 06:00,Building A,Floor 1,Plug Loads,F1-PLUG,5.82,5.82,0.44,12.7,No,Normal simulated hourly value
2026-05-20 06:00,Building A,Floor 2,HVAC,F2-HVAC,16.53,16.53,0.44,12.7,No,Normal simulated hourly value
2026-05-20 06:00,Building A,Floor 2,Lighting,F2-LIGHT,5.49,5.49,0.44,12.7,No,Normal simulated hourly value
2026-05-20 06:00,Building A,Floor 2,Plug Loads,F2-PLUG,6.38,6.38,0.44,12.7,No,Normal simulated hourly value
2026-05-20 06:00,Building A,Floor 3,HVAC,F3-HVAC,14.38,14.38,0.44,12.7,No,Normal simulated hourly value
2026-05-20 06:00,Building A,Floor 3,Lighting,F3-LIGHT,4.63,4.63,0.44,12.7,No,Normal simulated hourly value
2026-05-20 06:00,Building A,Floor 3,Server Room,F3-SERVER,13.86,13.86,0.44,12.7,No,Normal simulated hourly value
2026-05-20 06:00,Building A,Common Areas,Elevators,CA-ELEV,2.4,2.4,0.44,12.7,No,Normal simulated hourly value
2026-05-20 06:00,Building A,Common Areas,Fire System,CA-FIRE,0.37,0.37,0.44,12.7,No,Normal simulated hourly value
2026-05-20 06:00,Building A,Common Areas,Outdoor Lighting,CA-OUTLIGHT,1.28,1.28,0.44,12.7,No,Normal simulated hourly value
2026-05-20 07:00,Building A,Floor 1,HVAC,F1-HVAC,15.22,15.22,0.39,13.4,No,Normal simulated hourly value
2026-05-20 07:00,Building A,Floor 1,Lighting,F1-LIGHT,4.72,4.72,0.39,13.4,No,Normal simulated hourly value
2026-05-20 07:00,Building A,Floor 1,Plug Loads,F1-PLUG,5.65,5.65,0.39,13.4,No,Normal simulated hourly value
2026-05-20 07:00,Building A,Floor 2,HVAC,F2-HVAC,15.75,15.75,0.39,13.4,No,Normal simulated hourly value
2026-05-20 07:00,Building A,Floor 2,Lighting,F2-LIGHT,5.18,5.18,0.39,13.4,No,Normal simulated hourly value
2026-05-20 07:00,Building A,Floor 2,Plug Loads,F2-PLUG,5.99,5.99,0.39,13.4,No,Normal simulated hourly value
2026-05-20 07:00,Building A,Floor 3,HVAC,F3-HVAC,13.61,13.61,0.39,13.4,No,Normal simulated hourly value
2026-05-20 07:00,Building A,Floor 3,Lighting,F3-LIGHT,3.95,3.95,0.39,13.4,No,Normal simulated hourly value
2026-05-20 07:00,Building A,Floor 3,Server Room,F3-SERVER,13.97,13.97,0.39,13.4,No,Normal simulated hourly value
2026-05-20 07:00,Building A,Common Areas,Elevators,CA-ELEV,2.35,2.35,0.39,13.4,No,Normal simulated hourly value
2026-05-20 07:00,Building A,Common Areas,Fire System,CA-FIRE,0.34,0.34,0.39,13.4,No,Normal simulated hourly value
2026-05-20 07:00,Building A,Common Areas,Outdoor Lighting,CA-OUTLIGHT,0.45,0.45,0.39,13.4,No,Normal simulated hourly value
2026-05-20 08:00,Building A,Floor 1,HVAC,F1-HVAC,20.63,20.63,0.81,14.2,No,Normal simulated hourly value
2026-05-20 08:00,Building A,Floor 1,Lighting,F1-LIGHT,7.83,7.83,0.81,14.2,No,Normal simulated hourly value
2026-05-20 08:00,Building A,Floor 1,Plug Loads,F1-PLUG,8.88,8.88,0.81,14.2,No,Normal simulated hourly value
2026-05-20 08:00,Building A,Floor 2,HVAC,F2-HVAC,21.76,21.76,0.81,14.2,No,Normal simulated hourly value
2026-05-20 08:00,Building A,Floor 2,Lighting,F2-LIGHT,8.64,8.64,0.81,14.2,No,Normal simulated hourly value
2026-05-20 08:00,Building A,Floor 2,Plug Loads,F2-PLUG,9.63,9.63,0.81,14.2,No,Normal simulated hourly value
2026-05-20 08:00,Building A,Floor 3,HVAC,F3-HVAC,18.44,18.44,0.81,14.2,No,Normal simulated hourly value
2026-05-20 08:00,Building A,Floor 3,Lighting,F3-LIGHT,7.37,7.37,0.81,14.2,No,Normal simulated hourly value
2026-05-20 08:00,Building A,Floor 3,Server Room,F3-SERVER,14.43,14.43,0.81,14.2,No,Normal simulated hourly value
2026-05-20 08:00,Building A,Common Areas,Elevators,CA-ELEV,4.27,4.27,0.81,14.2,No,Normal simulated hourly value
2026-05-20 08:00,Building A,Common Areas,Fire System,CA-FIRE,0.35,0.35,0.81,14.2,No,Normal simulated hourly value
2026-05-20 08:00,Building A,Common Areas,Outdoor Lighting,CA-OUTLIGHT,0.15,0.15,0.81,14.2,No,Normal simulated hourly value
2026-05-20 09:00,Building A,Floor 1,HVAC,F1-HVAC,19.67,19.67,0.74,14.3,No,Normal simulated hourly value
2026-05-20 09:00,Building A,Floor 1,Lighting,F1-LIGHT,7.26,7.26,0.74,14.3,No,Normal simulated hourly value
2026-05-20 09:00,Building A,Floor 1,Plug Loads,F1-PLUG,8.39,8.39,0.74,14.3,No,Normal simulated hourly value
2026-05-20 09:00,Building A,Floor 2,HVAC,F2-HVAC,20.5,20.5,0.74,14.3,No,Normal simulated hourly value
2026-05-20 09:00,Building A,Floor 2,Lighting,F2-LIGHT,7.95,7.95,0.74,14.3,No,Normal simulated hourly value
2026-05-20 09:00,Building A,Floor 2,Plug Loads,F2-PLUG,8.93,8.93,0.74,14.3,No,Normal simulated hourly value
2026-05-20 09:00,Building A,Floor 3,HVAC,F3-HVAC,17.99,17.99,0.74,14.3,No,Normal simulated hourly value
2026-05-20 09:00,Building A,Floor 3,Lighting,F3-LIGHT,6.93,6.93,0.74,14.3,No,Normal simulated hourly value
2026-05-20 09:00,Building A,Floor 3,Server Room,F3-SERVER,13.71,13.71,0.74,14.3,No,Normal simulated hourly value
2026-05-20 09:00,Building A,Common Areas,Elevators,CA-ELEV,3.85,3.85,0.74,14.3,No,Normal simulated hourly value
2026-05-20 09:00,Building A,Common Areas,Fire System,CA-FIRE,0.36,0.36,0.74,14.3,No,Normal simulated hourly value
2026-05-20 09:00,Building A,Common Areas,Outdoor Lighting,CA-OUTLIGHT,0.18,0.18,0.74,14.3,No,Normal simulated hourly value
2026-05-20 10:00,Building A,Floor 1,HVAC,F1-HVAC,19.69,19.69,0.82,14.9,No,Normal simulated hourly value
2026-05-20 10:00,Building A,Floor 1,Lighting,F1-LIGHT,6.14,6.14,0.82,14.9,No,Normal simulated hourly value
2026-05-20 10:00,Building A,Floor 1,Plug Loads,F1-PLUG,9.0,9.0,0.82,14.9,No,Normal simulated hourly value
2026-05-20 10:00,Building A,Floor 2,HVAC,F2-HVAC,22.2,22.2,0.82,14.9,No,Normal simulated hourly value
2026-05-20 10:00,Building A,Floor 2,Lighting,F2-LIGHT,6.76,6.76,0.82,14.9,No,Normal simulated hourly value
2026-05-20 10:00,Building A,Floor 2,Plug Loads,F2-PLUG,10.11,10.11,0.82,14.9,No,Normal simulated hourly value
2026-05-20 10:00,Building A,Floor 3,HVAC,F3-HVAC,18.22,18.22,0.82,14.9,No,Normal simulated hourly value
2026-05-20 10:00,Building A,Floor 3,Lighting,F3-LIGHT,5.93,5.93,0.82,14.9,No,Normal simulated hourly value
2026-05-20 10:00,Building A,Floor 3,Server Room,F3-SERVER,13.73,13.73,0.82,14.9,No,Normal simulated hourly value
2026-05-20 10:00,Building A,Common Areas,Elevators,CA-ELEV,4.09,4.09,0.82,14.9,No,Normal simulated hourly value
2026-05-20 10:00,Building A,Common Areas,Fire System,CA-FIRE,0.35,0.35,0.82,14.9,No,Normal simulated hourly value
2026-05-20 10:00,Building A,Common Areas,Outdoor Lighting,CA-OUTLIGHT,0.3,0.3,0.82,14.9,No,Normal simulated hourly value
2026-05-20 11:00,Building A,Floor 1,HVAC,F1-HVAC,20.9,20.9,0.92,15.8,No,Normal simulated hourly value
2026-05-20 11:00,Building A,Floor 1,Lighting,F1-LIGHT,6.91,6.91,0.92,15.8,No,Normal simulated hourly value
2026-05-20 11:00,Building A,Floor 1,Plug Loads,F1-PLUG,9.88,9.88,0.92,15.8,No,Normal simulated hourly value
2026-05-20 11:00,Building A,Floor 2,HVAC,F2-HVAC,23.5,23.5,0.92,15.8,No,Normal simulated hourly value
2026-05-20 11:00,Building A,Floor 2,Lighting,F2-LIGHT,7.18,7.18,0.92,15.8,No,Normal simulated hourly value
2026-05-20 11:00,Building A,Floor 2,Plug Loads,F2-PLUG,10.57,10.57,0.92,15.8,No,Normal simulated hourly value
2026-05-20 11:00,Building A,Floor 3,HVAC,F3-HVAC,19.05,19.05,0.92,15.8,No,Normal simulated hourly value
2026-05-20 11:00,Building A,Floor 3,Lighting,F3-LIGHT,6.34,6.34,0.92,15.8,No,Normal simulated hourly value
2026-05-20 11:00,Building A,Floor 3,Server Room,F3-SERVER,13.95,13.95,0.92,15.8,No,Normal simulated hourly value
2026-05-20 11:00,Building A,Common Areas,Elevators,CA-ELEV,4.53,4.53,0.92,15.8,No,Normal simulated hourly value
2026-05-20 11:00,Building A,Common Areas,Fire System,CA-FIRE,0.37,0.37,0.92,15.8,No,Normal simulated hourly value
2026-05-20 11:00,Building A,Common Areas,Outdoor Lighting,CA-OUTLIGHT,0.27,0.27,0.92,15.8,No,Normal simulated hourly value
2026-05-20 12:00,Building A,Floor 1,HVAC,F1-HVAC,20.27,20.27,0.83,16.0,No,Normal simulated hourly value
2026-05-20 12:00,Building A,Floor 1,Lighting,F1-LIGHT,6.27,6.27,0.83,16.0,No,Normal simulated hourly value
2026-05-20 12:00,Building A,Floor 1,Plug Loads,F1-PLUG,9.09,9.09,0.83,16.0,No,Normal simulated hourly value
2026-05-20 12:00,Building A,Floor 2,HVAC,F2-HVAC,21.86,21.86,0.83,16.0,No,Normal simulated hourly value
2026-05-20 12:00,Building A,Floor 2,Lighting,F2-LIGHT,7.0,7.0,0.83,16.0,No,Normal simulated hourly value
2026-05-20 12:00,Building A,Floor 2,Plug Loads,F2-PLUG,9.87,9.87,0.83,16.0,No,Normal simulated hourly value
2026-05-20 12:00,Building A,Floor 3,HVAC,F3-HVAC,18.3,18.3,0.83,16.0,No,Normal simulated hourly value
2026-05-20 12:00,Building A,Floor 3,Lighting,F3-LIGHT,5.85,5.85,0.83,16.0,No,Normal simulated hourly value
2026-05-20 12:00,Building A,Floor 3,Server Room,F3-SERVER,13.8,13.8,0.83,16.0,No,Normal simulated hourly value
2026-05-20 12:00,Building A,Common Areas,Elevators,CA-ELEV,4.25,4.25,0.83,16.0,No,Normal simulated hourly value
2026-05-20 12:00,Building A,Common Areas,Fire System,CA-FIRE,0.37,0.37,0.83,16.0,No,Normal simulated hourly value
2026-05-20 12:00,Building A,Common Areas,Outdoor Lighting,CA-OUTLIGHT,0.08,0.08,0.83,16.0,No,Normal simulated hourly value
2026-05-20 13:00,Building A,Floor 1,HVAC,F1-HVAC,19.67,19.67,0.82,15.4,No,Normal simulated hourly value
2026-05-20 13:00,Building A,Floor 1,Lighting,F1-LIGHT,6.57,6.57,0.82,15.4,No,Normal simulated hourly value
2026-05-20 13:00,Building A,Floor 1,Plug Loads,F1-PLUG,9.27,9.27,0.82,15.4,No,Normal simulated hourly value
2026-05-20 13:00,Building A,Floor 2,HVAC,F2-HVAC,22.23,22.23,0.82,15.4,No,Normal simulated hourly value
2026-05-20 13:00,Building A,Floor 2,Lighting,F2-LIGHT,6.94,6.94,0.82,15.4,No,Normal simulated hourly value
2026-05-20 13:00,Building A,Floor 2,Plug Loads,F2-PLUG,9.89,9.89,0.82,15.4,No,Normal simulated hourly value
2026-05-20 13:00,Building A,Floor 3,HVAC,F3-HVAC,18.29,18.29,0.82,15.4,No,Normal simulated hourly value
2026-05-20 13:00,Building A,Floor 3,Lighting,F3-LIGHT,5.62,5.62,0.82,15.4,No,Normal simulated hourly value
2026-05-20 13:00,Building A,Floor 3,Server Room,F3-SERVER,13.01,13.01,0.82,15.4,No,Normal simulated hourly value
2026-05-20 13:00,Building A,Common Areas,Elevators,CA-ELEV,4.09,4.09,0.82,15.4,No,Normal simulated hourly value
2026-05-20 13:00,Building A,Common Areas,Fire System,CA-FIRE,0.33,0.33,0.82,15.4,No,Normal simulated hourly value
2026-05-20 13:00,Building A,Common Areas,Outdoor Lighting,CA-OUTLIGHT,0.18,0.18,0.82,15.4,No,Normal simulated hourly value
2026-05-20 14:00,Building A,Floor 1,HVAC,F1-HVAC,19.65,19.65,0.82,15.1,No,Normal simulated hourly value
2026-05-20 14:00,Building A,Floor 1,Lighting,F1-LIGHT,6.59,6.59,0.82,15.1,No,Normal simulated hourly value
2026-05-20 14:00,Building A,Floor 1,Plug Loads,F1-PLUG,9.06,9.06,0.82,15.1,No,Normal simulated hourly value
2026-05-20 14:00,Building A,Floor 2,HVAC,F2-HVAC,22.06,22.06,0.82,15.1,No,Normal simulated hourly value
2026-05-20 14:00,Building A,Floor 2,Lighting,F2-LIGHT,6.81,6.81,0.82,15.1,No,Normal simulated hourly value
2026-05-20 14:00,Building A,Floor 2,Plug Loads,F2-PLUG,10.1,10.1,0.82,15.1,No,Normal simulated hourly value
2026-05-20 14:00,Building A,Floor 3,HVAC,F3-HVAC,18.98,18.98,0.82,15.1,No,Normal simulated hourly value
2026-05-20 14:00,Building A,Floor 3,Lighting,F3-LIGHT,5.65,5.65,0.82,15.1,No,Normal simulated hourly value
2026-05-20 14:00,Building A,Floor 3,Server Room,F3-SERVER,13.21,13.21,0.82,15.1,No,Normal simulated hourly value
2026-05-20 14:00,Building A,Common Areas,Elevators,CA-ELEV,4.21,4.21,0.82,15.1,No,Normal simulated hourly value
2026-05-20 14:00,Building A,Common Areas,Fire System,CA-FIRE,0.36,0.36,0.82,15.1,No,Normal simulated hourly value
2026-05-20 14:00,Building A,Common Areas,Outdoor Lighting,CA-OUTLIGHT,0.26,0.26,0.82,15.1,No,Normal simulated hourly value
2026-05-20 15:00,Building A,Floor 1,HVAC,F1-HVAC,21.99,21.99,0.93,14.7,No,Normal simulated hourly value
2026-05-20 15:00,Building A,Floor 1,Lighting,F1-LIGHT,6.85,6.85,0.93,14.7,No,Normal simulated hourly value
2026-05-20 15:00,Building A,Floor 1,Plug Loads,F1-PLUG,10.33,10.33,0.93,14.7,No,Normal simulated hourly value
2026-05-20 15:00,Building A,Floor 2,HVAC,F2-HVAC,23.71,23.71,0.93,14.7,No,Normal simulated hourly value
2026-05-20 15:00,Building A,Floor 2,Lighting,F2-LIGHT,7.49,7.49,0.93,14.7,No,Normal simulated hourly value
2026-05-20 15:00,Building A,Floor 2,Plug Loads,F2-PLUG,10.98,10.98,0.93,14.7,No,Normal simulated hourly value
2026-05-20 15:00,Building A,Floor 3,HVAC,F3-HVAC,20.21,20.21,0.93,14.7,No,Normal simulated hourly value
2026-05-20 15:00,Building A,Floor 3,Lighting,F3-LIGHT,6.17,6.17,0.93,14.7,No,Normal simulated hourly value
2026-05-20 15:00,Building A,Floor 3,Server Room,F3-SERVER,13.04,13.04,0.93,14.7,No,Normal simulated hourly value
2026-05-20 15:00,Building A,Common Areas,Elevators,CA-ELEV,4.66,4.66,0.93,14.7,No,Normal simulated hourly value
2026-05-20 15:00,Building A,Common Areas,Fire System,CA-FIRE,0.33,0.33,0.93,14.7,No,Normal simulated hourly value
2026-05-20 15:00,Building A,Common Areas,Outdoor Lighting,CA-OUTLIGHT,0.36,0.36,0.93,14.7,No,Normal simulated hourly value
2026-05-20 16:00,Building A,Floor 1,HVAC,F1-HVAC,20.38,20.38,0.77,13.9,No,Normal simulated hourly value
2026-05-20 16:00,Building A,Floor 1,Lighting,F1-LIGHT,6.14,6.14,0.77,13.9,No,Normal simulated hourly value
2026-05-20 16:00,Building A,Floor 1,Plug Loads,F1-PLUG,8.73,8.73,0.77,13.9,No,Normal simulated hourly value
2026-05-20 16:00,Building A,Floor 2,HVAC,F2-HVAC,21.59,21.59,0.77,13.9,No,Normal simulated hourly value
2026-05-20 16:00,Building A,Floor 2,Lighting,F2-LIGHT,6.31,6.31,0.77,13.9,No,Normal simulated hourly value
2026-05-20 16:00,Building A,Floor 2,Plug Loads,F2-PLUG,9.24,9.24,0.77,13.9,No,Normal simulated hourly value
2026-05-20 16:00,Building A,Floor 3,HVAC,F3-HVAC,18.81,18.81,0.77,13.9,No,Normal simulated hourly value
2026-05-20 16:00,Building A,Floor 3,Lighting,F3-LIGHT,5.24,5.24,0.77,13.9,No,Normal simulated hourly value
2026-05-20 16:00,Building A,Floor 3,Server Room,F3-SERVER,13.93,13.93,0.77,13.9,No,Normal simulated hourly value
2026-05-20 16:00,Building A,Common Areas,Elevators,CA-ELEV,3.8,3.8,0.77,13.9,No,Normal simulated hourly value
2026-05-20 16:00,Building A,Common Areas,Fire System,CA-FIRE,0.32,0.32,0.77,13.9,No,Normal simulated hourly value
2026-05-20 16:00,Building A,Common Areas,Outdoor Lighting,CA-OUTLIGHT,0.05,0.05,0.77,13.9,No,Normal simulated hourly value
2026-05-20 17:00,Building A,Floor 1,HVAC,F1-HVAC,20.59,20.59,0.76,13.5,No,Normal simulated hourly value
2026-05-20 17:00,Building A,Floor 1,Lighting,F1-LIGHT,7.49,7.49,0.76,13.5,No,Normal simulated hourly value
2026-05-20 17:00,Building A,Floor 1,Plug Loads,F1-PLUG,8.7,8.7,0.76,13.5,No,Normal simulated hourly value
2026-05-20 17:00,Building A,Floor 2,HVAC,F2-HVAC,21.07,21.07,0.76,13.5,No,Normal simulated hourly value
2026-05-20 17:00,Building A,Floor 2,Lighting,F2-LIGHT,8.15,8.15,0.76,13.5,No,Normal simulated hourly value
2026-05-20 17:00,Building A,Floor 2,Plug Loads,F2-PLUG,9.45,9.45,0.76,13.5,No,Normal simulated hourly value
2026-05-20 17:00,Building A,Floor 3,HVAC,F3-HVAC,18.18,18.18,0.76,13.5,No,Normal simulated hourly value
2026-05-20 17:00,Building A,Floor 3,Lighting,F3-LIGHT,6.59,6.59,0.76,13.5,No,Normal simulated hourly value
2026-05-20 17:00,Building A,Floor 3,Server Room,F3-SERVER,14.69,14.69,0.76,13.5,No,Normal simulated hourly value
2026-05-20 17:00,Building A,Common Areas,Elevators,CA-ELEV,4.04,4.04,0.76,13.5,No,Normal simulated hourly value
2026-05-20 17:00,Building A,Common Areas,Fire System,CA-FIRE,0.37,0.37,0.76,13.5,No,Normal simulated hourly value
2026-05-20 17:00,Building A,Common Areas,Outdoor Lighting,CA-OUTLIGHT,0.4,0.4,0.76,13.5,No,Normal simulated hourly value
2026-05-20 18:00,Building A,Floor 1,HVAC,F1-HVAC,13.38,13.38,0.29,13.6,No,Normal simulated hourly value
2026-05-20 18:00,Building A,Floor 1,Lighting,F1-LIGHT,3.62,3.62,0.29,13.6,No,Normal simulated hourly value
2026-05-20 18:00,Building A,Floor 1,Plug Loads,F1-PLUG,4.8,4.8,0.29,13.6,No,Normal simulated hourly value
2026-05-20 18:00,Building A,Floor 2,HVAC,F2-HVAC,14.05,14.05,0.29,13.6,No,Normal simulated hourly value
2026-05-20 18:00,Building A,Floor 2,Lighting,F2-LIGHT,4.04,4.04,0.29,13.6,No,Normal simulated hourly value
2026-05-20 18:00,Building A,Floor 2,Plug Loads,F2-PLUG,5.09,5.09,0.29,13.6,No,Normal simulated hourly value
2026-05-20 18:00,Building A,Floor 3,HVAC,F3-HVAC,11.81,11.81,0.29,13.6,No,Normal simulated hourly value
2026-05-20 18:00,Building A,Floor 3,Lighting,F3-LIGHT,3.39,3.39,0.29,13.6,No,Normal simulated hourly value
2026-05-20 18:00,Building A,Floor 3,Server Room,F3-SERVER,13.26,13.26,0.29,13.6,No,Normal simulated hourly value
2026-05-20 18:00,Building A,Common Areas,Elevators,CA-ELEV,2.06,2.06,0.29,13.6,No,Normal simulated hourly value
2026-05-20 18:00,Building A,Common Areas,Fire System,CA-FIRE,0.35,0.35,0.29,13.6,No,Normal simulated hourly value
2026-05-20 18:00,Building A,Common Areas,Outdoor Lighting,CA-OUTLIGHT,0.05,0.05,0.29,13.6,No,Normal simulated hourly value
2026-05-20 19:00,Building A,Floor 1,HVAC,F1-HVAC,14.2,14.2,0.37,12.7,No,Normal simulated hourly value
2026-05-20 19:00,Building A,Floor 1,Lighting,F1-LIGHT,4.56,4.56,0.37,12.7,No,Normal simulated hourly value
2026-05-20 19:00,Building A,Floor 1,Plug Loads,F1-PLUG,5.35,5.35,0.37,12.7,No,Normal simulated hourly value
2026-05-20 19:00,Building A,Floor 2,HVAC,F2-HVAC,15.47,15.47,0.37,12.7,No,Normal simulated hourly value
2026-05-20 19:00,Building A,Floor 2,Lighting,F2-LIGHT,4.73,4.73,0.37,12.7,No,Normal simulated hourly value
2026-05-20 19:00,Building A,Floor 2,Plug Loads,F2-PLUG,5.55,5.55,0.37,12.7,No,Normal simulated hourly value
2026-05-20 19:00,Building A,Floor 3,HVAC,F3-HVAC,13.69,13.69,0.37,12.7,No,Normal simulated hourly value
2026-05-20 19:00,Building A,Floor 3,Lighting,F3-LIGHT,4.23,4.23,0.37,12.7,No,Normal simulated hourly value
2026-05-20 19:00,Building A,Floor 3,Server Room,F3-SERVER,14.29,14.29,0.37,12.7,No,Normal simulated hourly value
2026-05-20 19:00,Building A,Common Areas,Elevators,CA-ELEV,2.31,2.31,0.37,12.7,No,Normal simulated hourly value
2026-05-20 19:00,Building A,Common Areas,Fire System,CA-FIRE,0.34,0.34,0.37,12.7,No,Normal simulated hourly value
2026-05-20 19:00,Building A,Common Areas,Outdoor Lighting,CA-OUTLIGHT,1.06,1.06,0.37,12.7,No,Normal simulated hourly value
2026-05-20 20:00,Building A,Floor 1,HVAC,F1-HVAC,16.08,16.08,0.41,11.8,No,Normal simulated hourly value
2026-05-20 20:00,Building A,Floor 1,Lighting,F1-LIGHT,5.83,5.83,0.41,11.8,No,Normal simulated hourly value
2026-05-20 20:00,Building A,Floor 1,Plug Loads,F1-PLUG,5.74,5.74,0.41,11.8,No,Normal simulated hourly value
2026-05-20 20:00,Building A,Floor 2,HVAC,F2-HVAC,17.28,17.28,0.41,11.8,No,Normal simulated hourly value
2026-05-20 20:00,Building A,Floor 2,Lighting,F2-LIGHT,6.53,6.53,0.41,11.8,No,Normal simulated hourly value
2026-05-20 20:00,Building A,Floor 2,Plug Loads,F2-PLUG,6.26,6.26,0.41,11.8,No,Normal simulated hourly value
2026-05-20 20:00,Building A,Floor 3,HVAC,F3-HVAC,13.99,13.99,0.41,11.8,No,Normal simulated hourly value
2026-05-20 20:00,Building A,Floor 3,Lighting,F3-LIGHT,5.21,5.21,0.41,11.8,No,Normal simulated hourly value
2026-05-20 20:00,Building A,Floor 3,Server Room,F3-SERVER,13.32,13.32,0.41,11.8,No,Normal simulated hourly value
2026-05-20 20:00,Building A,Common Areas,Elevators,CA-ELEV,2.57,2.57,0.41,11.8,No,Normal simulated hourly value
2026-05-20 20:00,Building A,Common Areas,Fire System,CA-FIRE,0.37,0.37,0.41,11.8,No,Normal simulated hourly value
2026-05-20 20:00,Building A,Common Areas,Outdoor Lighting,CA-OUTLIGHT,4.64,4.64,0.41,11.8,No,Normal simulated hourly value
2026-05-20 21:00,Building A,Floor 1,HVAC,F1-HVAC,11.29,11.29,0.1,11.9,No,Normal simulated hourly value
2026-05-20 21:00,Building A,Floor 1,Lighting,F1-LIGHT,3.25,3.25,0.1,11.9,No,Normal simulated hourly value
2026-05-20 21:00,Building A,Floor 1,Plug Loads,F1-PLUG,2.75,2.75,0.1,11.9,No,Normal simulated hourly value
2026-05-20 21:00,Building A,Floor 2,HVAC,F2-HVAC,12.28,12.28,0.1,11.9,No,Normal simulated hourly value
2026-05-20 21:00,Building A,Floor 2,Lighting,F2-LIGHT,3.87,3.87,0.1,11.9,No,Normal simulated hourly value
2026-05-20 21:00,Building A,Floor 2,Plug Loads,F2-PLUG,3.18,3.18,0.1,11.9,No,Normal simulated hourly value
2026-05-20 21:00,Building A,Floor 3,HVAC,F3-HVAC,10.13,10.13,0.1,11.9,No,Normal simulated hourly value
2026-05-20 21:00,Building A,Floor 3,Lighting,F3-LIGHT,2.99,2.99,0.1,11.9,No,Normal simulated hourly value
2026-05-20 21:00,Building A,Floor 3,Server Room,F3-SERVER,13.36,13.36,0.1,11.9,No,Normal simulated hourly value
2026-05-20 21:00,Building A,Common Areas,Elevators,CA-ELEV,1.26,1.26,0.1,11.9,No,Normal simulated hourly value
2026-05-20 21:00,Building A,Common Areas,Fire System,CA-FIRE,0.34,0.34,0.1,11.9,No,Normal simulated hourly value
2026-05-20 21:00,Building A,Common Areas,Outdoor Lighting,CA-OUTLIGHT,4.89,4.89,0.1,11.9,No,Normal simulated hourly value
2026-05-20 22:00,Building A,Floor 1,HVAC,F1-HVAC,11.19,11.19,0.07,11.7,No,Normal simulated hourly value
2026-05-20 22:00,Building A,Floor 1,Lighting,F1-LIGHT,2.04,2.04,0.07,11.7,No,Normal simulated hourly value
2026-05-20 22:00,Building A,Floor 1,Plug Loads,F1-PLUG,2.72,2.72,0.07,11.7,No,Normal simulated hourly value
2026-05-20 22:00,Building A,Floor 2,HVAC,F2-HVAC,11.78,11.78,0.07,11.7,No,Normal simulated hourly value
2026-05-20 22:00,Building A,Floor 2,Lighting,F2-LIGHT,2.06,2.06,0.07,11.7,No,Normal simulated hourly value
2026-05-20 22:00,Building A,Floor 2,Plug Loads,F2-PLUG,2.9,2.9,0.07,11.7,No,Normal simulated hourly value
2026-05-20 22:00,Building A,Floor 3,HVAC,F3-HVAC,9.8,9.8,0.07,11.7,No,Normal simulated hourly value
2026-05-20 22:00,Building A,Floor 3,Lighting,F3-LIGHT,2.01,2.01,0.07,11.7,No,Normal simulated hourly value
2026-05-20 22:00,Building A,Floor 3,Server Room,F3-SERVER,14.44,14.44,0.07,11.7,No,Normal simulated hourly value
2026-05-20 22:00,Building A,Common Areas,Elevators,CA-ELEV,1.06,1.06,0.07,11.7,No,Normal simulated hourly value
2026-05-20 22:00,Building A,Common Areas,Fire System,CA-FIRE,0.35,0.35,0.07,11.7,No,Normal simulated hourly value
2026-05-20 22:00,Building A,Common Areas,Outdoor Lighting,CA-OUTLIGHT,4.63,4.63,0.07,11.7,No,Normal simulated hourly value
2026-05-20 23:00,Building A,Floor 1,HVAC,F1-HVAC,11.06,11.06,0.07,10.8,No,Normal simulated hourly value
2026-05-20 23:00,Building A,Floor 1,Lighting,F1-LIGHT,2.08,2.08,0.07,10.8,No,Normal simulated hourly value
2026-05-20 23:00,Building A,Floor 1,Plug Loads,F1-PLUG,2.91,2.91,0.07,10.8,No,Normal simulated hourly value
2026-05-20 23:00,Building A,Floor 2,HVAC,F2-HVAC,12.4,12.4,0.07,10.8,No,Normal simulated hourly value
2026-05-20 23:00,Building A,Floor 2,Lighting,F2-LIGHT,2.01,2.01,0.07,10.8,No,Normal simulated hourly value
2026-05-20 23:00,Building A,Floor 2,Plug Loads,F2-PLUG,3.3,3.3,0.07,10.8,No,Normal simulated hourly value
2026-05-20 23:00,Building A,Floor 3,HVAC,F3-HVAC,9.76,9.76,0.07,10.8,No,Normal simulated hourly value
2026-05-20 23:00,Building A,Floor 3,Lighting,F3-LIGHT,1.64,1.64,0.07,10.8,No,Normal simulated hourly value
2026-05-20 23:00,Building A,Floor 3,Server Room,F3-SERVER,14.57,14.57,0.07,10.8,No,Normal simulated hourly value
2026-05-20 23:00,Building A,Common Areas,Elevators,CA-ELEV,0.97,0.97,0.07,10.8,No,Normal simulated hourly value
2026-05-20 23:00,Building A,Common Areas,Fire System,CA-FIRE,0.33,0.33,0.07,10.8,No,Normal simulated hourly value
2026-05-20 23:00,Building A,Common Areas,Outdoor Lighting,CA-OUTLIGHT,4.57,4.57,0.07,10.8,No,Normal simulated hourly value
2026-05-21 00:00,Building A,Floor 1,HVAC,F1-HVAC,11.94,11.94,0.12,11.2,No,Normal simulated hourly value
2026-05-21 00:00,Building A,Floor 1,Lighting,F1-LIGHT,3.65,3.65,0.12,11.2,No,Normal simulated hourly value
2026-05-21 00:00,Building A,Floor 1,Plug Loads,F1-PLUG,3.35,3.35,0.12,11.2,No,Normal simulated hourly value
2026-05-21 00:00,Building A,Floor 2,HVAC,F2-HVAC,12.86,12.86,0.12,11.2,No,Normal simulated hourly value
2026-05-21 00:00,Building A,Floor 2,Lighting,F2-LIGHT,4.19,4.19,0.12,11.2,No,Normal simulated hourly value
2026-05-21 00:00,Building A,Floor 2,Plug Loads,F2-PLUG,3.67,3.67,0.12,11.2,No,Normal simulated hourly value
2026-05-21 00:00,Building A,Floor 3,HVAC,F3-HVAC,11.02,11.02,0.12,11.2,No,Normal simulated hourly value
2026-05-21 00:00,Building A,Floor 3,Lighting,F3-LIGHT,3.31,3.31,0.12,11.2,No,Normal simulated hourly value
2026-05-21 00:00,Building A,Floor 3,Server Room,F3-SERVER,14.08,14.08,0.12,11.2,No,Normal simulated hourly value
2026-05-21 00:00,Building A,Common Areas,Elevators,CA-ELEV,1.33,1.33,0.12,11.2,No,Normal simulated hourly value
2026-05-21 00:00,Building A,Common Areas,Fire System,CA-FIRE,0.32,0.32,0.12,11.2,No,Normal simulated hourly value
2026-05-21 00:00,Building A,Common Areas,Outdoor Lighting,CA-OUTLIGHT,4.81,4.81,0.12,11.2,No,Normal simulated hourly value
2026-05-21 01:00,Building A,Floor 1,HVAC,F1-HVAC,10.27,10.27,0.05,11.1,No,Normal simulated hourly value
2026-05-21 01:00,Building A,Floor 1,Lighting,F1-LIGHT,1.73,1.73,0.05,11.1,No,Normal simulated hourly value
2026-05-21 01:00,Building A,Floor 1,Plug Loads,F1-PLUG,2.33,2.33,0.05,11.1,No,Normal simulated hourly value
2026-05-21 01:00,Building A,Floor 2,HVAC,F2-HVAC,11.29,11.29,0.05,11.1,No,Normal simulated hourly value
2026-05-21 01:00,Building A,Floor 2,Lighting,F2-LIGHT,2.34,2.34,0.05,11.1,No,Normal simulated hourly value
2026-05-21 01:00,Building A,Floor 2,Plug Loads,F2-PLUG,3.0,3.0,0.05,11.1,No,Normal simulated hourly value
2026-05-21 01:00,Building A,Floor 3,HVAC,F3-HVAC,9.79,9.79,0.05,11.1,No,Normal simulated hourly value
2026-05-21 01:00,Building A,Floor 3,Lighting,F3-LIGHT,1.68,1.68,0.05,11.1,No,Normal simulated hourly value
2026-05-21 01:00,Building A,Floor 3,Server Room,F3-SERVER,13.83,13.83,0.05,11.1,No,Normal simulated hourly value
2026-05-21 01:00,Building A,Common Areas,Elevators,CA-ELEV,1.0,1.0,0.05,11.1,No,Normal simulated hourly value
2026-05-21 01:00,Building A,Common Areas,Fire System,CA-FIRE,0.33,0.33,0.05,11.1,No,Normal simulated hourly value
2026-05-21 01:00,Building A,Common Areas,Outdoor Lighting,CA-OUTLIGHT,4.96,4.96,0.05,11.1,No,Normal simulated hourly value
2026-05-21 02:00,Building A,Floor 1,HVAC,F1-HVAC,11.08,11.08,0.06,12.1,No,Normal simulated hourly value
2026-05-21 02:00,Building A,Floor 1,Lighting,F1-LIGHT,1.83,1.83,0.06,12.1,No,Normal simulated hourly value
2026-05-21 02:00,Building A,Floor 1,Plug Loads,F1-PLUG,2.77,2.77,0.06,12.1,No,Normal simulated hourly value
2026-05-21 02:00,Building A,Floor 2,HVAC,F2-HVAC,11.0,11.0,0.06,12.1,No,Normal simulated hourly value
2026-05-21 02:00,Building A,Floor 2,Lighting,F2-LIGHT,2.38,2.38,0.06,12.1,No,Normal simulated hourly value
2026-05-21 02:00,Building A,Floor 2,Plug Loads,F2-PLUG,2.97,2.97,0.06,12.1,No,Normal simulated hourly value
2026-05-21 02:00,Building A,Floor 3,HVAC,F3-HVAC,9.4,9.4,0.06,12.1,No,Normal simulated hourly value
2026-05-21 02:00,Building A,Floor 3,Lighting,F3-LIGHT,1.75,1.75,0.06,12.1,No,Normal simulated hourly value
2026-05-21 02:00,Building A,Floor 3,Server Room,F3-SERVER,13.03,13.03,0.06,12.1,No,Normal simulated hourly value
2026-05-21 02:00,Building A,Common Areas,Elevators,CA-ELEV,0.87,0.87,0.06,12.1,No,Normal simulated hourly value
2026-05-21 02:00,Building A,Common Areas,Fire System,CA-FIRE,0.37,0.37,0.06,12.1,No,Normal simulated hourly value
2026-05-21 02:00,Building A,Common Areas,Outdoor Lighting,CA-OUTLIGHT,4.99,4.99,0.06,12.1,No,Normal simulated hourly value
2026-05-21 03:00,Building A,Floor 1,HVAC,F1-HVAC,10.96,10.96,0.08,12.3,No,Normal simulated hourly value
2026-05-21 03:00,Building A,Floor 1,Lighting,F1-LIGHT,2.4,2.4,0.08,12.3,No,Normal simulated hourly value
2026-05-21 03:00,Building A,Floor 1,Plug Loads,F1-PLUG,2.92,2.92,0.08,12.3,No,Normal simulated hourly value
2026-05-21 03:00,Building A,Floor 2,HVAC,F2-HVAC,11.91,11.91,0.08,12.3,No,Normal simulated hourly value
2026-05-21 03:00,Building A,Floor 2,Lighting,F2-LIGHT,2.45,2.45,0.08,12.3,No,Normal simulated hourly value
2026-05-21 03:00,Building A,Floor 2,Plug Loads,F2-PLUG,3.39,3.39,0.08,12.3,No,Normal simulated hourly value
2026-05-21 03:00,Building A,Floor 3,HVAC,F3-HVAC,9.82,9.82,0.08,12.3,No,Normal simulated hourly value
2026-05-21 03:00,Building A,Floor 3,Lighting,F3-LIGHT,1.93,1.93,0.08,12.3,No,Normal simulated hourly value
2026-05-21 03:00,Building A,Floor 3,Server Room,F3-SERVER,12.95,12.95,0.08,12.3,No,Normal simulated hourly value
2026-05-21 03:00,Building A,Common Areas,Elevators,CA-ELEV,0.88,0.88,0.08,12.3,No,Normal simulated hourly value
2026-05-21 03:00,Building A,Common Areas,Fire System,CA-FIRE,0.36,0.36,0.08,12.3,No,Normal simulated hourly value
2026-05-21 03:00,Building A,Common Areas,Outdoor Lighting,CA-OUTLIGHT,4.89,4.89,0.08,12.3,No,Normal simulated hourly value
2026-05-21 04:00,Building A,Floor 1,HVAC,F1-HVAC,11.07,11.07,0.06,12.1,No,Normal simulated hourly value
2026-05-21 04:00,Building A,Floor 1,Lighting,F1-LIGHT,1.98,1.98,0.06,12.1,No,Normal simulated hourly value
2026-05-21 04:00,Building A,Floor 1,Plug Loads,F1-PLUG,2.42,2.42,0.06,12.1,No,Normal simulated hourly value
2026-05-21 04:00,Building A,Floor 2,HVAC,F2-HVAC,11.77,11.77,0.06,12.1,No,Normal simulated hourly value
2026-05-21 04:00,Building A,Floor 2,Lighting,F2-LIGHT,1.97,1.97,0.06,12.1,No,Normal simulated hourly value
2026-05-21 04:00,Building A,Floor 2,Plug Loads,F2-PLUG,2.68,2.68,0.06,12.1,No,Normal simulated hourly value
2026-05-21 04:00,Building A,Floor 3,HVAC,F3-HVAC,9.89,9.89,0.06,12.1,No,Normal simulated hourly value
2026-05-21 04:00,Building A,Floor 3,Lighting,F3-LIGHT,2.0,2.0,0.06,12.1,No,Normal simulated hourly value
2026-05-21 04:00,Building A,Floor 3,Server Room,F3-SERVER,14.58,14.58,0.06,12.1,No,Normal simulated hourly value
2026-05-21 04:00,Building A,Common Areas,Elevators,CA-ELEV,0.94,0.94,0.06,12.1,No,Normal simulated hourly value
2026-05-21 04:00,Building A,Common Areas,Fire System,CA-FIRE,0.37,0.37,0.06,12.1,No,Normal simulated hourly value
2026-05-21 04:00,Building A,Common Areas,Outdoor Lighting,CA-OUTLIGHT,5.02,5.02,0.06,12.1,No,Normal simulated hourly value
2026-05-21 05:00,Building A,Floor 1,HVAC,F1-HVAC,10.75,10.75,0.11,13.2,No,Normal simulated hourly value
2026-05-21 05:00,Building A,Floor 1,Lighting,F1-LIGHT,3.38,3.38,0.11,13.2,No,Normal simulated hourly value
2026-05-21 05:00,Building A,Floor 1,Plug Loads,F1-PLUG,3.28,3.28,0.11,13.2,No,Normal simulated hourly value
2026-05-21 05:00,Building A,Floor 2,HVAC,F2-HVAC,12.06,12.06,0.11,13.2,No,Normal simulated hourly value
2026-05-21 05:00,Building A,Floor 2,Lighting,F2-LIGHT,3.67,3.67,0.11,13.2,No,Normal simulated hourly value
2026-05-21 05:00,Building A,Floor 2,Plug Loads,F2-PLUG,3.21,3.21,0.11,13.2,No,Normal simulated hourly value
2026-05-21 05:00,Building A,Floor 3,HVAC,F3-HVAC,9.59,9.59,0.11,13.2,No,Normal simulated hourly value
2026-05-21 05:00,Building A,Floor 3,Lighting,F3-LIGHT,3.34,3.34,0.11,13.2,No,Normal simulated hourly value
2026-05-21 05:00,Building A,Floor 3,Server Room,F3-SERVER,13.09,13.09,0.11,13.2,No,Normal simulated hourly value
2026-05-21 05:00,Building A,Common Areas,Elevators,CA-ELEV,1.33,1.33,0.11,13.2,No,Normal simulated hourly value
2026-05-21 05:00,Building A,Common Areas,Fire System,CA-FIRE,0.36,0.36,0.11,13.2,No,Normal simulated hourly value
2026-05-21 05:00,Building A,Common Areas,Outdoor Lighting,CA-OUTLIGHT,4.93,4.93,0.11,13.2,No,Normal simulated hourly value
2026-05-21 06:00,Building A,Floor 1,HVAC,F1-HVAC,12.77,12.77,0.26,13.5,No,Normal simulated hourly value
2026-05-21 06:00,Building A,Floor 1,Lighting,F1-LIGHT,3.6,3.6,0.26,13.5,No,Normal simulated hourly value
2026-05-21 06:00,Building A,Floor 1,Plug Loads,F1-PLUG,4.41,4.41,0.26,13.5,No,Normal simulated hourly value
2026-05-21 06:00,Building A,Floor 2,HVAC,F2-HVAC,14.4,14.4,0.26,13.5,No,Normal simulated hourly value
2026-05-21 06:00,Building A,Floor 2,Lighting,F2-LIGHT,4.05,4.05,0.26,13.5,No,Normal simulated hourly value
2026-05-21 06:00,Building A,Floor 2,Plug Loads,F2-PLUG,4.98,4.98,0.26,13.5,No,Normal simulated hourly value
2026-05-21 06:00,Building A,Floor 3,HVAC,F3-HVAC,11.76,11.76,0.26,13.5,No,Normal simulated hourly value
2026-05-21 06:00,Building A,Floor 3,Lighting,F3-LIGHT,3.54,3.54,0.26,13.5,No,Normal simulated hourly value
2026-05-21 06:00,Building A,Floor 3,Server Room,F3-SERVER,13.4,13.4,0.26,13.5,No,Normal simulated hourly value
2026-05-21 06:00,Building A,Common Areas,Elevators,CA-ELEV,1.68,1.68,0.26,13.5,No,Normal simulated hourly value
2026-05-21 06:00,Building A,Common Areas,Fire System,CA-FIRE,0.32,0.32,0.26,13.5,No,Normal simulated hourly value
2026-05-21 06:00,Building A,Common Areas,Outdoor Lighting,CA-OUTLIGHT,1.04,1.04,0.26,13.5,No,Normal simulated hourly value
2026-05-21 07:00,Building A,Floor 1,HVAC,F1-HVAC,13.7,13.7,0.35,14.1,No,Normal simulated hourly value
2026-05-21 07:00,Building A,Floor 1,Lighting,F1-LIGHT,4.34,4.34,0.35,14.1,No,Normal simulated hourly value
2026-05-21 07:00,Building A,Floor 1,Plug Loads,F1-PLUG,4.98,4.98,0.35,14.1,No,Normal simulated hourly value
2026-05-21 07:00,Building A,Floor 2,HVAC,F2-HVAC,15.51,15.51,0.35,14.1,No,Normal simulated hourly value
2026-05-21 07:00,Building A,Floor 2,Lighting,F2-LIGHT,4.69,4.69,0.35,14.1,No,Normal simulated hourly value
2026-05-21 07:00,Building A,Floor 2,Plug Loads,F2-PLUG,5.57,5.57,0.35,14.1,No,Normal simulated hourly value
2026-05-21 07:00,Building A,Floor 3,HVAC,F3-HVAC,12.95,12.95,0.35,14.1,No,Normal simulated hourly value
2026-05-21 07:00,Building A,Floor 3,Lighting,F3-LIGHT,3.6,3.6,0.35,14.1,No,Normal simulated hourly value
2026-05-21 07:00,Building A,Floor 3,Server Room,F3-SERVER,13.95,13.95,0.35,14.1,No,Normal simulated hourly value
2026-05-21 07:00,Building A,Common Areas,Elevators,CA-ELEV,2.1,2.1,0.35,14.1,No,Normal simulated hourly value
2026-05-21 07:00,Building A,Common Areas,Fire System,CA-FIRE,0.34,0.34,0.35,14.1,No,Normal simulated hourly value
2026-05-21 07:00,Building A,Common Areas,Outdoor Lighting,CA-OUTLIGHT,0.12,0.12,0.35,14.1,No,Normal simulated hourly value
2026-05-21 08:00,Building A,Floor 1,HVAC,F1-HVAC,20.84,20.84,0.86,14.6,No,Normal simulated hourly value
2026-05-21 08:00,Building A,Floor 1,Lighting,F1-LIGHT,8.21,8.21,0.86,14.6,No,Normal simulated hourly value
2026-05-21 08:00,Building A,Floor 1,Plug Loads,F1-PLUG,9.34,9.34,0.86,14.6,No,Normal simulated hourly value
2026-05-21 08:00,Building A,Floor 2,HVAC,F2-HVAC,22.92,22.92,0.86,14.6,No,Normal simulated hourly value
2026-05-21 08:00,Building A,Floor 2,Lighting,F2-LIGHT,8.79,8.79,0.86,14.6,No,Normal simulated hourly value
2026-05-21 08:00,Building A,Floor 2,Plug Loads,F2-PLUG,10.48,10.48,0.86,14.6,No,Normal simulated hourly value
2026-05-21 08:00,Building A,Floor 3,HVAC,F3-HVAC,19.06,19.06,0.86,14.6,No,Normal simulated hourly value
2026-05-21 08:00,Building A,Floor 3,Lighting,F3-LIGHT,7.36,7.36,0.86,14.6,No,Normal simulated hourly value
2026-05-21 08:00,Building A,Floor 3,Server Room,F3-SERVER,13.94,13.94,0.86,14.6,No,Normal simulated hourly value
2026-05-21 08:00,Building A,Common Areas,Elevators,CA-ELEV,4.2,4.2,0.86,14.6,No,Normal simulated hourly value
2026-05-21 08:00,Building A,Common Areas,Fire System,CA-FIRE,0.34,0.34,0.86,14.6,No,Normal simulated hourly value
2026-05-21 08:00,Building A,Common Areas,Outdoor Lighting,CA-OUTLIGHT,0.22,0.22,0.86,14.6,No,Normal simulated hourly value
2026-05-21 09:00,Building A,Floor 1,HVAC,F1-HVAC,19.82,19.82,0.75,14.9,No,Normal simulated hourly value
2026-05-21 09:00,Building A,Floor 1,Lighting,F1-LIGHT,7.14,7.14,0.75,14.9,No,Normal simulated hourly value
2026-05-21 09:00,Building A,Floor 1,Plug Loads,F1-PLUG,8.76,8.76,0.75,14.9,No,Normal simulated hourly value
2026-05-21 09:00,Building A,Floor 2,HVAC,F2-HVAC,20.42,20.42,0.75,14.9,No,Normal simulated hourly value
2026-05-21 09:00,Building A,Floor 2,Lighting,F2-LIGHT,7.94,7.94,0.75,14.9,No,Normal simulated hourly value
2026-05-21 09:00,Building A,Floor 2,Plug Loads,F2-PLUG,9.56,9.56,0.75,14.9,No,Normal simulated hourly value
2026-05-21 09:00,Building A,Floor 3,HVAC,F3-HVAC,18.15,18.15,0.75,14.9,No,Normal simulated hourly value
2026-05-21 09:00,Building A,Floor 3,Lighting,F3-LIGHT,6.77,6.77,0.75,14.9,No,Normal simulated hourly value
2026-05-21 09:00,Building A,Floor 3,Server Room,F3-SERVER,14.31,14.31,0.75,14.9,No,Normal simulated hourly value
2026-05-21 09:00,Building A,Common Areas,Elevators,CA-ELEV,3.77,3.77,0.75,14.9,No,Normal simulated hourly value
2026-05-21 09:00,Building A,Common Areas,Fire System,CA-FIRE,0.35,0.35,0.75,14.9,No,Normal simulated hourly value
2026-05-21 09:00,Building A,Common Areas,Outdoor Lighting,CA-OUTLIGHT,0.35,0.35,0.75,14.9,No,Normal simulated hourly value
2026-05-21 10:00,Building A,Floor 1,HVAC,F1-HVAC,21.56,21.56,0.91,14.9,No,Normal simulated hourly value
2026-05-21 10:00,Building A,Floor 1,Lighting,F1-LIGHT,6.9,6.9,0.91,14.9,No,Normal simulated hourly value
2026-05-21 10:00,Building A,Floor 1,Plug Loads,F1-PLUG,9.9,9.9,0.91,14.9,No,Normal simulated hourly value
2026-05-21 10:00,Building A,Floor 2,HVAC,F2-HVAC,23.12,23.12,0.91,14.9,No,Normal simulated hourly value
2026-05-21 10:00,Building A,Floor 2,Lighting,F2-LIGHT,7.29,7.29,0.91,14.9,No,Normal simulated hourly value
2026-05-21 10:00,Building A,Floor 2,Plug Loads,F2-PLUG,10.77,10.77,0.91,14.9,No,Normal simulated hourly value
2026-05-21 10:00,Building A,Floor 3,HVAC,F3-HVAC,20.38,20.38,0.91,14.9,No,Normal simulated hourly value
2026-05-21 10:00,Building A,Floor 3,Lighting,F3-LIGHT,6.13,6.13,0.91,14.9,No,Normal simulated hourly value
2026-05-21 10:00,Building A,Floor 3,Server Room,F3-SERVER,13.12,13.12,0.91,14.9,No,Normal simulated hourly value
2026-05-21 10:00,Building A,Common Areas,Elevators,CA-ELEV,4.67,4.67,0.91,14.9,No,Normal simulated hourly value
2026-05-21 10:00,Building A,Common Areas,Fire System,CA-FIRE,0.33,0.33,0.91,14.9,No,Normal simulated hourly value
2026-05-21 10:00,Building A,Common Areas,Outdoor Lighting,CA-OUTLIGHT,0.32,0.32,0.91,14.9,No,Normal simulated hourly value
2026-05-21 11:00,Building A,Floor 1,HVAC,F1-HVAC,21.14,21.14,0.9,15.2,No,Normal simulated hourly value
2026-05-21 11:00,Building A,Floor 1,Lighting,F1-LIGHT,6.87,6.87,0.9,15.2,No,Normal simulated hourly value
2026-05-21 11:00,Building A,Floor 1,Plug Loads,F1-PLUG,9.84,9.84,0.9,15.2,No,Normal simulated hourly value
2026-05-21 11:00,Building A,Floor 2,HVAC,F2-HVAC,23.3,23.3,0.9,15.2,No,Normal simulated hourly value
2026-05-21 11:00,Building A,Floor 2,Lighting,F2-LIGHT,7.54,7.54,0.9,15.2,No,Normal simulated hourly value
2026-05-21 11:00,Building A,Floor 2,Plug Loads,F2-PLUG,10.57,10.57,0.9,15.2,No,Normal simulated hourly value
2026-05-21 11:00,Building A,Floor 3,HVAC,F3-HVAC,19.35,19.35,0.9,15.2,No,Normal simulated hourly value
2026-05-21 11:00,Building A,Floor 3,Lighting,F3-LIGHT,6.3,6.3,0.9,15.2,No,Normal simulated hourly value
2026-05-21 11:00,Building A,Floor 3,Server Room,F3-SERVER,13.2,13.2,0.9,15.2,No,Normal simulated hourly value
2026-05-21 11:00,Building A,Common Areas,Elevators,CA-ELEV,4.6,4.6,0.9,15.2,No,Normal simulated hourly value
2026-05-21 11:00,Building A,Common Areas,Fire System,CA-FIRE,0.36,0.36,0.9,15.2,No,Normal simulated hourly value
2026-05-21 11:00,Building A,Common Areas,Outdoor Lighting,CA-OUTLIGHT,0.42,0.42,0.9,15.2,No,Normal simulated hourly value
2026-05-21 12:00,Building A,Floor 1,HVAC,F1-HVAC,18.95,18.95,0.76,15.2,No,Normal simulated hourly value
2026-05-21 12:00,Building A,Floor 1,Lighting,F1-LIGHT,5.84,5.84,0.76,15.2,No,Normal simulated hourly value
2026-05-21 12:00,Building A,Floor 1,Plug Loads,F1-PLUG,8.53,8.53,0.76,15.2,No,Normal simulated hourly value
2026-05-21 12:00,Building A,Floor 2,HVAC,F2-HVAC,20.54,20.54,0.76,15.2,No,Normal simulated hourly value
2026-05-21 12:00,Building A,Floor 2,Lighting,F2-LIGHT,6.51,6.51,0.76,15.2,No,Normal simulated hourly value
2026-05-21 12:00,Building A,Floor 2,Plug Loads,F2-PLUG,9.22,9.22,0.76,15.2,No,Normal simulated hourly value
2026-05-21 12:00,Building A,Floor 3,HVAC,F3-HVAC,17.67,17.67,0.76,15.2,No,Normal simulated hourly value
2026-05-21 12:00,Building A,Floor 3,Lighting,F3-LIGHT,5.69,5.69,0.76,15.2,No,Normal simulated hourly value
2026-05-21 12:00,Building A,Floor 3,Server Room,F3-SERVER,13.96,13.96,0.76,15.2,No,Normal simulated hourly value
2026-05-21 12:00,Building A,Common Areas,Elevators,CA-ELEV,4.08,4.08,0.76,15.2,No,Normal simulated hourly value
2026-05-21 12:00,Building A,Common Areas,Fire System,CA-FIRE,0.33,0.33,0.76,15.2,No,Normal simulated hourly value
2026-05-21 12:00,Building A,Common Areas,Outdoor Lighting,CA-OUTLIGHT,0.36,0.36,0.76,15.2,No,Normal simulated hourly value
2026-05-21 13:00,Building A,Floor 1,HVAC,F1-HVAC,21.86,21.86,0.94,15.8,No,Normal simulated hourly value
2026-05-21 13:00,Building A,Floor 1,Lighting,F1-LIGHT,6.75,6.75,0.94,15.8,No,Normal simulated hourly value
2026-05-21 13:00,Building A,Floor 1,Plug Loads,F1-PLUG,9.99,9.99,0.94,15.8,No,Normal simulated hourly value
2026-05-21 13:00,Building A,Floor 2,HVAC,F2-HVAC,22.87,22.87,0.94,15.8,No,Normal simulated hourly value
2026-05-21 13:00,Building A,Floor 2,Lighting,F2-LIGHT,7.3,7.3,0.94,15.8,No,Normal simulated hourly value
2026-05-21 13:00,Building A,Floor 2,Plug Loads,F2-PLUG,11.23,11.23,0.94,15.8,No,Normal simulated hourly value
2026-05-21 13:00,Building A,Floor 3,HVAC,F3-HVAC,19.95,19.95,0.94,15.8,No,Normal simulated hourly value
2026-05-21 13:00,Building A,Floor 3,Lighting,F3-LIGHT,6.15,6.15,0.94,15.8,No,Normal simulated hourly value
2026-05-21 13:00,Building A,Floor 3,Server Room,F3-SERVER,14.28,14.28,0.94,15.8,No,Normal simulated hourly value
2026-05-21 13:00,Building A,Common Areas,Elevators,CA-ELEV,4.48,4.48,0.94,15.8,No,Normal simulated hourly value
2026-05-21 13:00,Building A,Common Areas,Fire System,CA-FIRE,0.33,0.33,0.94,15.8,No,Normal simulated hourly value
2026-05-21 13:00,Building A,Common Areas,Outdoor Lighting,CA-OUTLIGHT,0.44,0.44,0.94,15.8,No,Normal simulated hourly value
2026-05-21 14:00,Building A,Floor 1,HVAC,F1-HVAC,19.31,19.31,0.78,15.2,No,Normal simulated hourly value
2026-05-21 14:00,Building A,Floor 1,Lighting,F1-LIGHT,6.14,6.14,0.78,15.2,No,Normal simulated hourly value
2026-05-21 14:00,Building A,Floor 1,Plug Loads,F1-PLUG,8.61,8.61,0.78,15.2,No,Normal simulated hourly value
2026-05-21 14:00,Building A,Floor 2,HVAC,F2-HVAC,21.54,21.54,0.78,15.2,No,Normal simulated hourly value
2026-05-21 14:00,Building A,Floor 2,Lighting,F2-LIGHT,6.27,6.27,0.78,15.2,No,Normal simulated hourly value
2026-05-21 14:00,Building A,Floor 2,Plug Loads,F2-PLUG,9.63,9.63,0.78,15.2,No,Normal simulated hourly value
2026-05-21 14:00,Building A,Floor 3,HVAC,F3-HVAC,18.44,18.44,0.78,15.2,No,Normal simulated hourly value
2026-05-21 14:00,Building A,Floor 3,Lighting,F3-LIGHT,5.47,5.47,0.78,15.2,No,Normal simulated hourly value
2026-05-21 14:00,Building A,Floor 3,Server Room,F3-SERVER,14.65,14.65,0.78,15.2,No,Normal simulated hourly value
2026-05-21 14:00,Building A,Common Areas,Elevators,CA-ELEV,3.99,3.99,0.78,15.2,No,Normal simulated hourly value
2026-05-21 14:00,Building A,Common Areas,Fire System,CA-FIRE,0.35,0.35,0.78,15.2,No,Normal simulated hourly value
2026-05-21 14:00,Building A,Common Areas,Outdoor Lighting,CA-OUTLIGHT,0.35,0.35,0.78,15.2,No,Normal simulated hourly value
2026-05-21 15:00,Building A,Floor 1,HVAC,F1-HVAC,21.11,21.11,0.86,14.7,No,Normal simulated hourly value
2026-05-21 15:00,Building A,Floor 1,Lighting,F1-LIGHT,6.61,6.61,0.86,14.7,No,Normal simulated hourly value
2026-05-21 15:00,Building A,Floor 1,Plug Loads,F1-PLUG,9.55,9.55,0.86,14.7,No,Normal simulated hourly value
2026-05-21 15:00,Building A,Floor 2,HVAC,F2-HVAC,22.66,22.66,0.86,14.7,No,Normal simulated hourly value
2026-05-21 15:00,Building A,Floor 2,Lighting,F2-LIGHT,7.14,7.14,0.86,14.7,No,Normal simulated hourly value
2026-05-21 15:00,Building A,Floor 2,Plug Loads,F2-PLUG,10.16,10.16,0.86,14.7,No,Normal simulated hourly value
2026-05-21 15:00,Building A,Floor 3,HVAC,F3-HVAC,19.1,19.1,0.86,14.7,No,Normal simulated hourly value
2026-05-21 15:00,Building A,Floor 3,Lighting,F3-LIGHT,6.03,6.03,0.86,14.7,No,Normal simulated hourly value
2026-05-21 15:00,Building A,Floor 3,Server Room,F3-SERVER,13.7,13.7,0.86,14.7,No,Normal simulated hourly value
2026-05-21 15:00,Building A,Common Areas,Elevators,CA-ELEV,4.26,4.26,0.86,14.7,No,Normal simulated hourly value
2026-05-21 15:00,Building A,Common Areas,Fire System,CA-FIRE,0.34,0.34,0.86,14.7,No,Normal simulated hourly value
2026-05-21 15:00,Building A,Common Areas,Outdoor Lighting,CA-OUTLIGHT,0.41,0.41,0.86,14.7,No,Normal simulated hourly value
2026-05-21 16:00,Building A,Floor 1,HVAC,F1-HVAC,19.91,19.91,0.8,15.0,No,Normal simulated hourly value
2026-05-21 16:00,Building A,Floor 1,Lighting,F1-LIGHT,5.88,5.88,0.8,15.0,No,Normal simulated hourly value
2026-05-21 16:00,Building A,Floor 1,Plug Loads,F1-PLUG,9.25,9.25,0.8,15.0,No,Normal simulated hourly value
2026-05-21 16:00,Building A,Floor 2,HVAC,F2-HVAC,22.08,22.08,0.8,15.0,No,Normal simulated hourly value
2026-05-21 16:00,Building A,Floor 2,Lighting,F2-LIGHT,6.66,6.66,0.8,15.0,No,Normal simulated hourly value
2026-05-21 16:00,Building A,Floor 2,Plug Loads,F2-PLUG,9.43,9.43,0.8,15.0,No,Normal simulated hourly value
2026-05-21 16:00,Building A,Floor 3,HVAC,F3-HVAC,18.27,18.27,0.8,15.0,No,Normal simulated hourly value
2026-05-21 16:00,Building A,Floor 3,Lighting,F3-LIGHT,5.56,5.56,0.8,15.0,No,Normal simulated hourly value
2026-05-21 16:00,Building A,Floor 3,Server Room,F3-SERVER,12.91,12.91,0.8,15.0,No,Normal simulated hourly value
2026-05-21 16:00,Building A,Common Areas,Elevators,CA-ELEV,4.01,4.01,0.8,15.0,No,Normal simulated hourly value
2026-05-21 16:00,Building A,Common Areas,Fire System,CA-FIRE,0.35,0.35,0.8,15.0,No,Normal simulated hourly value
2026-05-21 16:00,Building A,Common Areas,Outdoor Lighting,CA-OUTLIGHT,0.08,0.08,0.8,15.0,No,Normal simulated hourly value
2026-05-21 17:00,Building A,Floor 1,HVAC,F1-HVAC,20.22,20.22,0.81,14.4,No,Normal simulated hourly value
2026-05-21 17:00,Building A,Floor 1,Lighting,F1-LIGHT,7.68,7.68,0.81,14.4,No,Normal simulated hourly value
2026-05-21 17:00,Building A,Floor 1,Plug Loads,F1-PLUG,9.04,9.04,0.81,14.4,No,Normal simulated hourly value
2026-05-21 17:00,Building A,Floor 2,HVAC,F2-HVAC,21.68,21.68,0.81,14.4,No,Normal simulated hourly value
2026-05-21 17:00,Building A,Floor 2,Lighting,F2-LIGHT,8.6,8.6,0.81,14.4,No,Normal simulated hourly value
2026-05-21 17:00,Building A,Floor 2,Plug Loads,F2-PLUG,10.06,10.06,0.81,14.4,No,Normal simulated hourly value
2026-05-21 17:00,Building A,Floor 3,HVAC,F3-HVAC,19.1,19.1,0.81,14.4,No,Normal simulated hourly value
2026-05-21 17:00,Building A,Floor 3,Lighting,F3-LIGHT,7.3,7.3,0.81,14.4,No,Normal simulated hourly value
2026-05-21 17:00,Building A,Floor 3,Server Room,F3-SERVER,14.24,14.24,0.81,14.4,No,Normal simulated hourly value
2026-05-21 17:00,Building A,Common Areas,Elevators,CA-ELEV,4.23,4.23,0.81,14.4,No,Normal simulated hourly value
2026-05-21 17:00,Building A,Common Areas,Fire System,CA-FIRE,0.37,0.37,0.81,14.4,No,Normal simulated hourly value
2026-05-21 17:00,Building A,Common Areas,Outdoor Lighting,CA-OUTLIGHT,0.14,0.14,0.81,14.4,No,Normal simulated hourly value
2026-05-21 18:00,Building A,Floor 1,HVAC,F1-HVAC,14.03,14.03,0.37,13.7,No,Normal simulated hourly value
2026-05-21 18:00,Building A,Floor 1,Lighting,F1-LIGHT,4.46,4.46,0.37,13.7,No,Normal simulated hourly value
2026-05-21 18:00,Building A,Floor 1,Plug Loads,F1-PLUG,5.16,5.16,0.37,13.7,No,Normal simulated hourly value
2026-05-21 18:00,Building A,Floor 2,HVAC,F2-HVAC,14.87,14.87,0.37,13.7,No,Normal simulated hourly value
2026-05-21 18:00,Building A,Floor 2,Lighting,F2-LIGHT,4.47,4.47,0.37,13.7,No,Normal simulated hourly value
2026-05-21 18:00,Building A,Floor 2,Plug Loads,F2-PLUG,5.79,5.79,0.37,13.7,No,Normal simulated hourly value
2026-05-21 18:00,Building A,Floor 3,HVAC,F3-HVAC,12.78,12.78,0.37,13.7,No,Normal simulated hourly value
2026-05-21 18:00,Building A,Floor 3,Lighting,F3-LIGHT,3.8,3.8,0.37,13.7,No,Normal simulated hourly value
2026-05-21 18:00,Building A,Floor 3,Server Room,F3-SERVER,14.19,14.19,0.37,13.7,No,Normal simulated hourly value
2026-05-21 18:00,Building A,Common Areas,Elevators,CA-ELEV,2.34,2.34,0.37,13.7,No,Normal simulated hourly value
2026-05-21 18:00,Building A,Common Areas,Fire System,CA-FIRE,0.33,0.33,0.37,13.7,No,Normal simulated hourly value
2026-05-21 18:00,Building A,Common Areas,Outdoor Lighting,CA-OUTLIGHT,0.17,0.17,0.37,13.7,No,Normal simulated hourly value
2026-05-21 19:00,Building A,Floor 1,HVAC,F1-HVAC,15.93,15.93,0.41,12.7,No,Normal simulated hourly value
2026-05-21 19:00,Building A,Floor 1,Lighting,F1-LIGHT,4.68,4.68,0.41,12.7,No,Normal simulated hourly value
2026-05-21 19:00,Building A,Floor 1,Plug Loads,F1-PLUG,5.86,5.86,0.41,12.7,No,Normal simulated hourly value
2026-05-21 19:00,Building A,Floor 2,HVAC,F2-HVAC,16.35,16.35,0.41,12.7,No,Normal simulated hourly value
2026-05-21 19:00,Building A,Floor 2,Lighting,F2-LIGHT,5.28,5.28,0.41,12.7,No,Normal simulated hourly value
2026-05-21 19:00,Building A,Floor 2,Plug Loads,F2-PLUG,6.41,6.41,0.41,12.7,No,Normal simulated hourly value
2026-05-21 19:00,Building A,Floor 3,HVAC,F3-HVAC,13.57,13.57,0.41,12.7,No,Normal simulated hourly value
2026-05-21 19:00,Building A,Floor 3,Lighting,F3-LIGHT,4.49,4.49,0.41,12.7,No,Normal simulated hourly value
2026-05-21 19:00,Building A,Floor 3,Server Room,F3-SERVER,13.75,13.75,0.41,12.7,No,Normal simulated hourly value
2026-05-21 19:00,Building A,Common Areas,Elevators,CA-ELEV,2.3,2.3,0.41,12.7,No,Normal simulated hourly value
2026-05-21 19:00,Building A,Common Areas,Fire System,CA-FIRE,0.37,0.37,0.41,12.7,No,Normal simulated hourly value
2026-05-21 19:00,Building A,Common Areas,Outdoor Lighting,CA-OUTLIGHT,0.86,0.86,0.41,12.7,No,Normal simulated hourly value
2026-05-21 20:00,Building A,Floor 1,HVAC,F1-HVAC,14.06,14.06,0.3,12.7,No,Normal simulated hourly value
2026-05-21 20:00,Building A,Floor 1,Lighting,F1-LIGHT,5.01,5.01,0.3,12.7,No,Normal simulated hourly value
2026-05-21 20:00,Building A,Floor 1,Plug Loads,F1-PLUG,4.89,4.89,0.3,12.7,No,Normal simulated hourly value
2026-05-21 20:00,Building A,Floor 2,HVAC,F2-HVAC,14.27,14.27,0.3,12.7,No,Normal simulated hourly value
2026-05-21 20:00,Building A,Floor 2,Lighting,F2-LIGHT,5.42,5.42,0.3,12.7,No,Normal simulated hourly value
2026-05-21 20:00,Building A,Floor 2,Plug Loads,F2-PLUG,5.29,5.29,0.3,12.7,No,Normal simulated hourly value
2026-05-21 20:00,Building A,Floor 3,HVAC,F3-HVAC,12.66,12.66,0.3,12.7,No,Normal simulated hourly value
2026-05-21 20:00,Building A,Floor 3,Lighting,F3-LIGHT,4.93,4.93,0.3,12.7,No,Normal simulated hourly value
2026-05-21 20:00,Building A,Floor 3,Server Room,F3-SERVER,14.13,14.13,0.3,12.7,No,Normal simulated hourly value
2026-05-21 20:00,Building A,Common Areas,Elevators,CA-ELEV,1.88,1.88,0.3,12.7,No,Normal simulated hourly value
2026-05-21 20:00,Building A,Common Areas,Fire System,CA-FIRE,0.36,0.36,0.3,12.7,No,Normal simulated hourly value
2026-05-21 20:00,Building A,Common Areas,Outdoor Lighting,CA-OUTLIGHT,5.02,5.02,0.3,12.7,No,Normal simulated hourly value
2026-05-21 21:00,Building A,Floor 1,HVAC,F1-HVAC,10.59,10.59,0.05,12.0,No,Normal simulated hourly value
2026-05-21 21:00,Building A,Floor 1,Lighting,F1-LIGHT,1.71,1.71,0.05,12.0,No,Normal simulated hourly value
2026-05-21 21:00,Building A,Floor 1,Plug Loads,F1-PLUG,2.86,2.86,0.05,12.0,No,Normal simulated hourly value
2026-05-21 21:00,Building A,Floor 2,HVAC,F2-HVAC,11.7,11.7,0.05,12.0,No,Normal simulated hourly value
2026-05-21 21:00,Building A,Floor 2,Lighting,F2-LIGHT,1.87,1.87,0.05,12.0,No,Normal simulated hourly value
2026-05-21 21:00,Building A,Floor 2,Plug Loads,F2-PLUG,2.6,2.6,0.05,12.0,No,Normal simulated hourly value
2026-05-21 21:00,Building A,Floor 3,HVAC,F3-HVAC,9.75,9.75,0.05,12.0,No,Normal simulated hourly value
2026-05-21 21:00,Building A,Floor 3,Lighting,F3-LIGHT,1.63,1.63,0.05,12.0,No,Normal simulated hourly value
2026-05-21 21:00,Building A,Floor 3,Server Room,F3-SERVER,13.4,13.4,0.05,12.0,No,Normal simulated hourly value
2026-05-21 21:00,Building A,Common Areas,Elevators,CA-ELEV,0.76,0.76,0.05,12.0,No,Normal simulated hourly value
2026-05-21 21:00,Building A,Common Areas,Fire System,CA-FIRE,0.32,0.32,0.05,12.0,No,Normal simulated hourly value
2026-05-21 21:00,Building A,Common Areas,Outdoor Lighting,CA-OUTLIGHT,4.94,4.94,0.05,12.0,No,Normal simulated hourly value
2026-05-21 22:00,Building A,Floor 1,HVAC,F1-HVAC,10.89,10.89,0.08,11.6,No,Normal simulated hourly value
2026-05-21 22:00,Building A,Floor 1,Lighting,F1-LIGHT,1.88,1.88,0.08,11.6,No,Normal simulated hourly value
2026-05-21 22:00,Building A,Floor 1,Plug Loads,F1-PLUG,2.67,2.67,0.08,11.6,No,Normal simulated hourly value
2026-05-21 22:00,Building A,Floor 2,HVAC,F2-HVAC,11.43,11.43,0.08,11.6,No,Normal simulated hourly value
2026-05-21 22:00,Building A,Floor 2,Lighting,F2-LIGHT,2.37,2.37,0.08,11.6,No,Normal simulated hourly value
2026-05-21 22:00,Building A,Floor 2,Plug Loads,F2-PLUG,3.37,3.37,0.08,11.6,No,Normal simulated hourly value
2026-05-21 22:00,Building A,Floor 3,HVAC,F3-HVAC,10.75,10.75,0.08,11.6,No,Normal simulated hourly value
2026-05-21 22:00,Building A,Floor 3,Lighting,F3-LIGHT,2.03,2.03,0.08,11.6,No,Normal simulated hourly value
2026-05-21 22:00,Building A,Floor 3,Server Room,F3-SERVER,14.06,14.06,0.08,11.6,No,Normal simulated hourly value
2026-05-21 22:00,Building A,Common Areas,Elevators,CA-ELEV,1.12,1.12,0.08,11.6,No,Normal simulated hourly value
2026-05-21 22:00,Building A,Common Areas,Fire System,CA-FIRE,0.33,0.33,0.08,11.6,No,Normal simulated hourly value
2026-05-21 22:00,Building A,Common Areas,Outdoor Lighting,CA-OUTLIGHT,5.04,5.04,0.08,11.6,No,Normal simulated hourly value
2026-05-21 23:00,Building A,Floor 1,HVAC,F1-HVAC,11.65,11.65,0.1,11.7,No,Normal simulated hourly value
2026-05-21 23:00,Building A,Floor 1,Lighting,F1-LIGHT,3.44,3.44,0.1,11.7,No,Normal simulated hourly value
2026-05-21 23:00,Building A,Floor 1,Plug Loads,F1-PLUG,2.87,2.87,0.1,11.7,No,Normal simulated hourly value
2026-05-21 23:00,Building A,Floor 2,HVAC,F2-HVAC,12.41,12.41,0.1,11.7,No,Normal simulated hourly value
2026-05-21 23:00,Building A,Floor 2,Lighting,F2-LIGHT,3.67,3.67,0.1,11.7,No,Normal simulated hourly value
2026-05-21 23:00,Building A,Floor 2,Plug Loads,F2-PLUG,3.07,3.07,0.1,11.7,No,Normal simulated hourly value
2026-05-21 23:00,Building A,Floor 3,HVAC,F3-HVAC,10.86,10.86,0.1,11.7,No,Normal simulated hourly value
2026-05-21 23:00,Building A,Floor 3,Lighting,F3-LIGHT,3.19,3.19,0.1,11.7,No,Normal simulated hourly value
2026-05-21 23:00,Building A,Floor 3,Server Room,F3-SERVER,13.43,13.43,0.1,11.7,No,Normal simulated hourly value
2026-05-21 23:00,Building A,Common Areas,Elevators,CA-ELEV,1.2,1.2,0.1,11.7,No,Normal simulated hourly value
2026-05-21 23:00,Building A,Common Areas,Fire System,CA-FIRE,0.33,0.33,0.1,11.7,No,Normal simulated hourly value
2026-05-21 23:00,Building A,Common Areas,Outdoor Lighting,CA-OUTLIGHT,4.92,4.92,0.1,11.7,No,Normal simulated hourly value
2026-05-22 00:00,Building A,Floor 1,HVAC,F1-HVAC,11.96,11.96,0.1,11.3,No,Normal simulated hourly value
2026-05-22 00:00,Building A,Floor 1,Lighting,F1-LIGHT,3.51,3.51,0.1,11.3,No,Normal simulated hourly value
2026-05-22 00:00,Building A,Floor 1,Plug Loads,F1-PLUG,2.79,2.79,0.1,11.3,No,Normal simulated hourly value
2026-05-22 00:00,Building A,Floor 2,HVAC,F2-HVAC,11.97,11.97,0.1,11.3,No,Normal simulated hourly value
2026-05-22 00:00,Building A,Floor 2,Lighting,F2-LIGHT,3.64,3.64,0.1,11.3,No,Normal simulated hourly value
2026-05-22 00:00,Building A,Floor 2,Plug Loads,F2-PLUG,3.15,3.15,0.1,11.3,No,Normal simulated hourly value
2026-05-22 00:00,Building A,Floor 3,HVAC,F3-HVAC,10.39,10.39,0.1,11.3,No,Normal simulated hourly value
2026-05-22 00:00,Building A,Floor 3,Lighting,F3-LIGHT,2.9,2.9,0.1,11.3,No,Normal simulated hourly value
2026-05-22 00:00,Building A,Floor 3,Server Room,F3-SERVER,13.58,13.58,0.1,11.3,No,Normal simulated hourly value
2026-05-22 00:00,Building A,Common Areas,Elevators,CA-ELEV,0.99,0.99,0.1,11.3,No,Normal simulated hourly value
2026-05-22 00:00,Building A,Common Areas,Fire System,CA-FIRE,0.37,0.37,0.1,11.3,No,Normal simulated hourly value
2026-05-22 00:00,Building A,Common Areas,Outdoor Lighting,CA-OUTLIGHT,4.67,4.67,0.1,11.3,No,Normal simulated hourly value
2026-05-22 01:00,Building A,Floor 1,HVAC,F1-HVAC,11.1,11.1,0.09,11.9,No,Normal simulated hourly value
2026-05-22 01:00,Building A,Floor 1,Lighting,F1-LIGHT,3.33,3.33,0.09,11.9,No,Normal simulated hourly value
2026-05-22 01:00,Building A,Floor 1,Plug Loads,F1-PLUG,2.98,2.98,0.09,11.9,No,Normal simulated hourly value
2026-05-22 01:00,Building A,Floor 2,HVAC,F2-HVAC,11.93,11.93,0.09,11.9,No,Normal simulated hourly value
2026-05-22 01:00,Building A,Floor 2,Lighting,F2-LIGHT,3.71,3.71,0.09,11.9,No,Normal simulated hourly value
2026-05-22 01:00,Building A,Floor 2,Plug Loads,F2-PLUG,3.27,3.27,0.09,11.9,No,Normal simulated hourly value
2026-05-22 01:00,Building A,Floor 3,HVAC,F3-HVAC,9.95,9.95,0.09,11.9,No,Normal simulated hourly value
2026-05-22 01:00,Building A,Floor 3,Lighting,F3-LIGHT,3.21,3.21,0.09,11.9,No,Normal simulated hourly value
2026-05-22 01:00,Building A,Floor 3,Server Room,F3-SERVER,13.84,13.84,0.09,11.9,No,Normal simulated hourly value
2026-05-22 01:00,Building A,Common Areas,Elevators,CA-ELEV,0.9,0.9,0.09,11.9,No,Normal simulated hourly value
2026-05-22 01:00,Building A,Common Areas,Fire System,CA-FIRE,0.33,0.33,0.09,11.9,No,Normal simulated hourly value
2026-05-22 01:00,Building A,Common Areas,Outdoor Lighting,CA-OUTLIGHT,4.65,4.65,0.09,11.9,No,Normal simulated hourly value
2026-05-22 02:00,Building A,Floor 1,HVAC,F1-HVAC,10.46,10.46,0.04,11.8,No,Normal simulated hourly value
2026-05-22 02:00,Building A,Floor 1,Lighting,F1-LIGHT,2.01,2.01,0.04,11.8,No,Normal simulated hourly value
2026-05-22 02:00,Building A,Floor 1,Plug Loads,F1-PLUG,2.63,2.63,0.04,11.8,No,Normal simulated hourly value
2026-05-22 02:00,Building A,Floor 2,HVAC,F2-HVAC,11.23,11.23,0.04,11.8,No,Normal simulated hourly value
2026-05-22 02:00,Building A,Floor 2,Lighting,F2-LIGHT,2.08,2.08,0.04,11.8,No,Normal simulated hourly value
2026-05-22 02:00,Building A,Floor 2,Plug Loads,F2-PLUG,2.6,2.6,0.04,11.8,No,Normal simulated hourly value
2026-05-22 02:00,Building A,Floor 3,HVAC,F3-HVAC,9.38,9.38,0.04,11.8,No,Normal simulated hourly value
2026-05-22 02:00,Building A,Floor 3,Lighting,F3-LIGHT,1.73,1.73,0.04,11.8,No,Normal simulated hourly value
2026-05-22 02:00,Building A,Floor 3,Server Room,F3-SERVER,14.57,14.57,0.04,11.8,No,Normal simulated hourly value
2026-05-22 02:00,Building A,Common Areas,Elevators,CA-ELEV,0.75,0.75,0.04,11.8,No,Normal simulated hourly value
2026-05-22 02:00,Building A,Common Areas,Fire System,CA-FIRE,0.37,0.37,0.04,11.8,No,Normal simulated hourly value
2026-05-22 02:00,Building A,Common Areas,Outdoor Lighting,CA-OUTLIGHT,4.95,4.95,0.04,11.8,No,Normal simulated hourly value
2026-05-22 03:00,Building A,Floor 1,HVAC,F1-HVAC,11.52,11.52,0.08,11.7,No,Normal simulated hourly value
2026-05-22 03:00,Building A,Floor 1,Lighting,F1-LIGHT,2.07,2.07,0.08,11.7,No,Normal simulated hourly value
2026-05-22 03:00,Building A,Floor 1,Plug Loads,F1-PLUG,2.8,2.8,0.08,11.7,No,Normal simulated hourly value
2026-05-22 03:00,Building A,Floor 2,HVAC,F2-HVAC,12.12,12.12,0.08,11.7,No,Normal simulated hourly value
2026-05-22 03:00,Building A,Floor 2,Lighting,F2-LIGHT,2.49,2.49,0.08,11.7,No,Normal simulated hourly value
2026-05-22 03:00,Building A,Floor 2,Plug Loads,F2-PLUG,2.97,2.97,0.08,11.7,No,Normal simulated hourly value
2026-05-22 03:00,Building A,Floor 3,HVAC,F3-HVAC,9.56,9.56,0.08,11.7,No,Normal simulated hourly value
2026-05-22 03:00,Building A,Floor 3,Lighting,F3-LIGHT,1.7,1.7,0.08,11.7,No,Normal simulated hourly value
2026-05-22 03:00,Building A,Floor 3,Server Room,F3-SERVER,14.6,14.6,0.08,11.7,No,Normal simulated hourly value
2026-05-22 03:00,Building A,Common Areas,Elevators,CA-ELEV,1.22,1.22,0.08,11.7,No,Normal simulated hourly value
2026-05-22 03:00,Building A,Common Areas,Fire System,CA-FIRE,0.36,0.36,0.08,11.7,No,Normal simulated hourly value
2026-05-22 03:00,Building A,Common Areas,Outdoor Lighting,CA-OUTLIGHT,4.64,4.64,0.08,11.7,No,Normal simulated hourly value
2026-05-22 04:00,Building A,Floor 1,HVAC,F1-HVAC,10.26,10.26,0.05,12.7,No,Normal simulated hourly value
2026-05-22 04:00,Building A,Floor 1,Lighting,F1-LIGHT,1.7,1.7,0.05,12.7,No,Normal simulated hourly value
2026-05-22 04:00,Building A,Floor 1,Plug Loads,F1-PLUG,2.77,2.77,0.05,12.7,No,Normal simulated hourly value
2026-05-22 04:00,Building A,Floor 2,HVAC,F2-HVAC,10.82,10.82,0.05,12.7,No,Normal simulated hourly value
2026-05-22 04:00,Building A,Floor 2,Lighting,F2-LIGHT,1.8,1.8,0.05,12.7,No,Normal simulated hourly value
2026-05-22 04:00,Building A,Floor 2,Plug Loads,F2-PLUG,2.92,2.92,0.05,12.7,No,Normal simulated hourly value
2026-05-22 04:00,Building A,Floor 3,HVAC,F3-HVAC,9.13,9.13,0.05,12.7,No,Normal simulated hourly value
2026-05-22 04:00,Building A,Floor 3,Lighting,F3-LIGHT,1.71,1.71,0.05,12.7,No,Normal simulated hourly value
2026-05-22 04:00,Building A,Floor 3,Server Room,F3-SERVER,14.49,14.49,0.05,12.7,No,Normal simulated hourly value
2026-05-22 04:00,Building A,Common Areas,Elevators,CA-ELEV,0.78,0.78,0.05,12.7,No,Normal simulated hourly value
2026-05-22 04:00,Building A,Common Areas,Fire System,CA-FIRE,0.34,0.34,0.05,12.7,No,Normal simulated hourly value
2026-05-22 04:00,Building A,Common Areas,Outdoor Lighting,CA-OUTLIGHT,4.63,4.63,0.05,12.7,No,Normal simulated hourly value
2026-05-22 05:00,Building A,Floor 1,HVAC,F1-HVAC,9.73,9.73,0.07,13.8,No,Normal simulated hourly value
2026-05-22 05:00,Building A,Floor 1,Lighting,F1-LIGHT,1.94,1.94,0.07,13.8,No,Normal simulated hourly value
2026-05-22 05:00,Building A,Floor 1,Plug Loads,F1-PLUG,3.09,3.09,0.07,13.8,No,Normal simulated hourly value
2026-05-22 05:00,Building A,Floor 2,HVAC,F2-HVAC,10.49,10.49,0.07,13.8,No,Normal simulated hourly value
2026-05-22 05:00,Building A,Floor 2,Lighting,F2-LIGHT,2.13,2.13,0.07,13.8,No,Normal simulated hourly value
2026-05-22 05:00,Building A,Floor 2,Plug Loads,F2-PLUG,3.18,3.18,0.07,13.8,No,Normal simulated hourly value
2026-05-22 05:00,Building A,Floor 3,HVAC,F3-HVAC,9.03,9.03,0.07,13.8,No,Normal simulated hourly value
2026-05-22 05:00,Building A,Floor 3,Lighting,F3-LIGHT,2.02,2.02,0.07,13.8,No,Normal simulated hourly value
2026-05-22 05:00,Building A,Floor 3,Server Room,F3-SERVER,13.91,13.91,0.07,13.8,No,Normal simulated hourly value
2026-05-22 05:00,Building A,Common Areas,Elevators,CA-ELEV,0.88,0.88,0.07,13.8,No,Normal simulated hourly value
2026-05-22 05:00,Building A,Common Areas,Fire System,CA-FIRE,0.38,0.38,0.07,13.8,No,Normal simulated hourly value
2026-05-22 05:00,Building A,Common Areas,Outdoor Lighting,CA-OUTLIGHT,5.03,5.03,0.07,13.8,No,Normal simulated hourly value
2026-05-22 06:00,Building A,Floor 1,HVAC,F1-HVAC,13.99,13.99,0.33,13.7,No,Normal simulated hourly value
2026-05-22 06:00,Building A,Floor 1,Lighting,F1-LIGHT,4.36,4.36,0.33,13.7,No,Normal simulated hourly value
2026-05-22 06:00,Building A,Floor 1,Plug Loads,F1-PLUG,5.06,5.06,0.33,13.7,No,Normal simulated hourly value
2026-05-22 06:00,Building A,Floor 2,HVAC,F2-HVAC,14.84,14.84,0.33,13.7,No,Normal simulated hourly value
2026-05-22 06:00,Building A,Floor 2,Lighting,F2-LIGHT,4.7,4.7,0.33,13.7,No,Normal simulated hourly value
2026-05-22 06:00,Building A,Floor 2,Plug Loads,F2-PLUG,5.29,5.29,0.33,13.7,No,Normal simulated hourly value
2026-05-22 06:00,Building A,Floor 3,HVAC,F3-HVAC,12.38,12.38,0.33,13.7,No,Normal simulated hourly value
2026-05-22 06:00,Building A,Floor 3,Lighting,F3-LIGHT,3.58,3.58,0.33,13.7,No,Normal simulated hourly value
2026-05-22 06:00,Building A,Floor 3,Server Room,F3-SERVER,12.94,12.94,0.33,13.7,No,Normal simulated hourly value
2026-05-22 06:00,Building A,Common Areas,Elevators,CA-ELEV,2.21,2.21,0.33,13.7,No,Normal simulated hourly value
2026-05-22 06:00,Building A,Common Areas,Fire System,CA-FIRE,0.34,0.34,0.33,13.7,No,Normal simulated hourly value
2026-05-22 06:00,Building A,Common Areas,Outdoor Lighting,CA-OUTLIGHT,1.08,1.08,0.33,13.7,No,Normal simulated hourly value
2026-05-22 07:00,Building A,Floor 1,HVAC,F1-HVAC,11.95,11.95,0.28,14.8,No,Normal simulated hourly value
2026-05-22 07:00,Building A,Floor 1,Lighting,F1-LIGHT,3.6,3.6,0.28,14.8,No,Normal simulated hourly value
2026-05-22 07:00,Building A,Floor 1,Plug Loads,F1-PLUG,4.36,4.36,0.28,14.8,No,Normal simulated hourly value
2026-05-22 07:00,Building A,Floor 2,HVAC,F2-HVAC,13.34,13.34,0.28,14.8,No,Normal simulated hourly value
2026-05-22 07:00,Building A,Floor 2,Lighting,F2-LIGHT,4.03,4.03,0.28,14.8,No,Normal simulated hourly value
2026-05-22 07:00,Building A,Floor 2,Plug Loads,F2-PLUG,4.79,4.79,0.28,14.8,No,Normal simulated hourly value
2026-05-22 07:00,Building A,Floor 3,HVAC,F3-HVAC,11.87,11.87,0.28,14.8,No,Normal simulated hourly value
2026-05-22 07:00,Building A,Floor 3,Lighting,F3-LIGHT,3.14,3.14,0.28,14.8,No,Normal simulated hourly value
2026-05-22 07:00,Building A,Floor 3,Server Room,F3-SERVER,14.55,14.55,0.28,14.8,No,Normal simulated hourly value
2026-05-22 07:00,Building A,Common Areas,Elevators,CA-ELEV,1.97,1.97,0.28,14.8,No,Normal simulated hourly value
2026-05-22 07:00,Building A,Common Areas,Fire System,CA-FIRE,0.37,0.37,0.28,14.8,No,Normal simulated hourly value
2026-05-22 07:00,Building A,Common Areas,Outdoor Lighting,CA-OUTLIGHT,0.41,0.41,0.28,14.8,No,Normal simulated hourly value
2026-05-22 08:00,Building A,Floor 1,HVAC,F1-HVAC,21.12,21.12,0.85,15.1,No,Normal simulated hourly value
2026-05-22 08:00,Building A,Floor 1,Lighting,F1-LIGHT,8.19,8.19,0.85,15.1,No,Normal simulated hourly value
2026-05-22 08:00,Building A,Floor 1,Plug Loads,F1-PLUG,9.31,9.31,0.85,15.1,No,Normal simulated hourly value
2026-05-22 08:00,Building A,Floor 2,HVAC,F2-HVAC,22.56,22.56,0.85,15.1,No,Normal simulated hourly value
2026-05-22 08:00,Building A,Floor 2,Lighting,F2-LIGHT,8.83,8.83,0.85,15.1,No,Normal simulated hourly value
2026-05-22 08:00,Building A,Floor 2,Plug Loads,F2-PLUG,9.93,9.93,0.85,15.1,No,Normal simulated hourly value
2026-05-22 08:00,Building A,Floor 3,HVAC,F3-HVAC,18.45,18.45,0.85,15.1,No,Normal simulated hourly value
2026-05-22 08:00,Building A,Floor 3,Lighting,F3-LIGHT,7.64,7.64,0.85,15.1,No,Normal simulated hourly value
2026-05-22 08:00,Building A,Floor 3,Server Room,F3-SERVER,14.37,14.37,0.85,15.1,No,Normal simulated hourly value
2026-05-22 08:00,Building A,Common Areas,Elevators,CA-ELEV,4.24,4.24,0.85,15.1,No,Normal simulated hourly value
2026-05-22 08:00,Building A,Common Areas,Fire System,CA-FIRE,0.37,0.37,0.85,15.1,No,Normal simulated hourly value
2026-05-22 08:00,Building A,Common Areas,Outdoor Lighting,CA-OUTLIGHT,0.33,0.33,0.85,15.1,No,Normal simulated hourly value
2026-05-22 09:00,Building A,Floor 1,HVAC,F1-HVAC,18.94,18.94,0.72,15.4,No,Normal simulated hourly value
2026-05-22 09:00,Building A,Floor 1,Lighting,F1-LIGHT,7.05,7.05,0.72,15.4,No,Normal simulated hourly value
2026-05-22 09:00,Building A,Floor 1,Plug Loads,F1-PLUG,8.2,8.2,0.72,15.4,No,Normal simulated hourly value
2026-05-22 09:00,Building A,Floor 2,HVAC,F2-HVAC,19.55,19.55,0.72,15.4,No,Normal simulated hourly value
2026-05-22 09:00,Building A,Floor 2,Lighting,F2-LIGHT,7.71,7.71,0.72,15.4,No,Normal simulated hourly value
2026-05-22 09:00,Building A,Floor 2,Plug Loads,F2-PLUG,8.78,8.78,0.72,15.4,No,Normal simulated hourly value
2026-05-22 09:00,Building A,Floor 3,HVAC,F3-HVAC,17.12,17.12,0.72,15.4,No,Normal simulated hourly value
2026-05-22 09:00,Building A,Floor 3,Lighting,F3-LIGHT,6.38,6.38,0.72,15.4,No,Normal simulated hourly value
2026-05-22 09:00,Building A,Floor 3,Server Room,F3-SERVER,14.22,14.22,0.72,15.4,No,Normal simulated hourly value
2026-05-22 09:00,Building A,Common Areas,Elevators,CA-ELEV,3.68,3.68,0.72,15.4,No,Normal simulated hourly value
2026-05-22 09:00,Building A,Common Areas,Fire System,CA-FIRE,0.36,0.36,0.72,15.4,No,Normal simulated hourly value
2026-05-22 09:00,Building A,Common Areas,Outdoor Lighting,CA-OUTLIGHT,0.11,0.11,0.72,15.4,No,Normal simulated hourly value
2026-05-22 10:00,Building A,Floor 1,HVAC,F1-HVAC,19.47,19.47,0.81,15.4,No,Normal simulated hourly value
2026-05-22 10:00,Building A,Floor 1,Lighting,F1-LIGHT,5.99,5.99,0.81,15.4,No,Normal simulated hourly value
2026-05-22 10:00,Building A,Floor 1,Plug Loads,F1-PLUG,9.13,9.13,0.81,15.4,No,Normal simulated hourly value
2026-05-22 10:00,Building A,Floor 2,HVAC,F2-HVAC,20.97,20.97,0.81,15.4,No,Normal simulated hourly value
2026-05-22 10:00,Building A,Floor 2,Lighting,F2-LIGHT,6.68,6.68,0.81,15.4,No,Normal simulated hourly value
2026-05-22 10:00,Building A,Floor 2,Plug Loads,F2-PLUG,9.56,9.56,0.81,15.4,No,Normal simulated hourly value
2026-05-22 10:00,Building A,Floor 3,HVAC,F3-HVAC,18.32,18.32,0.81,15.4,No,Normal simulated hourly value
2026-05-22 10:00,Building A,Floor 3,Lighting,F3-LIGHT,5.9,5.9,0.81,15.4,No,Normal simulated hourly value
2026-05-22 10:00,Building A,Floor 3,Server Room,F3-SERVER,13.14,13.14,0.81,15.4,No,Normal simulated hourly value
2026-05-22 10:00,Building A,Common Areas,Elevators,CA-ELEV,4.13,4.13,0.81,15.4,No,Normal simulated hourly value
2026-05-22 10:00,Building A,Common Areas,Fire System,CA-FIRE,0.36,0.36,0.81,15.4,No,Normal simulated hourly value
2026-05-22 10:00,Building A,Common Areas,Outdoor Lighting,CA-OUTLIGHT,0.31,0.31,0.81,15.4,No,Normal simulated hourly value
2026-05-22 11:00,Building A,Floor 1,HVAC,F1-HVAC,18.61,18.61,0.78,16.2,No,Normal simulated hourly value
2026-05-22 11:00,Building A,Floor 1,Lighting,F1-LIGHT,6.23,6.23,0.78,16.2,No,Normal simulated hourly value
2026-05-22 11:00,Building A,Floor 1,Plug Loads,F1-PLUG,8.72,8.72,0.78,16.2,No,Normal simulated hourly value
2026-05-22 11:00,Building A,Floor 2,HVAC,F2-HVAC,21.16,21.16,0.78,16.2,No,Normal simulated hourly value
2026-05-22 11:00,Building A,Floor 2,Lighting,F2-LIGHT,6.3,6.3,0.78,16.2,No,Normal simulated hourly value
2026-05-22 11:00,Building A,Floor 2,Plug Loads,F2-PLUG,9.64,9.64,0.78,16.2,No,Normal simulated hourly value
2026-05-22 11:00,Building A,Floor 3,HVAC,F3-HVAC,17.5,17.5,0.78,16.2,No,Normal simulated hourly value
2026-05-22 11:00,Building A,Floor 3,Lighting,F3-LIGHT,5.49,5.49,0.78,16.2,No,Normal simulated hourly value
2026-05-22 11:00,Building A,Floor 3,Server Room,F3-SERVER,13.97,13.97,0.78,16.2,No,Normal simulated hourly value
2026-05-22 11:00,Building A,Common Areas,Elevators,CA-ELEV,3.79,3.79,0.78,16.2,No,Normal simulated hourly value
2026-05-22 11:00,Building A,Common Areas,Fire System,CA-FIRE,0.38,0.38,0.78,16.2,No,Normal simulated hourly value
2026-05-22 11:00,Building A,Common Areas,Outdoor Lighting,CA-OUTLIGHT,0.5,0.5,0.78,16.2,No,Normal simulated hourly value
2026-05-22 12:00,Building A,Floor 1,HVAC,F1-HVAC,18.27,18.27,0.75,15.9,No,Normal simulated hourly value
2026-05-22 12:00,Building A,Floor 1,Lighting,F1-LIGHT,6.08,6.08,0.75,15.9,No,Normal simulated hourly value
2026-05-22 12:00,Building A,Floor 1,Plug Loads,F1-PLUG,8.39,8.39,0.75,15.9,No,Normal simulated hourly value
2026-05-22 12:00,Building A,Floor 2,HVAC,F2-HVAC,20.17,20.17,0.75,15.9,No,Normal simulated hourly value
2026-05-22 12:00,Building A,Floor 2,Lighting,F2-LIGHT,6.51,6.51,0.75,15.9,No,Normal simulated hourly value
2026-05-22 12:00,Building A,Floor 2,Plug Loads,F2-PLUG,9.47,9.47,0.75,15.9,No,Normal simulated hourly value
2026-05-22 12:00,Building A,Floor 3,HVAC,F3-HVAC,16.85,16.85,0.75,15.9,No,Normal simulated hourly value
2026-05-22 12:00,Building A,Floor 3,Lighting,F3-LIGHT,5.15,5.15,0.75,15.9,No,Normal simulated hourly value
2026-05-22 12:00,Building A,Floor 3,Server Room,F3-SERVER,14.57,14.57,0.75,15.9,No,Normal simulated hourly value
2026-05-22 12:00,Building A,Common Areas,Elevators,CA-ELEV,4.0,4.0,0.75,15.9,No,Normal simulated hourly value
2026-05-22 12:00,Building A,Common Areas,Fire System,CA-FIRE,0.32,0.32,0.75,15.9,No,Normal simulated hourly value
2026-05-22 12:00,Building A,Common Areas,Outdoor Lighting,CA-OUTLIGHT,0.06,0.06,0.75,15.9,No,Normal simulated hourly value
2026-05-22 13:00,Building A,Floor 1,HVAC,F1-HVAC,18.23,18.23,0.73,15.8,No,Normal simulated hourly value
2026-05-22 13:00,Building A,Floor 1,Lighting,F1-LIGHT,5.79,5.79,0.73,15.8,No,Normal simulated hourly value
2026-05-22 13:00,Building A,Floor 1,Plug Loads,F1-PLUG,8.23,8.23,0.73,15.8,No,Normal simulated hourly value
2026-05-22 13:00,Building A,Floor 2,HVAC,F2-HVAC,20.09,20.09,0.73,15.8,No,Normal simulated hourly value
2026-05-22 13:00,Building A,Floor 2,Lighting,F2-LIGHT,6.09,6.09,0.73,15.8,No,Normal simulated hourly value
2026-05-22 13:00,Building A,Floor 2,Plug Loads,F2-PLUG,9.07,9.07,0.73,15.8,No,Normal simulated hourly value
2026-05-22 13:00,Building A,Floor 3,HVAC,F3-HVAC,17.36,17.36,0.73,15.8,No,Normal simulated hourly value
2026-05-22 13:00,Building A,Floor 3,Lighting,F3-LIGHT,5.09,5.09,0.73,15.8,No,Normal simulated hourly value
2026-05-22 13:00,Building A,Floor 3,Server Room,F3-SERVER,12.93,12.93,0.73,15.8,No,Normal simulated hourly value
2026-05-22 13:00,Building A,Common Areas,Elevators,CA-ELEV,3.8,3.8,0.73,15.8,No,Normal simulated hourly value
2026-05-22 13:00,Building A,Common Areas,Fire System,CA-FIRE,0.32,0.32,0.73,15.8,No,Normal simulated hourly value
2026-05-22 13:00,Building A,Common Areas,Outdoor Lighting,CA-OUTLIGHT,0.14,0.14,0.73,15.8,No,Normal simulated hourly value
2026-05-22 14:00,Building A,Floor 1,HVAC,F1-HVAC,19.83,19.83,0.86,16.0,No,Normal simulated hourly value
2026-05-22 14:00,Building A,Floor 1,Lighting,F1-LIGHT,6.62,6.62,0.86,16.0,No,Normal simulated hourly value
2026-05-22 14:00,Building A,Floor 1,Plug Loads,F1-PLUG,9.22,9.22,0.86,16.0,No,Normal simulated hourly value
2026-05-22 14:00,Building A,Floor 2,HVAC,F2-HVAC,21.87,21.87,0.86,16.0,No,Normal simulated hourly value
2026-05-22 14:00,Building A,Floor 2,Lighting,F2-LIGHT,6.92,6.92,0.86,16.0,No,Normal simulated hourly value
2026-05-22 14:00,Building A,Floor 2,Plug Loads,F2-PLUG,10.48,10.48,0.86,16.0,No,Normal simulated hourly value
2026-05-22 14:00,Building A,Floor 3,HVAC,F3-HVAC,18.93,18.93,0.86,16.0,No,Normal simulated hourly value
2026-05-22 14:00,Building A,Floor 3,Lighting,F3-LIGHT,6.23,6.23,0.86,16.0,No,Normal simulated hourly value
2026-05-22 14:00,Building A,Floor 3,Server Room,F3-SERVER,14.46,14.46,0.86,16.0,No,Normal simulated hourly value
2026-05-22 14:00,Building A,Common Areas,Elevators,CA-ELEV,4.37,4.37,0.86,16.0,No,Normal simulated hourly value
2026-05-22 14:00,Building A,Common Areas,Fire System,CA-FIRE,0.34,0.34,0.86,16.0,No,Normal simulated hourly value
2026-05-22 14:00,Building A,Common Areas,Outdoor Lighting,CA-OUTLIGHT,0.05,0.05,0.86,16.0,No,Normal simulated hourly value
2026-05-22 15:00,Building A,Floor 1,HVAC,F1-HVAC,21.68,21.68,0.92,15.1,No,Normal simulated hourly value
2026-05-22 15:00,Building A,Floor 1,Lighting,F1-LIGHT,6.69,6.69,0.92,15.1,No,Normal simulated hourly value
2026-05-22 15:00,Building A,Floor 1,Plug Loads,F1-PLUG,10.02,10.02,0.92,15.1,No,Normal simulated hourly value
2026-05-22 15:00,Building A,Floor 2,HVAC,F2-HVAC,23.33,23.33,0.92,15.1,No,Normal simulated hourly value
2026-05-22 15:00,Building A,Floor 2,Lighting,F2-LIGHT,7.69,7.69,0.92,15.1,No,Normal simulated hourly value
2026-05-22 15:00,Building A,Floor 2,Plug Loads,F2-PLUG,10.53,10.53,0.92,15.1,No,Normal simulated hourly value
2026-05-22 15:00,Building A,Floor 3,HVAC,F3-HVAC,19.61,19.61,0.92,15.1,No,Normal simulated hourly value
2026-05-22 15:00,Building A,Floor 3,Lighting,F3-LIGHT,6.35,6.35,0.92,15.1,No,Normal simulated hourly value
2026-05-22 15:00,Building A,Floor 3,Server Room,F3-SERVER,13.61,13.61,0.92,15.1,No,Normal simulated hourly value
2026-05-22 15:00,Building A,Common Areas,Elevators,CA-ELEV,4.43,4.43,0.92,15.1,No,Normal simulated hourly value
2026-05-22 15:00,Building A,Common Areas,Fire System,CA-FIRE,0.34,0.34,0.92,15.1,No,Normal simulated hourly value
2026-05-22 15:00,Building A,Common Areas,Outdoor Lighting,CA-OUTLIGHT,0.12,0.12,0.92,15.1,No,Normal simulated hourly value
2026-05-22 16:00,Building A,Floor 1,HVAC,F1-HVAC,20.72,20.72,0.84,15.4,No,Normal simulated hourly value
2026-05-22 16:00,Building A,Floor 1,Lighting,F1-LIGHT,6.49,6.49,0.84,15.4,No,Normal simulated hourly value
2026-05-22 16:00,Building A,Floor 1,Plug Loads,F1-PLUG,9.57,9.57,0.84,15.4,No,Normal simulated hourly value
2026-05-22 16:00,Building A,Floor 2,HVAC,F2-HVAC,22.45,22.45,0.84,15.4,No,Normal simulated hourly value
2026-05-22 16:00,Building A,Floor 2,Lighting,F2-LIGHT,7.12,7.12,0.84,15.4,No,Normal simulated hourly value
2026-05-22 16:00,Building A,Floor 2,Plug Loads,F2-PLUG,9.8,9.8,0.84,15.4,No,Normal simulated hourly value
2026-05-22 16:00,Building A,Floor 3,HVAC,F3-HVAC,18.79,18.79,0.84,15.4,No,Normal simulated hourly value
2026-05-22 16:00,Building A,Floor 3,Lighting,F3-LIGHT,5.77,5.77,0.84,15.4,No,Normal simulated hourly value
2026-05-22 16:00,Building A,Floor 3,Server Room,F3-SERVER,14.51,14.51,0.84,15.4,No,Normal simulated hourly value
2026-05-22 16:00,Building A,Common Areas,Elevators,CA-ELEV,4.29,4.29,0.84,15.4,No,Normal simulated hourly value
2026-05-22 16:00,Building A,Common Areas,Fire System,CA-FIRE,0.34,0.34,0.84,15.4,No,Normal simulated hourly value
2026-05-22 16:00,Building A,Common Areas,Outdoor Lighting,CA-OUTLIGHT,0.31,0.31,0.84,15.4,No,Normal simulated hourly value
2026-05-22 17:00,Building A,Floor 1,HVAC,F1-HVAC,19.43,19.43,0.77,14.5,No,Normal simulated hourly value
2026-05-22 17:00,Building A,Floor 1,Lighting,F1-LIGHT,7.3,7.3,0.77,14.5,No,Normal simulated hourly value
2026-05-22 17:00,Building A,Floor 1,Plug Loads,F1-PLUG,9.03,9.03,0.77,14.5,No,Normal simulated hourly value
2026-05-22 17:00,Building A,Floor 2,HVAC,F2-HVAC,21.81,21.81,0.77,14.5,No,Normal simulated hourly value
2026-05-22 17:00,Building A,Floor 2,Lighting,F2-LIGHT,8.0,8.0,0.77,14.5,No,Normal simulated hourly value
2026-05-22 17:00,Building A,Floor 2,Plug Loads,F2-PLUG,9.47,9.47,0.77,14.5,No,Normal simulated hourly value
2026-05-22 17:00,Building A,Floor 3,HVAC,F3-HVAC,17.81,17.81,0.77,14.5,No,Normal simulated hourly value
2026-05-22 17:00,Building A,Floor 3,Lighting,F3-LIGHT,6.69,6.69,0.77,14.5,No,Normal simulated hourly value
2026-05-22 17:00,Building A,Floor 3,Server Room,F3-SERVER,14.34,14.34,0.77,14.5,No,Normal simulated hourly value
2026-05-22 17:00,Building A,Common Areas,Elevators,CA-ELEV,4.08,4.08,0.77,14.5,No,Normal simulated hourly value
2026-05-22 17:00,Building A,Common Areas,Fire System,CA-FIRE,0.36,0.36,0.77,14.5,No,Normal simulated hourly value
2026-05-22 17:00,Building A,Common Areas,Outdoor Lighting,CA-OUTLIGHT,0.07,0.07,0.77,14.5,No,Normal simulated hourly value
2026-05-22 18:00,Building A,Floor 1,HVAC,F1-HVAC,14.76,14.76,0.45,14.3,No,Normal simulated hourly value
2026-05-22 18:00,Building A,Floor 1,Lighting,F1-LIGHT,5.27,5.27,0.45,14.3,No,Normal simulated hourly value
2026-05-22 18:00,Building A,Floor 1,Plug Loads,F1-PLUG,6.28,6.28,0.45,14.3,No,Normal simulated hourly value
2026-05-22 18:00,Building A,Floor 2,HVAC,F2-HVAC,16.19,16.19,0.45,14.3,No,Normal simulated hourly value
2026-05-22 18:00,Building A,Floor 2,Lighting,F2-LIGHT,5.45,5.45,0.45,14.3,No,Normal simulated hourly value
2026-05-22 18:00,Building A,Floor 2,Plug Loads,F2-PLUG,6.78,6.78,0.45,14.3,No,Normal simulated hourly value
2026-05-22 18:00,Building A,Floor 3,HVAC,F3-HVAC,13.52,13.52,0.45,14.3,No,Normal simulated hourly value
2026-05-22 18:00,Building A,Floor 3,Lighting,F3-LIGHT,4.5,4.5,0.45,14.3,No,Normal simulated hourly value
2026-05-22 18:00,Building A,Floor 3,Server Room,F3-SERVER,14.21,14.21,0.45,14.3,No,Normal simulated hourly value
2026-05-22 18:00,Building A,Common Areas,Elevators,CA-ELEV,2.7,2.7,0.45,14.3,No,Normal simulated hourly value
2026-05-22 18:00,Building A,Common Areas,Fire System,CA-FIRE,0.34,0.34,0.45,14.3,No,Normal simulated hourly value
2026-05-22 18:00,Building A,Common Areas,Outdoor Lighting,CA-OUTLIGHT,0.22,0.22,0.45,14.3,No,Normal simulated hourly value
2026-05-22 19:00,Building A,Floor 1,HVAC,F1-HVAC,15.69,15.69,0.43,13.7,No,Normal simulated hourly value
2026-05-22 19:00,Building A,Floor 1,Lighting,F1-LIGHT,4.72,4.72,0.43,13.7,No,Normal simulated hourly value
2026-05-22 19:00,Building A,Floor 1,Plug Loads,F1-PLUG,6.02,6.02,0.43,13.7,No,Normal simulated hourly value
2026-05-22 19:00,Building A,Floor 2,HVAC,F2-HVAC,15.91,15.91,0.43,13.7,No,Normal simulated hourly value
2026-05-22 19:00,Building A,Floor 2,Lighting,F2-LIGHT,5.05,5.05,0.43,13.7,No,Normal simulated hourly value
2026-05-22 19:00,Building A,Floor 2,Plug Loads,F2-PLUG,6.48,6.48,0.43,13.7,No,Normal simulated hourly value
2026-05-22 19:00,Building A,Floor 3,HVAC,F3-HVAC,14.09,14.09,0.43,13.7,No,Normal simulated hourly value
2026-05-22 19:00,Building A,Floor 3,Lighting,F3-LIGHT,4.33,4.33,0.43,13.7,No,Normal simulated hourly value
2026-05-22 19:00,Building A,Floor 3,Server Room,F3-SERVER,13.32,13.32,0.43,13.7,No,Normal simulated hourly value
2026-05-22 19:00,Building A,Common Areas,Elevators,CA-ELEV,2.4,2.4,0.43,13.7,No,Normal simulated hourly value
2026-05-22 19:00,Building A,Common Areas,Fire System,CA-FIRE,0.34,0.34,0.43,13.7,No,Normal simulated hourly value
2026-05-22 19:00,Building A,Common Areas,Outdoor Lighting,CA-OUTLIGHT,1.04,1.04,0.43,13.7,No,Normal simulated hourly value
2026-05-22 20:00,Building A,Floor 1,HVAC,F1-HVAC,15.0,15.0,0.37,12.7,No,Normal simulated hourly value
2026-05-22 20:00,Building A,Floor 1,Lighting,F1-LIGHT,5.51,5.51,0.37,12.7,No,Normal simulated hourly value
2026-05-22 20:00,Building A,Floor 1,Plug Loads,F1-PLUG,5.56,5.56,0.37,12.7,No,Normal simulated hourly value
2026-05-22 20:00,Building A,Floor 2,HVAC,F2-HVAC,15.92,15.92,0.37,12.7,No,Normal simulated hourly value
2026-05-22 20:00,Building A,Floor 2,Lighting,F2-LIGHT,5.82,5.82,0.37,12.7,No,Normal simulated hourly value
2026-05-22 20:00,Building A,Floor 2,Plug Loads,F2-PLUG,5.59,5.59,0.37,12.7,No,Normal simulated hourly value
2026-05-22 20:00,Building A,Floor 3,HVAC,F3-HVAC,13.01,13.01,0.37,12.7,No,Normal simulated hourly value
2026-05-22 20:00,Building A,Floor 3,Lighting,F3-LIGHT,5.3,5.3,0.37,12.7,No,Normal simulated hourly value
2026-05-22 20:00,Building A,Floor 3,Server Room,F3-SERVER,13.39,13.39,0.37,12.7,No,Normal simulated hourly value
2026-05-22 20:00,Building A,Common Areas,Elevators,CA-ELEV,2.22,2.22,0.37,12.7,No,Normal simulated hourly value
2026-05-22 20:00,Building A,Common Areas,Fire System,CA-FIRE,0.38,0.38,0.37,12.7,No,Normal simulated hourly value
2026-05-22 20:00,Building A,Common Areas,Outdoor Lighting,CA-OUTLIGHT,4.58,4.58,0.37,12.7,No,Normal simulated hourly value
2026-05-22 21:00,Building A,Floor 1,HVAC,F1-HVAC,11.57,11.57,0.12,12.7,No,Normal simulated hourly value
2026-05-22 21:00,Building A,Floor 1,Lighting,F1-LIGHT,3.63,3.63,0.12,12.7,No,Normal simulated hourly value
2026-05-22 21:00,Building A,Floor 1,Plug Loads,F1-PLUG,3.11,3.11,0.12,12.7,No,Normal simulated hourly value
2026-05-22 21:00,Building A,Floor 2,HVAC,F2-HVAC,11.96,11.96,0.12,12.7,No,Normal simulated hourly value
2026-05-22 21:00,Building A,Floor 2,Lighting,F2-LIGHT,3.77,3.77,0.12,12.7,No,Normal simulated hourly value
2026-05-22 21:00,Building A,Floor 2,Plug Loads,F2-PLUG,3.42,3.42,0.12,12.7,No,Normal simulated hourly value
2026-05-22 21:00,Building A,Floor 3,HVAC,F3-HVAC,9.69,9.69,0.12,12.7,No,Normal simulated hourly value
2026-05-22 21:00,Building A,Floor 3,Lighting,F3-LIGHT,3.49,3.49,0.12,12.7,No,Normal simulated hourly value
2026-05-22 21:00,Building A,Floor 3,Server Room,F3-SERVER,13.46,13.46,0.12,12.7,No,Normal simulated hourly value
2026-05-22 21:00,Building A,Common Areas,Elevators,CA-ELEV,1.25,1.25,0.12,12.7,No,Normal simulated hourly value
2026-05-22 21:00,Building A,Common Areas,Fire System,CA-FIRE,0.36,0.36,0.12,12.7,No,Normal simulated hourly value
2026-05-22 21:00,Building A,Common Areas,Outdoor Lighting,CA-OUTLIGHT,4.99,4.99,0.12,12.7,No,Normal simulated hourly value
2026-05-22 22:00,Building A,Floor 1,HVAC,F1-HVAC,10.71,10.71,0.08,12.2,No,Normal simulated hourly value
2026-05-22 22:00,Building A,Floor 1,Lighting,F1-LIGHT,2.32,2.32,0.08,12.2,No,Normal simulated hourly value
2026-05-22 22:00,Building A,Floor 1,Plug Loads,F1-PLUG,2.61,2.61,0.08,12.2,No,Normal simulated hourly value
2026-05-22 22:00,Building A,Floor 2,HVAC,F2-HVAC,12.23,12.23,0.08,12.2,No,Normal simulated hourly value
2026-05-22 22:00,Building A,Floor 2,Lighting,F2-LIGHT,2.31,2.31,0.08,12.2,No,Normal simulated hourly value
2026-05-22 22:00,Building A,Floor 2,Plug Loads,F2-PLUG,3.05,3.05,0.08,12.2,No,Normal simulated hourly value
2026-05-22 22:00,Building A,Floor 3,HVAC,F3-HVAC,10.19,10.19,0.08,12.2,No,Normal simulated hourly value
2026-05-22 22:00,Building A,Floor 3,Lighting,F3-LIGHT,1.99,1.99,0.08,12.2,No,Normal simulated hourly value
2026-05-22 22:00,Building A,Floor 3,Server Room,F3-SERVER,14.04,14.04,0.08,12.2,No,Normal simulated hourly value
2026-05-22 22:00,Building A,Common Areas,Elevators,CA-ELEV,0.86,0.86,0.08,12.2,No,Normal simulated hourly value
2026-05-22 22:00,Building A,Common Areas,Fire System,CA-FIRE,0.34,0.34,0.08,12.2,No,Normal simulated hourly value
2026-05-22 22:00,Building A,Common Areas,Outdoor Lighting,CA-OUTLIGHT,4.96,4.96,0.08,12.2,No,Normal simulated hourly value
2026-05-22 23:00,Building A,Floor 1,HVAC,F1-HVAC,11.03,11.03,0.07,11.6,No,Normal simulated hourly value
2026-05-22 23:00,Building A,Floor 1,Lighting,F1-LIGHT,1.78,1.78,0.07,11.6,No,Normal simulated hourly value
2026-05-22 23:00,Building A,Floor 1,Plug Loads,F1-PLUG,2.81,2.81,0.07,11.6,No,Normal simulated hourly value
2026-05-22 23:00,Building A,Floor 2,HVAC,F2-HVAC,11.34,11.34,0.07,11.6,No,Normal simulated hourly value
2026-05-22 23:00,Building A,Floor 2,Lighting,F2-LIGHT,2.41,2.41,0.07,11.6,No,Normal simulated hourly value
2026-05-22 23:00,Building A,Floor 2,Plug Loads,F2-PLUG,2.99,2.99,0.07,11.6,No,Normal simulated hourly value
2026-05-22 23:00,Building A,Floor 3,HVAC,F3-HVAC,10.29,10.29,0.07,11.6,No,Normal simulated hourly value
2026-05-22 23:00,Building A,Floor 3,Lighting,F3-LIGHT,1.65,1.65,0.07,11.6,No,Normal simulated hourly value
2026-05-22 23:00,Building A,Floor 3,Server Room,F3-SERVER,14.59,14.59,0.07,11.6,No,Normal simulated hourly value
2026-05-22 23:00,Building A,Common Areas,Elevators,CA-ELEV,1.07,1.07,0.07,11.6,No,Normal simulated hourly value
2026-05-22 23:00,Building A,Common Areas,Fire System,CA-FIRE,0.34,0.34,0.07,11.6,No,Normal simulated hourly value
2026-05-22 23:00,Building A,Common Areas,Outdoor Lighting,CA-OUTLIGHT,4.64,4.64,0.07,11.6,No,Normal simulated hourly value
2026-05-23 00:00,Building A,Floor 1,HVAC,F1-HVAC,10.55,10.55,0.08,11.9,Yes,Normal simulated hourly value
2026-05-23 00:00,Building A,Floor 1,Lighting,F1-LIGHT,2.1,2.1,0.08,11.9,Yes,Normal simulated hourly value
2026-05-23 00:00,Building A,Floor 1,Plug Loads,F1-PLUG,2.73,2.73,0.08,11.9,Yes,Normal simulated hourly value
2026-05-23 00:00,Building A,Floor 2,HVAC,F2-HVAC,12.01,12.01,0.08,11.9,Yes,Normal simulated hourly value
2026-05-23 00:00,Building A,Floor 2,Lighting,F2-LIGHT,2.54,2.54,0.08,11.9,Yes,Normal simulated hourly value
2026-05-23 00:00,Building A,Floor 2,Plug Loads,F2-PLUG,3.29,3.29,0.08,11.9,Yes,Normal simulated hourly value
2026-05-23 00:00,Building A,Floor 3,HVAC,F3-HVAC,10.29,10.29,0.08,11.9,Yes,Normal simulated hourly value
2026-05-23 00:00,Building A,Floor 3,Lighting,F3-LIGHT,1.73,1.73,0.08,11.9,Yes,Normal simulated hourly value
2026-05-23 00:00,Building A,Floor 3,Server Room,F3-SERVER,13.71,13.71,0.08,11.9,Yes,Normal simulated hourly value
2026-05-23 00:00,Building A,Common Areas,Elevators,CA-ELEV,1.18,1.18,0.08,11.9,Yes,Normal simulated hourly value
2026-05-23 00:00,Building A,Common Areas,Fire System,CA-FIRE,0.34,0.34,0.08,11.9,Yes,Normal simulated hourly value
2026-05-23 00:00,Building A,Common Areas,Outdoor Lighting,CA-OUTLIGHT,4.81,4.81,0.08,11.9,Yes,Normal simulated hourly value
2026-05-23 01:00,Building A,Floor 1,HVAC,F1-HVAC,10.25,10.25,0.06,12.4,Yes,Normal simulated hourly value
2026-05-23 01:00,Building A,Floor 1,Lighting,F1-LIGHT,2.13,2.13,0.06,12.4,Yes,Normal simulated hourly value
2026-05-23 01:00,Building A,Floor 1,Plug Loads,F1-PLUG,2.96,2.96,0.06,12.4,Yes,Normal simulated hourly value
2026-05-23 01:00,Building A,Floor 2,HVAC,F2-HVAC,11.3,11.3,0.06,12.4,Yes,Normal simulated hourly value
2026-05-23 01:00,Building A,Floor 2,Lighting,F2-LIGHT,2.22,2.22,0.06,12.4,Yes,Normal simulated hourly value
2026-05-23 01:00,Building A,Floor 2,Plug Loads,F2-PLUG,2.72,2.72,0.06,12.4,Yes,Normal simulated hourly value
2026-05-23 01:00,Building A,Floor 3,HVAC,F3-HVAC,10.0,10.0,0.06,12.4,Yes,Normal simulated hourly value
2026-05-23 01:00,Building A,Floor 3,Lighting,F3-LIGHT,1.62,1.62,0.06,12.4,Yes,Normal simulated hourly value
2026-05-23 01:00,Building A,Floor 3,Server Room,F3-SERVER,13.66,13.66,0.06,12.4,Yes,Normal simulated hourly value
2026-05-23 01:00,Building A,Common Areas,Elevators,CA-ELEV,1.08,1.08,0.06,12.4,Yes,Normal simulated hourly value
2026-05-23 01:00,Building A,Common Areas,Fire System,CA-FIRE,0.35,0.35,0.06,12.4,Yes,Normal simulated hourly value
2026-05-23 01:00,Building A,Common Areas,Outdoor Lighting,CA-OUTLIGHT,4.61,4.61,0.06,12.4,Yes,Normal simulated hourly value
2026-05-23 02:00,Building A,Floor 1,HVAC,F1-HVAC,10.56,10.56,0.04,11.7,Yes,Normal simulated hourly value
2026-05-23 02:00,Building A,Floor 1,Lighting,F1-LIGHT,1.66,1.66,0.04,11.7,Yes,Normal simulated hourly value
2026-05-23 02:00,Building A,Floor 1,Plug Loads,F1-PLUG,2.52,2.52,0.04,11.7,Yes,Normal simulated hourly value
2026-05-23 02:00,Building A,Floor 2,HVAC,F2-HVAC,11.67,11.67,0.04,11.7,Yes,Normal simulated hourly value
2026-05-23 02:00,Building A,Floor 2,Lighting,F2-LIGHT,1.98,1.98,0.04,11.7,Yes,Normal simulated hourly value
2026-05-23 02:00,Building A,Floor 2,Plug Loads,F2-PLUG,2.45,2.45,0.04,11.7,Yes,Normal simulated hourly value
2026-05-23 02:00,Building A,Floor 3,HVAC,F3-HVAC,10.04,10.04,0.04,11.7,Yes,Normal simulated hourly value
2026-05-23 02:00,Building A,Floor 3,Lighting,F3-LIGHT,1.51,1.51,0.04,11.7,Yes,Normal simulated hourly value
2026-05-23 02:00,Building A,Floor 3,Server Room,F3-SERVER,13.76,13.76,0.04,11.7,Yes,Normal simulated hourly value
2026-05-23 02:00,Building A,Common Areas,Elevators,CA-ELEV,1.03,1.03,0.04,11.7,Yes,Normal simulated hourly value
2026-05-23 02:00,Building A,Common Areas,Fire System,CA-FIRE,0.36,0.36,0.04,11.7,Yes,Normal simulated hourly value
2026-05-23 02:00,Building A,Common Areas,Outdoor Lighting,CA-OUTLIGHT,4.82,4.82,0.04,11.7,Yes,Normal simulated hourly value
2026-05-23 03:00,Building A,Floor 1,HVAC,F1-HVAC,10.84,10.84,0.07,12.6,Yes,Normal simulated hourly value
2026-05-23 03:00,Building A,Floor 1,Lighting,F1-LIGHT,1.78,1.78,0.07,12.6,Yes,Normal simulated hourly value
2026-05-23 03:00,Building A,Floor 1,Plug Loads,F1-PLUG,2.58,2.58,0.07,12.6,Yes,Normal simulated hourly value
2026-05-23 03:00,Building A,Floor 2,HVAC,F2-HVAC,11.46,11.46,0.07,12.6,Yes,Normal simulated hourly value
2026-05-23 03:00,Building A,Floor 2,Lighting,F2-LIGHT,1.93,1.93,0.07,12.6,Yes,Normal simulated hourly value
2026-05-23 03:00,Building A,Floor 2,Plug Loads,F2-PLUG,3.23,3.23,0.07,12.6,Yes,Normal simulated hourly value
2026-05-23 03:00,Building A,Floor 3,HVAC,F3-HVAC,9.81,9.81,0.07,12.6,Yes,Normal simulated hourly value
2026-05-23 03:00,Building A,Floor 3,Lighting,F3-LIGHT,2.09,2.09,0.07,12.6,Yes,Normal simulated hourly value
2026-05-23 03:00,Building A,Floor 3,Server Room,F3-SERVER,14.56,14.56,0.07,12.6,Yes,Normal simulated hourly value
2026-05-23 03:00,Building A,Common Areas,Elevators,CA-ELEV,1.01,1.01,0.07,12.6,Yes,Normal simulated hourly value
2026-05-23 03:00,Building A,Common Areas,Fire System,CA-FIRE,0.33,0.33,0.07,12.6,Yes,Normal simulated hourly value
2026-05-23 03:00,Building A,Common Areas,Outdoor Lighting,CA-OUTLIGHT,4.86,4.86,0.07,12.6,Yes,Normal simulated hourly value
2026-05-23 04:00,Building A,Floor 1,HVAC,F1-HVAC,10.56,10.56,0.07,13.1,Yes,Normal simulated hourly value
2026-05-23 04:00,Building A,Floor 1,Lighting,F1-LIGHT,1.85,1.85,0.07,13.1,Yes,Normal simulated hourly value
2026-05-23 04:00,Building A,Floor 1,Plug Loads,F1-PLUG,2.77,2.77,0.07,13.1,Yes,Normal simulated hourly value
2026-05-23 04:00,Building A,Floor 2,HVAC,F2-HVAC,11.13,11.13,0.07,13.1,Yes,Normal simulated hourly value
2026-05-23 04:00,Building A,Floor 2,Lighting,F2-LIGHT,2.47,2.47,0.07,13.1,Yes,Normal simulated hourly value
2026-05-23 04:00,Building A,Floor 2,Plug Loads,F2-PLUG,2.77,2.77,0.07,13.1,Yes,Normal simulated hourly value
2026-05-23 04:00,Building A,Floor 3,HVAC,F3-HVAC,9.16,9.16,0.07,13.1,Yes,Normal simulated hourly value
2026-05-23 04:00,Building A,Floor 3,Lighting,F3-LIGHT,1.8,1.8,0.07,13.1,Yes,Normal simulated hourly value
2026-05-23 04:00,Building A,Floor 3,Server Room,F3-SERVER,13.02,13.02,0.07,13.1,Yes,Normal simulated hourly value
2026-05-23 04:00,Building A,Common Areas,Elevators,CA-ELEV,1.16,1.16,0.07,13.1,Yes,Normal simulated hourly value
2026-05-23 04:00,Building A,Common Areas,Fire System,CA-FIRE,0.34,0.34,0.07,13.1,Yes,Normal simulated hourly value
2026-05-23 04:00,Building A,Common Areas,Outdoor Lighting,CA-OUTLIGHT,4.9,4.9,0.07,13.1,Yes,Normal simulated hourly value
2026-05-23 05:00,Building A,Floor 1,HVAC,F1-HVAC,10.2,10.2,0.07,13.2,Yes,Normal simulated hourly value
2026-05-23 05:00,Building A,Floor 1,Lighting,F1-LIGHT,2.16,2.16,0.07,13.2,Yes,Normal simulated hourly value
2026-05-23 05:00,Building A,Floor 1,Plug Loads,F1-PLUG,2.86,2.86,0.07,13.2,Yes,Normal simulated hourly value
2026-05-23 05:00,Building A,Floor 2,HVAC,F2-HVAC,10.52,10.52,0.07,13.2,Yes,Normal simulated hourly value
2026-05-23 05:00,Building A,Floor 2,Lighting,F2-LIGHT,2.35,2.35,0.07,13.2,Yes,Normal simulated hourly value
2026-05-23 05:00,Building A,Floor 2,Plug Loads,F2-PLUG,3.1,3.1,0.07,13.2,Yes,Normal simulated hourly value
2026-05-23 05:00,Building A,Floor 3,HVAC,F3-HVAC,9.95,9.95,0.07,13.2,Yes,Normal simulated hourly value
2026-05-23 05:00,Building A,Floor 3,Lighting,F3-LIGHT,1.87,1.87,0.07,13.2,Yes,Normal simulated hourly value
2026-05-23 05:00,Building A,Floor 3,Server Room,F3-SERVER,14.58,14.58,0.07,13.2,Yes,Normal simulated hourly value
2026-05-23 05:00,Building A,Common Areas,Elevators,CA-ELEV,1.39,1.39,0.07,13.2,Yes,Normal simulated hourly value
2026-05-23 05:00,Building A,Common Areas,Fire System,CA-FIRE,0.36,0.36,0.07,13.2,Yes,Normal simulated hourly value
2026-05-23 05:00,Building A,Common Areas,Outdoor Lighting,CA-OUTLIGHT,4.81,4.81,0.07,13.2,Yes,Normal simulated hourly value
2026-05-23 06:00,Building A,Floor 1,HVAC,F1-HVAC,8.81,8.81,0.05,14.6,Yes,Normal simulated hourly value
2026-05-23 06:00,Building A,Floor 1,Lighting,F1-LIGHT,1.93,1.93,0.05,14.6,Yes,Normal simulated hourly value
2026-05-23 06:00,Building A,Floor 1,Plug Loads,F1-PLUG,2.64,2.64,0.05,14.6,Yes,Normal simulated hourly value
2026-05-23 06:00,Building A,Floor 2,HVAC,F2-HVAC,10.15,10.15,0.05,14.6,Yes,Normal simulated hourly value
2026-05-23 06:00,Building A,Floor 2,Lighting,F2-LIGHT,2.04,2.04,0.05,14.6,Yes,Normal simulated hourly value
2026-05-23 06:00,Building A,Floor 2,Plug Loads,F2-PLUG,2.64,2.64,0.05,14.6,Yes,Normal simulated hourly value
2026-05-23 06:00,Building A,Floor 3,HVAC,F3-HVAC,8.65,8.65,0.05,14.6,Yes,Normal simulated hourly value
2026-05-23 06:00,Building A,Floor 3,Lighting,F3-LIGHT,1.86,1.86,0.05,14.6,Yes,Normal simulated hourly value
2026-05-23 06:00,Building A,Floor 3,Server Room,F3-SERVER,12.9,12.9,0.05,14.6,Yes,Normal simulated hourly value
2026-05-23 06:00,Building A,Common Areas,Elevators,CA-ELEV,0.92,0.92,0.05,14.6,Yes,Normal simulated hourly value
2026-05-23 06:00,Building A,Common Areas,Fire System,CA-FIRE,0.33,0.33,0.05,14.6,Yes,Normal simulated hourly value
2026-05-23 06:00,Building A,Common Areas,Outdoor Lighting,CA-OUTLIGHT,1.2,1.2,0.05,14.6,Yes,Normal simulated hourly value
2026-05-23 07:00,Building A,Floor 1,HVAC,F1-HVAC,8.93,8.93,0.06,15.2,Yes,Normal simulated hourly value
2026-05-23 07:00,Building A,Floor 1,Lighting,F1-LIGHT,2.0,2.0,0.06,15.2,Yes,Normal simulated hourly value
2026-05-23 07:00,Building A,Floor 1,Plug Loads,F1-PLUG,2.79,2.79,0.06,15.2,Yes,Normal simulated hourly value
2026-05-23 07:00,Building A,Floor 2,HVAC,F2-HVAC,9.27,9.27,0.06,15.2,Yes,Normal simulated hourly value
2026-05-23 07:00,Building A,Floor 2,Lighting,F2-LIGHT,1.95,1.95,0.06,15.2,Yes,Normal simulated hourly value
2026-05-23 07:00,Building A,Floor 2,Plug Loads,F2-PLUG,2.8,2.8,0.06,15.2,Yes,Normal simulated hourly value
2026-05-23 07:00,Building A,Floor 3,HVAC,F3-HVAC,8.75,8.75,0.06,15.2,Yes,Normal simulated hourly value
2026-05-23 07:00,Building A,Floor 3,Lighting,F3-LIGHT,1.7,1.7,0.06,15.2,Yes,Normal simulated hourly value
2026-05-23 07:00,Building A,Floor 3,Server Room,F3-SERVER,13.48,13.48,0.06,15.2,Yes,Normal simulated hourly value
2026-05-23 07:00,Building A,Common Areas,Elevators,CA-ELEV,0.95,0.95,0.06,15.2,Yes,Normal simulated hourly value
2026-05-23 07:00,Building A,Common Areas,Fire System,CA-FIRE,0.34,0.34,0.06,15.2,Yes,Normal simulated hourly value
2026-05-23 07:00,Building A,Common Areas,Outdoor Lighting,CA-OUTLIGHT,0.31,0.31,0.06,15.2,Yes,Normal simulated hourly value
2026-05-23 08:00,Building A,Floor 1,HVAC,F1-HVAC,8.95,8.95,0.04,14.5,Yes,Normal simulated hourly value
2026-05-23 08:00,Building A,Floor 1,Lighting,F1-LIGHT,1.71,1.71,0.04,14.5,Yes,Normal simulated hourly value
2026-05-23 08:00,Building A,Floor 1,Plug Loads,F1-PLUG,2.64,2.64,0.04,14.5,Yes,Normal simulated hourly value
2026-05-23 08:00,Building A,Floor 2,HVAC,F2-HVAC,10.39,10.39,0.04,14.5,Yes,Normal simulated hourly value
2026-05-23 08:00,Building A,Floor 2,Lighting,F2-LIGHT,2.14,2.14,0.04,14.5,Yes,Normal simulated hourly value
2026-05-23 08:00,Building A,Floor 2,Plug Loads,F2-PLUG,2.83,2.83,0.04,14.5,Yes,Normal simulated hourly value
2026-05-23 08:00,Building A,Floor 3,HVAC,F3-HVAC,8.4,8.4,0.04,14.5,Yes,Normal simulated hourly value
2026-05-23 08:00,Building A,Floor 3,Lighting,F3-LIGHT,1.74,1.74,0.04,14.5,Yes,Normal simulated hourly value
2026-05-23 08:00,Building A,Floor 3,Server Room,F3-SERVER,13.87,13.87,0.04,14.5,Yes,Normal simulated hourly value
2026-05-23 08:00,Building A,Common Areas,Elevators,CA-ELEV,1.0,1.0,0.04,14.5,Yes,Normal simulated hourly value
2026-05-23 08:00,Building A,Common Areas,Fire System,CA-FIRE,0.34,0.34,0.04,14.5,Yes,Normal simulated hourly value
2026-05-23 08:00,Building A,Common Areas,Outdoor Lighting,CA-OUTLIGHT,0.42,0.42,0.04,14.5,Yes,Normal simulated hourly value
2026-05-23 09:00,Building A,Floor 1,HVAC,F1-HVAC,9.15,9.15,0.08,15.3,Yes,Normal simulated hourly value
2026-05-23 09:00,Building A,Floor 1,Lighting,F1-LIGHT,2.15,2.15,0.08,15.3,Yes,Normal simulated hourly value
2026-05-23 09:00,Building A,Floor 1,Plug Loads,F1-PLUG,2.7,2.7,0.08,15.3,Yes,Normal simulated hourly value
2026-05-23 09:00,Building A,Floor 2,HVAC,F2-HVAC,10.35,10.35,0.08,15.3,Yes,Normal simulated hourly value
2026-05-23 09:00,Building A,Floor 2,Lighting,F2-LIGHT,2.47,2.47,0.08,15.3,Yes,Normal simulated hourly value
2026-05-23 09:00,Building A,Floor 2,Plug Loads,F2-PLUG,3.34,3.34,0.08,15.3,Yes,Normal simulated hourly value
2026-05-23 09:00,Building A,Floor 3,HVAC,F3-HVAC,8.45,8.45,0.08,15.3,Yes,Normal simulated hourly value
2026-05-23 09:00,Building A,Floor 3,Lighting,F3-LIGHT,2.24,2.24,0.08,15.3,Yes,Normal simulated hourly value
2026-05-23 09:00,Building A,Floor 3,Server Room,F3-SERVER,12.96,12.96,0.08,15.3,Yes,Normal simulated hourly value
2026-05-23 09:00,Building A,Common Areas,Elevators,CA-ELEV,1.43,1.43,0.08,15.3,Yes,Normal simulated hourly value
2026-05-23 09:00,Building A,Common Areas,Fire System,CA-FIRE,0.37,0.37,0.08,15.3,Yes,Normal simulated hourly value
2026-05-23 09:00,Building A,Common Areas,Outdoor Lighting,CA-OUTLIGHT,0.19,0.19,0.08,15.3,Yes,Normal simulated hourly value
2026-05-23 10:00,Building A,Floor 1,HVAC,F1-HVAC,11.39,11.39,0.22,16.0,Yes,Normal simulated hourly value
2026-05-23 10:00,Building A,Floor 1,Lighting,F1-LIGHT,2.91,2.91,0.22,16.0,Yes,Normal simulated hourly value
2026-05-23 10:00,Building A,Floor 1,Plug Loads,F1-PLUG,3.96,3.96,0.22,16.0,Yes,Normal simulated hourly value
2026-05-23 10:00,Building A,Floor 2,HVAC,F2-HVAC,11.42,11.42,0.22,16.0,Yes,Normal simulated hourly value
2026-05-23 10:00,Building A,Floor 2,Lighting,F2-LIGHT,2.96,2.96,0.22,16.0,Yes,Normal simulated hourly value
2026-05-23 10:00,Building A,Floor 2,Plug Loads,F2-PLUG,4.39,4.39,0.22,16.0,Yes,Normal simulated hourly value
2026-05-23 10:00,Building A,Floor 3,HVAC,F3-HVAC,9.89,9.89,0.22,16.0,Yes,Normal simulated hourly value
2026-05-23 10:00,Building A,Floor 3,Lighting,F3-LIGHT,2.54,2.54,0.22,16.0,Yes,Normal simulated hourly value
2026-05-23 10:00,Building A,Floor 3,Server Room,F3-SERVER,13.29,13.29,0.22,16.0,Yes,Normal simulated hourly value
2026-05-23 10:00,Building A,Common Areas,Elevators,CA-ELEV,1.74,1.74,0.22,16.0,Yes,Normal simulated hourly value
2026-05-23 10:00,Building A,Common Areas,Fire System,CA-FIRE,0.37,0.37,0.22,16.0,Yes,Normal simulated hourly value
2026-05-23 10:00,Building A,Common Areas,Outdoor Lighting,CA-OUTLIGHT,0.46,0.46,0.22,16.0,Yes,Normal simulated hourly value
2026-05-23 11:00,Building A,Floor 1,HVAC,F1-HVAC,9.57,9.57,0.12,16.1,Yes,Normal simulated hourly value
2026-05-23 11:00,Building A,Floor 1,Lighting,F1-LIGHT,2.2,2.2,0.12,16.1,Yes,Normal simulated hourly value
2026-05-23 11:00,Building A,Floor 1,Plug Loads,F1-PLUG,3.03,3.03,0.12,16.1,Yes,Normal simulated hourly value
2026-05-23 11:00,Building A,Floor 2,HVAC,F2-HVAC,10.87,10.87,0.12,16.1,Yes,Normal simulated hourly value
2026-05-23 11:00,Building A,Floor 2,Lighting,F2-LIGHT,2.52,2.52,0.12,16.1,Yes,Normal simulated hourly value
2026-05-23 11:00,Building A,Floor 2,Plug Loads,F2-PLUG,3.49,3.49,0.12,16.1,Yes,Normal simulated hourly value
2026-05-23 11:00,Building A,Floor 3,HVAC,F3-HVAC,9.16,9.16,0.12,16.1,Yes,Normal simulated hourly value
2026-05-23 11:00,Building A,Floor 3,Lighting,F3-LIGHT,1.81,1.81,0.12,16.1,Yes,Normal simulated hourly value
2026-05-23 11:00,Building A,Floor 3,Server Room,F3-SERVER,14.38,14.38,0.12,16.1,Yes,Normal simulated hourly value
2026-05-23 11:00,Building A,Common Areas,Elevators,CA-ELEV,1.58,1.58,0.12,16.1,Yes,Normal simulated hourly value
2026-05-23 11:00,Building A,Common Areas,Fire System,CA-FIRE,0.33,0.33,0.12,16.1,Yes,Normal simulated hourly value
2026-05-23 11:00,Building A,Common Areas,Outdoor Lighting,CA-OUTLIGHT,0.23,0.23,0.12,16.1,Yes,Normal simulated hourly value
2026-05-23 12:00,Building A,Floor 1,HVAC,F1-HVAC,9.69,9.69,0.18,16.5,Yes,Normal simulated hourly value
2026-05-23 12:00,Building A,Floor 1,Lighting,F1-LIGHT,2.81,2.81,0.18,16.5,Yes,Normal simulated hourly value
2026-05-23 12:00,Building A,Floor 1,Plug Loads,F1-PLUG,3.84,3.84,0.18,16.5,Yes,Normal simulated hourly value
2026-05-23 12:00,Building A,Floor 2,HVAC,F2-HVAC,11.22,11.22,0.18,16.5,Yes,Normal simulated hourly value
2026-05-23 12:00,Building A,Floor 2,Lighting,F2-LIGHT,2.51,2.51,0.18,16.5,Yes,Normal simulated hourly value
2026-05-23 12:00,Building A,Floor 2,Plug Loads,F2-PLUG,4.01,4.01,0.18,16.5,Yes,Normal simulated hourly value
2026-05-23 12:00,Building A,Floor 3,HVAC,F3-HVAC,8.92,8.92,0.18,16.5,Yes,Normal simulated hourly value
2026-05-23 12:00,Building A,Floor 3,Lighting,F3-LIGHT,2.36,2.36,0.18,16.5,Yes,Normal simulated hourly value
2026-05-23 12:00,Building A,Floor 3,Server Room,F3-SERVER,13.46,13.46,0.18,16.5,Yes,Normal simulated hourly value
2026-05-23 12:00,Building A,Common Areas,Elevators,CA-ELEV,1.69,1.69,0.18,16.5,Yes,Normal simulated hourly value
2026-05-23 12:00,Building A,Common Areas,Fire System,CA-FIRE,0.37,0.37,0.18,16.5,Yes,Normal simulated hourly value
2026-05-23 12:00,Building A,Common Areas,Outdoor Lighting,CA-OUTLIGHT,0.1,0.1,0.18,16.5,Yes,Normal simulated hourly value
2026-05-23 13:00,Building A,Floor 1,HVAC,F1-HVAC,10.19,10.19,0.16,15.9,Yes,Normal simulated hourly value
2026-05-23 13:00,Building A,Floor 1,Lighting,F1-LIGHT,2.21,2.21,0.16,15.9,Yes,Normal simulated hourly value
2026-05-23 13:00,Building A,Floor 1,Plug Loads,F1-PLUG,3.35,3.35,0.16,15.9,Yes,Normal simulated hourly value
2026-05-23 13:00,Building A,Floor 2,HVAC,F2-HVAC,10.81,10.81,0.16,15.9,Yes,Normal simulated hourly value
2026-05-23 13:00,Building A,Floor 2,Lighting,F2-LIGHT,2.34,2.34,0.16,15.9,Yes,Normal simulated hourly value
2026-05-23 13:00,Building A,Floor 2,Plug Loads,F2-PLUG,3.92,3.92,0.16,15.9,Yes,Normal simulated hourly value
2026-05-23 13:00,Building A,Floor 3,HVAC,F3-HVAC,9.46,9.46,0.16,15.9,Yes,Normal simulated hourly value
2026-05-23 13:00,Building A,Floor 3,Lighting,F3-LIGHT,2.07,2.07,0.16,15.9,Yes,Normal simulated hourly value
2026-05-23 13:00,Building A,Floor 3,Server Room,F3-SERVER,13.47,13.47,0.16,15.9,Yes,Normal simulated hourly value
2026-05-23 13:00,Building A,Common Areas,Elevators,CA-ELEV,1.43,1.43,0.16,15.9,Yes,Normal simulated hourly value
2026-05-23 13:00,Building A,Common Areas,Fire System,CA-FIRE,0.34,0.34,0.16,15.9,Yes,Normal simulated hourly value
2026-05-23 13:00,Building A,Common Areas,Outdoor Lighting,CA-OUTLIGHT,0.05,0.05,0.16,15.9,Yes,Normal simulated hourly value
2026-05-23 14:00,Building A,Floor 1,HVAC,F1-HVAC,10.15,10.15,0.16,16.0,Yes,Normal simulated hourly value
2026-05-23 14:00,Building A,Floor 1,Lighting,F1-LIGHT,2.21,2.21,0.16,16.0,Yes,Normal simulated hourly value
2026-05-23 14:00,Building A,Floor 1,Plug Loads,F1-PLUG,3.54,3.54,0.16,16.0,Yes,Normal simulated hourly value
2026-05-23 14:00,Building A,Floor 2,HVAC,F2-HVAC,11.25,11.25,0.16,16.0,Yes,Normal simulated hourly value
2026-05-23 14:00,Building A,Floor 2,Lighting,F2-LIGHT,2.39,2.39,0.16,16.0,Yes,Normal simulated hourly value
2026-05-23 14:00,Building A,Floor 2,Plug Loads,F2-PLUG,3.58,3.58,0.16,16.0,Yes,Normal simulated hourly value
2026-05-23 14:00,Building A,Floor 3,HVAC,F3-HVAC,9.31,9.31,0.16,16.0,Yes,Normal simulated hourly value
2026-05-23 14:00,Building A,Floor 3,Lighting,F3-LIGHT,2.05,2.05,0.16,16.0,Yes,Normal simulated hourly value
2026-05-23 14:00,Building A,Floor 3,Server Room,F3-SERVER,13.97,13.97,0.16,16.0,Yes,Normal simulated hourly value
2026-05-23 14:00,Building A,Common Areas,Elevators,CA-ELEV,1.71,1.71,0.16,16.0,Yes,Normal simulated hourly value
2026-05-23 14:00,Building A,Common Areas,Fire System,CA-FIRE,0.36,0.36,0.16,16.0,Yes,Normal simulated hourly value
2026-05-23 14:00,Building A,Common Areas,Outdoor Lighting,CA-OUTLIGHT,0.41,0.41,0.16,16.0,Yes,Normal simulated hourly value
2026-05-23 15:00,Building A,Floor 1,HVAC,F1-HVAC,10.93,10.93,0.2,15.8,Yes,Normal simulated hourly value
2026-05-23 15:00,Building A,Floor 1,Lighting,F1-LIGHT,2.95,2.95,0.2,15.8,Yes,Normal simulated hourly value
2026-05-23 15:00,Building A,Floor 1,Plug Loads,F1-PLUG,4.05,4.05,0.2,15.8,Yes,Normal simulated hourly value
2026-05-23 15:00,Building A,Floor 2,HVAC,F2-HVAC,11.72,11.72,0.2,15.8,Yes,Normal simulated hourly value
2026-05-23 15:00,Building A,Floor 2,Lighting,F2-LIGHT,2.66,2.66,0.2,15.8,Yes,Normal simulated hourly value
2026-05-23 15:00,Building A,Floor 2,Plug Loads,F2-PLUG,4.4,4.4,0.2,15.8,Yes,Normal simulated hourly value
2026-05-23 15:00,Building A,Floor 3,HVAC,F3-HVAC,10.52,10.52,0.2,15.8,Yes,Normal simulated hourly value
2026-05-23 15:00,Building A,Floor 3,Lighting,F3-LIGHT,2.44,2.44,0.2,15.8,Yes,Normal simulated hourly value
2026-05-23 15:00,Building A,Floor 3,Server Room,F3-SERVER,14.13,14.13,0.2,15.8,Yes,Normal simulated hourly value
2026-05-23 15:00,Building A,Common Areas,Elevators,CA-ELEV,1.82,1.82,0.2,15.8,Yes,Normal simulated hourly value
2026-05-23 15:00,Building A,Common Areas,Fire System,CA-FIRE,0.33,0.33,0.2,15.8,Yes,Normal simulated hourly value
2026-05-23 15:00,Building A,Common Areas,Outdoor Lighting,CA-OUTLIGHT,0.43,0.43,0.2,15.8,Yes,Normal simulated hourly value
2026-05-23 16:00,Building A,Floor 1,HVAC,F1-HVAC,11.47,11.47,0.23,15.2,Yes,Normal simulated hourly value
2026-05-23 16:00,Building A,Floor 1,Lighting,F1-LIGHT,2.97,2.97,0.23,15.2,Yes,Normal simulated hourly value
2026-05-23 16:00,Building A,Floor 1,Plug Loads,F1-PLUG,4.25,4.25,0.23,15.2,Yes,Normal simulated hourly value
2026-05-23 16:00,Building A,Floor 2,HVAC,F2-HVAC,12.87,12.87,0.23,15.2,Yes,Normal simulated hourly value
2026-05-23 16:00,Building A,Floor 2,Lighting,F2-LIGHT,3.3,3.3,0.23,15.2,Yes,Normal simulated hourly value
2026-05-23 16:00,Building A,Floor 2,Plug Loads,F2-PLUG,4.46,4.46,0.23,15.2,Yes,Normal simulated hourly value
2026-05-23 16:00,Building A,Floor 3,HVAC,F3-HVAC,10.1,10.1,0.23,15.2,Yes,Normal simulated hourly value
2026-05-23 16:00,Building A,Floor 3,Lighting,F3-LIGHT,2.6,2.6,0.23,15.2,Yes,Normal simulated hourly value
2026-05-23 16:00,Building A,Floor 3,Server Room,F3-SERVER,13.73,13.73,0.23,15.2,Yes,Normal simulated hourly value
2026-05-23 16:00,Building A,Common Areas,Elevators,CA-ELEV,1.73,1.73,0.23,15.2,Yes,Normal simulated hourly value
2026-05-23 16:00,Building A,Common Areas,Fire System,CA-FIRE,0.36,0.36,0.23,15.2,Yes,Normal simulated hourly value
2026-05-23 16:00,Building A,Common Areas,Outdoor Lighting,CA-OUTLIGHT,0.05,0.05,0.23,15.2,Yes,Normal simulated hourly value
2026-05-23 17:00,Building A,Floor 1,HVAC,F1-HVAC,9.45,9.45,0.09,15.0,Yes,Normal simulated hourly value
2026-05-23 17:00,Building A,Floor 1,Lighting,F1-LIGHT,2.29,2.29,0.09,15.0,Yes,Normal simulated hourly value
2026-05-23 17:00,Building A,Floor 1,Plug Loads,F1-PLUG,3.14,3.14,0.09,15.0,Yes,Normal simulated hourly value
2026-05-23 17:00,Building A,Floor 2,HVAC,F2-HVAC,10.47,10.47,0.09,15.0,Yes,Normal simulated hourly value
2026-05-23 17:00,Building A,Floor 2,Lighting,F2-LIGHT,2.32,2.32,0.09,15.0,Yes,Normal simulated hourly value
2026-05-23 17:00,Building A,Floor 2,Plug Loads,F2-PLUG,3.15,3.15,0.09,15.0,Yes,Normal simulated hourly value
2026-05-23 17:00,Building A,Floor 3,HVAC,F3-HVAC,9.03,9.03,0.09,15.0,Yes,Normal simulated hourly value
2026-05-23 17:00,Building A,Floor 3,Lighting,F3-LIGHT,2.05,2.05,0.09,15.0,Yes,Normal simulated hourly value
2026-05-23 17:00,Building A,Floor 3,Server Room,F3-SERVER,13.59,13.59,0.09,15.0,Yes,Normal simulated hourly value
2026-05-23 17:00,Building A,Common Areas,Elevators,CA-ELEV,1.21,1.21,0.09,15.0,Yes,Normal simulated hourly value
2026-05-23 17:00,Building A,Common Areas,Fire System,CA-FIRE,0.36,0.36,0.09,15.0,Yes,Normal simulated hourly value
2026-05-23 17:00,Building A,Common Areas,Outdoor Lighting,CA-OUTLIGHT,0.22,0.22,0.09,15.0,Yes,Normal simulated hourly value
2026-05-23 18:00,Building A,Floor 1,HVAC,F1-HVAC,9.36,9.36,0.07,14.3,Yes,Normal simulated hourly value
2026-05-23 18:00,Building A,Floor 1,Lighting,F1-LIGHT,2.14,2.14,0.07,14.3,Yes,Normal simulated hourly value
2026-05-23 18:00,Building A,Floor 1,Plug Loads,F1-PLUG,2.54,2.54,0.07,14.3,Yes,Normal simulated hourly value
2026-05-23 18:00,Building A,Floor 2,HVAC,F2-HVAC,10.97,10.97,0.07,14.3,Yes,Normal simulated hourly value
2026-05-23 18:00,Building A,Floor 2,Lighting,F2-LIGHT,2.25,2.25,0.07,14.3,Yes,Normal simulated hourly value
2026-05-23 18:00,Building A,Floor 2,Plug Loads,F2-PLUG,3.01,3.01,0.07,14.3,Yes,Normal simulated hourly value
2026-05-23 18:00,Building A,Floor 3,HVAC,F3-HVAC,9.02,9.02,0.07,14.3,Yes,Normal simulated hourly value
2026-05-23 18:00,Building A,Floor 3,Lighting,F3-LIGHT,1.86,1.86,0.07,14.3,Yes,Normal simulated hourly value
2026-05-23 18:00,Building A,Floor 3,Server Room,F3-SERVER,14.38,14.38,0.07,14.3,Yes,Normal simulated hourly value
2026-05-23 18:00,Building A,Common Areas,Elevators,CA-ELEV,1.06,1.06,0.07,14.3,Yes,Normal simulated hourly value
2026-05-23 18:00,Building A,Common Areas,Fire System,CA-FIRE,0.32,0.32,0.07,14.3,Yes,Normal simulated hourly value
2026-05-23 18:00,Building A,Common Areas,Outdoor Lighting,CA-OUTLIGHT,0.41,0.41,0.07,14.3,Yes,Normal simulated hourly value
2026-05-23 19:00,Building A,Floor 1,HVAC,F1-HVAC,9.75,9.75,0.06,13.8,Yes,Normal simulated hourly value
2026-05-23 19:00,Building A,Floor 1,Lighting,F1-LIGHT,2.06,2.06,0.06,13.8,Yes,Normal simulated hourly value
2026-05-23 19:00,Building A,Floor 1,Plug Loads,F1-PLUG,2.46,2.46,0.06,13.8,Yes,Normal simulated hourly value
2026-05-23 19:00,Building A,Floor 2,HVAC,F2-HVAC,10.92,10.92,0.06,13.8,Yes,Normal simulated hourly value
2026-05-23 19:00,Building A,Floor 2,Lighting,F2-LIGHT,2.36,2.36,0.06,13.8,Yes,Normal simulated hourly value
2026-05-23 19:00,Building A,Floor 2,Plug Loads,F2-PLUG,3.17,3.17,0.06,13.8,Yes,Normal simulated hourly value
2026-05-23 19:00,Building A,Floor 3,HVAC,F3-HVAC,9.14,9.14,0.06,13.8,Yes,Normal simulated hourly value
2026-05-23 19:00,Building A,Floor 3,Lighting,F3-LIGHT,1.51,1.51,0.06,13.8,Yes,Normal simulated hourly value
2026-05-23 19:00,Building A,Floor 3,Server Room,F3-SERVER,13.17,13.17,0.06,13.8,Yes,Normal simulated hourly value
2026-05-23 19:00,Building A,Common Areas,Elevators,CA-ELEV,1.16,1.16,0.06,13.8,Yes,Normal simulated hourly value
2026-05-23 19:00,Building A,Common Areas,Fire System,CA-FIRE,0.35,0.35,0.06,13.8,Yes,Normal simulated hourly value
2026-05-23 19:00,Building A,Common Areas,Outdoor Lighting,CA-OUTLIGHT,1.14,1.14,0.06,13.8,Yes,Normal simulated hourly value
2026-05-23 20:00,Building A,Floor 1,HVAC,F1-HVAC,10.9,10.9,0.07,12.7,Yes,Normal simulated hourly value
2026-05-23 20:00,Building A,Floor 1,Lighting,F1-LIGHT,1.93,1.93,0.07,12.7,Yes,Normal simulated hourly value
2026-05-23 20:00,Building A,Floor 1,Plug Loads,F1-PLUG,3.06,3.06,0.07,12.7,Yes,Normal simulated hourly value
2026-05-23 20:00,Building A,Floor 2,HVAC,F2-HVAC,11.15,11.15,0.07,12.7,Yes,Normal simulated hourly value
2026-05-23 20:00,Building A,Floor 2,Lighting,F2-LIGHT,2.5,2.5,0.07,12.7,Yes,Normal simulated hourly value
2026-05-23 20:00,Building A,Floor 2,Plug Loads,F2-PLUG,2.93,2.93,0.07,12.7,Yes,Normal simulated hourly value
2026-05-23 20:00,Building A,Floor 3,HVAC,F3-HVAC,9.08,9.08,0.07,12.7,Yes,Normal simulated hourly value
2026-05-23 20:00,Building A,Floor 3,Lighting,F3-LIGHT,1.59,1.59,0.07,12.7,Yes,Normal simulated hourly value
2026-05-23 20:00,Building A,Floor 3,Server Room,F3-SERVER,13.63,13.63,0.07,12.7,Yes,Normal simulated hourly value
2026-05-23 20:00,Building A,Common Areas,Elevators,CA-ELEV,1.05,1.05,0.07,12.7,Yes,Normal simulated hourly value
2026-05-23 20:00,Building A,Common Areas,Fire System,CA-FIRE,0.34,0.34,0.07,12.7,Yes,Normal simulated hourly value
2026-05-23 20:00,Building A,Common Areas,Outdoor Lighting,CA-OUTLIGHT,4.58,4.58,0.07,12.7,Yes,Normal simulated hourly value
2026-05-23 21:00,Building A,Floor 1,HVAC,F1-HVAC,10.52,10.52,0.09,12.7,Yes,Normal simulated hourly value
2026-05-23 21:00,Building A,Floor 1,Lighting,F1-LIGHT,3.62,3.62,0.09,12.7,Yes,Normal simulated hourly value
2026-05-23 21:00,Building A,Floor 1,Plug Loads,F1-PLUG,3.18,3.18,0.09,12.7,Yes,Normal simulated hourly value
2026-05-23 21:00,Building A,Floor 2,HVAC,F2-HVAC,11.23,11.23,0.09,12.7,Yes,Normal simulated hourly value
2026-05-23 21:00,Building A,Floor 2,Lighting,F2-LIGHT,3.8,3.8,0.09,12.7,Yes,Normal simulated hourly value
2026-05-23 21:00,Building A,Floor 2,Plug Loads,F2-PLUG,3.14,3.14,0.09,12.7,Yes,Normal simulated hourly value
2026-05-23 21:00,Building A,Floor 3,HVAC,F3-HVAC,9.62,9.62,0.09,12.7,Yes,Normal simulated hourly value
2026-05-23 21:00,Building A,Floor 3,Lighting,F3-LIGHT,3.06,3.06,0.09,12.7,Yes,Normal simulated hourly value
2026-05-23 21:00,Building A,Floor 3,Server Room,F3-SERVER,13.88,13.88,0.09,12.7,Yes,Normal simulated hourly value
2026-05-23 21:00,Building A,Common Areas,Elevators,CA-ELEV,1.34,1.34,0.09,12.7,Yes,Normal simulated hourly value
2026-05-23 21:00,Building A,Common Areas,Fire System,CA-FIRE,0.33,0.33,0.09,12.7,Yes,Normal simulated hourly value
2026-05-23 21:00,Building A,Common Areas,Outdoor Lighting,CA-OUTLIGHT,5.01,5.01,0.09,12.7,Yes,Normal simulated hourly value
2026-05-23 22:00,Building A,Floor 1,HVAC,F1-HVAC,10.65,10.65,0.04,12.5,Yes,Normal simulated hourly value
2026-05-23 22:00,Building A,Floor 1,Lighting,F1-LIGHT,1.91,1.91,0.04,12.5,Yes,Normal simulated hourly value
2026-05-23 22:00,Building A,Floor 1,Plug Loads,F1-PLUG,2.32,2.32,0.04,12.5,Yes,Normal simulated hourly value
2026-05-23 22:00,Building A,Floor 2,HVAC,F2-HVAC,10.35,10.35,0.04,12.5,Yes,Normal simulated hourly value
2026-05-23 22:00,Building A,Floor 2,Lighting,F2-LIGHT,1.67,1.67,0.04,12.5,Yes,Normal simulated hourly value
2026-05-23 22:00,Building A,Floor 2,Plug Loads,F2-PLUG,2.88,2.88,0.04,12.5,Yes,Normal simulated hourly value
2026-05-23 22:00,Building A,Floor 3,HVAC,F3-HVAC,9.23,9.23,0.04,12.5,Yes,Normal simulated hourly value
2026-05-23 22:00,Building A,Floor 3,Lighting,F3-LIGHT,1.63,1.63,0.04,12.5,Yes,Normal simulated hourly value
2026-05-23 22:00,Building A,Floor 3,Server Room,F3-SERVER,13.05,13.05,0.04,12.5,Yes,Normal simulated hourly value
2026-05-23 22:00,Building A,Common Areas,Elevators,CA-ELEV,1.12,1.12,0.04,12.5,Yes,Normal simulated hourly value
2026-05-23 22:00,Building A,Common Areas,Fire System,CA-FIRE,0.35,0.35,0.04,12.5,Yes,Normal simulated hourly value
2026-05-23 22:00,Building A,Common Areas,Outdoor Lighting,CA-OUTLIGHT,4.85,4.85,0.04,12.5,Yes,Normal simulated hourly value
2026-05-23 23:00,Building A,Floor 1,HVAC,F1-HVAC,10.38,10.38,0.04,11.8,Yes,Normal simulated hourly value
2026-05-23 23:00,Building A,Floor 1,Lighting,F1-LIGHT,1.84,1.84,0.04,11.8,Yes,Normal simulated hourly value
2026-05-23 23:00,Building A,Floor 1,Plug Loads,F1-PLUG,2.51,2.51,0.04,11.8,Yes,Normal simulated hourly value
2026-05-23 23:00,Building A,Floor 2,HVAC,F2-HVAC,11.03,11.03,0.04,11.8,Yes,Normal simulated hourly value
2026-05-23 23:00,Building A,Floor 2,Lighting,F2-LIGHT,1.77,1.77,0.04,11.8,Yes,Normal simulated hourly value
2026-05-23 23:00,Building A,Floor 2,Plug Loads,F2-PLUG,2.81,2.81,0.04,11.8,Yes,Normal simulated hourly value
2026-05-23 23:00,Building A,Floor 3,HVAC,F3-HVAC,9.63,9.63,0.04,11.8,Yes,Normal simulated hourly value
2026-05-23 23:00,Building A,Floor 3,Lighting,F3-LIGHT,1.88,1.88,0.04,11.8,Yes,Normal simulated hourly value
2026-05-23 23:00,Building A,Floor 3,Server Room,F3-SERVER,13.8,13.8,0.04,11.8,Yes,Normal simulated hourly value
2026-05-23 23:00,Building A,Common Areas,Elevators,CA-ELEV,1.03,1.03,0.04,11.8,Yes,Normal simulated hourly value
2026-05-23 23:00,Building A,Common Areas,Fire System,CA-FIRE,0.34,0.34,0.04,11.8,Yes,Normal simulated hourly value
2026-05-23 23:00,Building A,Common Areas,Outdoor Lighting,CA-OUTLIGHT,4.83,4.83,0.04,11.8,Yes,Normal simulated hourly value
2026-05-24 00:00,Building A,Floor 1,HVAC,F1-HVAC,10.12,10.12,0.04,12.3,Yes,Normal simulated hourly value
2026-05-24 00:00,Building A,Floor 1,Lighting,F1-LIGHT,1.93,1.93,0.04,12.3,Yes,Normal simulated hourly value
2026-05-24 00:00,Building A,Floor 1,Plug Loads,F1-PLUG,2.33,2.33,0.04,12.3,Yes,Normal simulated hourly value
2026-05-24 00:00,Building A,Floor 2,HVAC,F2-HVAC,11.23,11.23,0.04,12.3,Yes,Normal simulated hourly value
2026-05-24 00:00,Building A,Floor 2,Lighting,F2-LIGHT,2.25,2.25,0.04,12.3,Yes,Normal simulated hourly value
2026-05-24 00:00,Building A,Floor 2,Plug Loads,F2-PLUG,3.03,3.03,0.04,12.3,Yes,Normal simulated hourly value
2026-05-24 00:00,Building A,Floor 3,HVAC,F3-HVAC,9.67,9.67,0.04,12.3,Yes,Normal simulated hourly value
2026-05-24 00:00,Building A,Floor 3,Lighting,F3-LIGHT,1.65,1.65,0.04,12.3,Yes,Normal simulated hourly value
2026-05-24 00:00,Building A,Floor 3,Server Room,F3-SERVER,14.5,14.5,0.04,12.3,Yes,Normal simulated hourly value
2026-05-24 00:00,Building A,Common Areas,Elevators,CA-ELEV,0.9,0.9,0.04,12.3,Yes,Normal simulated hourly value
2026-05-24 00:00,Building A,Common Areas,Fire System,CA-FIRE,0.36,0.36,0.04,12.3,Yes,Normal simulated hourly value
2026-05-24 00:00,Building A,Common Areas,Outdoor Lighting,CA-OUTLIGHT,4.59,4.59,0.04,12.3,Yes,Normal simulated hourly value
2026-05-24 01:00,Building A,Floor 1,HVAC,F1-HVAC,10.64,10.64,0.09,12.3,Yes,Normal simulated hourly value
2026-05-24 01:00,Building A,Floor 1,Lighting,F1-LIGHT,3.13,3.13,0.09,12.3,Yes,Normal simulated hourly value
2026-05-24 01:00,Building A,Floor 1,Plug Loads,F1-PLUG,2.87,2.87,0.09,12.3,Yes,Normal simulated hourly value
2026-05-24 01:00,Building A,Floor 2,HVAC,F2-HVAC,12.07,12.07,0.09,12.3,Yes,Normal simulated hourly value
2026-05-24 01:00,Building A,Floor 2,Lighting,F2-LIGHT,3.66,3.66,0.09,12.3,Yes,Normal simulated hourly value
2026-05-24 01:00,Building A,Floor 2,Plug Loads,F2-PLUG,3.21,3.21,0.09,12.3,Yes,Normal simulated hourly value
2026-05-24 01:00,Building A,Floor 3,HVAC,F3-HVAC,9.96,9.96,0.09,12.3,Yes,Normal simulated hourly value
2026-05-24 01:00,Building A,Floor 3,Lighting,F3-LIGHT,3.27,3.27,0.09,12.3,Yes,Normal simulated hourly value
2026-05-24 01:00,Building A,Floor 3,Server Room,F3-SERVER,14.63,14.63,0.09,12.3,Yes,Normal simulated hourly value
2026-05-24 01:00,Building A,Common Areas,Elevators,CA-ELEV,1.4,1.4,0.09,12.3,Yes,Normal simulated hourly value
2026-05-24 01:00,Building A,Common Areas,Fire System,CA-FIRE,0.32,0.32,0.09,12.3,Yes,Normal simulated hourly value
2026-05-24 01:00,Building A,Common Areas,Outdoor Lighting,CA-OUTLIGHT,4.92,4.92,0.09,12.3,Yes,Normal simulated hourly value
2026-05-24 02:00,Building A,Floor 1,HVAC,F1-HVAC,9.92,9.92,0.07,12.6,Yes,Normal simulated hourly value
2026-05-24 02:00,Building A,Floor 1,Lighting,F1-LIGHT,2.03,2.03,0.07,12.6,Yes,Normal simulated hourly value
2026-05-24 02:00,Building A,Floor 1,Plug Loads,F1-PLUG,2.6,2.6,0.07,12.6,Yes,Normal simulated hourly value
2026-05-24 02:00,Building A,Floor 2,HVAC,F2-HVAC,10.74,10.74,0.07,12.6,Yes,Normal simulated hourly value
2026-05-24 02:00,Building A,Floor 2,Lighting,F2-LIGHT,2.5,2.5,0.07,12.6,Yes,Normal simulated hourly value
2026-05-24 02:00,Building A,Floor 2,Plug Loads,F2-PLUG,3.2,3.2,0.07,12.6,Yes,Normal simulated hourly value
2026-05-24 02:00,Building A,Floor 3,HVAC,F3-HVAC,9.76,9.76,0.07,12.6,Yes,Normal simulated hourly value
2026-05-24 02:00,Building A,Floor 3,Lighting,F3-LIGHT,1.75,1.75,0.07,12.6,Yes,Normal simulated hourly value
2026-05-24 02:00,Building A,Floor 3,Server Room,F3-SERVER,13.81,13.81,0.07,12.6,Yes,Normal simulated hourly value
2026-05-24 02:00,Building A,Common Areas,Elevators,CA-ELEV,1.33,1.33,0.07,12.6,Yes,Normal simulated hourly value
2026-05-24 02:00,Building A,Common Areas,Fire System,CA-FIRE,0.33,0.33,0.07,12.6,Yes,Normal simulated hourly value
2026-05-24 02:00,Building A,Common Areas,Outdoor Lighting,CA-OUTLIGHT,4.98,4.98,0.07,12.6,Yes,Normal simulated hourly value
2026-05-24 03:00,Building A,Floor 1,HVAC,F1-HVAC,9.84,9.84,0.04,12.1,Yes,Normal simulated hourly value
2026-05-24 03:00,Building A,Floor 1,Lighting,F1-LIGHT,1.87,1.87,0.04,12.1,Yes,Normal simulated hourly value
2026-05-24 03:00,Building A,Floor 1,Plug Loads,F1-PLUG,2.33,2.33,0.04,12.1,Yes,Normal simulated hourly value
2026-05-24 03:00,Building A,Floor 2,HVAC,F2-HVAC,10.99,10.99,0.04,12.1,Yes,Normal simulated hourly value
2026-05-24 03:00,Building A,Floor 2,Lighting,F2-LIGHT,2.14,2.14,0.04,12.1,Yes,Normal simulated hourly value
2026-05-24 03:00,Building A,Floor 2,Plug Loads,F2-PLUG,2.6,2.6,0.04,12.1,Yes,Normal simulated hourly value
2026-05-24 03:00,Building A,Floor 3,HVAC,F3-HVAC,9.66,9.66,0.04,12.1,Yes,Normal simulated hourly value
2026-05-24 03:00,Building A,Floor 3,Lighting,F3-LIGHT,1.66,1.66,0.04,12.1,Yes,Normal simulated hourly value
2026-05-24 03:00,Building A,Floor 3,Server Room,F3-SERVER,14.45,14.45,0.04,12.1,Yes,Normal simulated hourly value
2026-05-24 03:00,Building A,Common Areas,Elevators,CA-ELEV,1.01,1.01,0.04,12.1,Yes,Normal simulated hourly value
2026-05-24 03:00,Building A,Common Areas,Fire System,CA-FIRE,0.33,0.33,0.04,12.1,Yes,Normal simulated hourly value
2026-05-24 03:00,Building A,Common Areas,Outdoor Lighting,CA-OUTLIGHT,4.63,4.63,0.04,12.1,Yes,Normal simulated hourly value
2026-05-24 04:00,Building A,Floor 1,HVAC,F1-HVAC,10.98,10.98,0.1,13.1,Yes,Normal simulated hourly value
2026-05-24 04:00,Building A,Floor 1,Lighting,F1-LIGHT,3.32,3.32,0.1,13.1,Yes,Normal simulated hourly value
2026-05-24 04:00,Building A,Floor 1,Plug Loads,F1-PLUG,3.01,3.01,0.1,13.1,Yes,Normal simulated hourly value
2026-05-24 04:00,Building A,Floor 2,HVAC,F2-HVAC,11.67,11.67,0.1,13.1,Yes,Normal simulated hourly value
2026-05-24 04:00,Building A,Floor 2,Lighting,F2-LIGHT,3.58,3.58,0.1,13.1,Yes,Normal simulated hourly value
2026-05-24 04:00,Building A,Floor 2,Plug Loads,F2-PLUG,3.43,3.43,0.1,13.1,Yes,Normal simulated hourly value
2026-05-24 04:00,Building A,Floor 3,HVAC,F3-HVAC,9.62,9.62,0.1,13.1,Yes,Normal simulated hourly value
2026-05-24 04:00,Building A,Floor 3,Lighting,F3-LIGHT,3.29,3.29,0.1,13.1,Yes,Normal simulated hourly value
2026-05-24 04:00,Building A,Floor 3,Server Room,F3-SERVER,13.11,13.11,0.1,13.1,Yes,Normal simulated hourly value
2026-05-24 04:00,Building A,Common Areas,Elevators,CA-ELEV,1.19,1.19,0.1,13.1,Yes,Normal simulated hourly value
2026-05-24 04:00,Building A,Common Areas,Fire System,CA-FIRE,0.34,0.34,0.1,13.1,Yes,Normal simulated hourly value
2026-05-24 04:00,Building A,Common Areas,Outdoor Lighting,CA-OUTLIGHT,4.93,4.93,0.1,13.1,Yes,Normal simulated hourly value
2026-05-24 05:00,Building A,Floor 1,HVAC,F1-HVAC,10.05,10.05,0.06,13.7,Yes,Normal simulated hourly value
2026-05-24 05:00,Building A,Floor 1,Lighting,F1-LIGHT,1.95,1.95,0.06,13.7,Yes,Normal simulated hourly value
2026-05-24 05:00,Building A,Floor 1,Plug Loads,F1-PLUG,2.5,2.5,0.06,13.7,Yes,Normal simulated hourly value
2026-05-24 05:00,Building A,Floor 2,HVAC,F2-HVAC,11.03,11.03,0.06,13.7,Yes,Normal simulated hourly value
2026-05-24 05:00,Building A,Floor 2,Lighting,F2-LIGHT,1.83,1.83,0.06,13.7,Yes,Normal simulated hourly value
2026-05-24 05:00,Building A,Floor 2,Plug Loads,F2-PLUG,3.18,3.18,0.06,13.7,Yes,Normal simulated hourly value
2026-05-24 05:00,Building A,Floor 3,HVAC,F3-HVAC,8.96,8.96,0.06,13.7,Yes,Normal simulated hourly value
2026-05-24 05:00,Building A,Floor 3,Lighting,F3-LIGHT,1.92,1.92,0.06,13.7,Yes,Normal simulated hourly value
2026-05-24 05:00,Building A,Floor 3,Server Room,F3-SERVER,14.13,14.13,0.06,13.7,Yes,Normal simulated hourly value
2026-05-24 05:00,Building A,Common Areas,Elevators,CA-ELEV,0.97,0.97,0.06,13.7,Yes,Normal simulated hourly value
2026-05-24 05:00,Building A,Common Areas,Fire System,CA-FIRE,0.36,0.36,0.06,13.7,Yes,Normal simulated hourly value
2026-05-24 05:00,Building A,Common Areas,Outdoor Lighting,CA-OUTLIGHT,4.77,4.77,0.06,13.7,Yes,Normal simulated hourly value
2026-05-24 06:00,Building A,Floor 1,HVAC,F1-HVAC,9.55,9.55,0.09,14.8,Yes,Normal simulated hourly value
2026-05-24 06:00,Building A,Floor 1,Lighting,F1-LIGHT,2.06,2.06,0.09,14.8,Yes,Normal simulated hourly value
2026-05-24 06:00,Building A,Floor 1,Plug Loads,F1-PLUG,2.72,2.72,0.09,14.8,Yes,Normal simulated hourly value
2026-05-24 06:00,Building A,Floor 2,HVAC,F2-HVAC,10.71,10.71,0.09,14.8,Yes,Normal simulated hourly value
2026-05-24 06:00,Building A,Floor 2,Lighting,F2-LIGHT,2.31,2.31,0.09,14.8,Yes,Normal simulated hourly value
2026-05-24 06:00,Building A,Floor 2,Plug Loads,F2-PLUG,3.37,3.37,0.09,14.8,Yes,Normal simulated hourly value
2026-05-24 06:00,Building A,Floor 3,HVAC,F3-HVAC,9.26,9.26,0.09,14.8,Yes,Normal simulated hourly value
2026-05-24 06:00,Building A,Floor 3,Lighting,F3-LIGHT,2.17,2.17,0.09,14.8,Yes,Normal simulated hourly value
2026-05-24 06:00,Building A,Floor 3,Server Room,F3-SERVER,13.25,13.25,0.09,14.8,Yes,Normal simulated hourly value
2026-05-24 06:00,Building A,Common Areas,Elevators,CA-ELEV,1.21,1.21,0.09,14.8,Yes,Normal simulated hourly value
2026-05-24 06:00,Building A,Common Areas,Fire System,CA-FIRE,0.33,0.33,0.09,14.8,Yes,Normal simulated hourly value
2026-05-24 06:00,Building A,Common Areas,Outdoor Lighting,CA-OUTLIGHT,1.14,1.14,0.09,14.8,Yes,Normal simulated hourly value
2026-05-24 07:00,Building A,Floor 1,HVAC,F1-HVAC,8.21,8.21,0.03,15.2,Yes,Normal simulated hourly value
2026-05-24 07:00,Building A,Floor 1,Lighting,F1-LIGHT,1.5,1.5,0.03,15.2,Yes,Normal simulated hourly value
2026-05-24 07:00,Building A,Floor 1,Plug Loads,F1-PLUG,2.42,2.42,0.03,15.2,Yes,Normal simulated hourly value
2026-05-24 07:00,Building A,Floor 2,HVAC,F2-HVAC,9.05,9.05,0.03,15.2,Yes,Normal simulated hourly value
2026-05-24 07:00,Building A,Floor 2,Lighting,F2-LIGHT,1.74,1.74,0.03,15.2,Yes,Normal simulated hourly value
2026-05-24 07:00,Building A,Floor 2,Plug Loads,F2-PLUG,2.47,2.47,0.03,15.2,Yes,Normal simulated hourly value
2026-05-24 07:00,Building A,Floor 3,HVAC,F3-HVAC,7.43,7.43,0.03,15.2,Yes,Normal simulated hourly value
2026-05-24 07:00,Building A,Floor 3,Lighting,F3-LIGHT,1.35,1.35,0.03,15.2,Yes,Normal simulated hourly value
2026-05-24 07:00,Building A,Floor 3,Server Room,F3-SERVER,14.08,14.08,0.03,15.2,Yes,Normal simulated hourly value
2026-05-24 07:00,Building A,Common Areas,Elevators,CA-ELEV,1.16,1.16,0.03,15.2,Yes,Normal simulated hourly value
2026-05-24 07:00,Building A,Common Areas,Fire System,CA-FIRE,0.36,0.36,0.03,15.2,Yes,Normal simulated hourly value
2026-05-24 07:00,Building A,Common Areas,Outdoor Lighting,CA-OUTLIGHT,0.06,0.06,0.03,15.2,Yes,Normal simulated hourly value
2026-05-24 08:00,Building A,Floor 1,HVAC,F1-HVAC,8.76,8.76,0.04,15.8,Yes,Normal simulated hourly value
2026-05-24 08:00,Building A,Floor 1,Lighting,F1-LIGHT,2.05,2.05,0.04,15.8,Yes,Normal simulated hourly value
2026-05-24 08:00,Building A,Floor 1,Plug Loads,F1-PLUG,2.58,2.58,0.04,15.8,Yes,Normal simulated hourly value
2026-05-24 08:00,Building A,Floor 2,HVAC,F2-HVAC,9.82,9.82,0.04,15.8,Yes,Normal simulated hourly value
2026-05-24 08:00,Building A,Floor 2,Lighting,F2-LIGHT,2.19,2.19,0.04,15.8,Yes,Normal simulated hourly value
2026-05-24 08:00,Building A,Floor 2,Plug Loads,F2-PLUG,2.86,2.86,0.04,15.8,Yes,Normal simulated hourly value
2026-05-24 08:00,Building A,Floor 3,HVAC,F3-HVAC,7.59,7.59,0.04,15.8,Yes,Normal simulated hourly value
2026-05-24 08:00,Building A,Floor 3,Lighting,F3-LIGHT,1.65,1.65,0.04,15.8,Yes,Normal simulated hourly value
2026-05-24 08:00,Building A,Floor 3,Server Room,F3-SERVER,14.05,14.05,0.04,15.8,Yes,Normal simulated hourly value
2026-05-24 08:00,Building A,Common Areas,Elevators,CA-ELEV,1.24,1.24,0.04,15.8,Yes,Normal simulated hourly value
2026-05-24 08:00,Building A,Common Areas,Fire System,CA-FIRE,0.35,0.35,0.04,15.8,Yes,Normal simulated hourly value
2026-05-24 08:00,Building A,Common Areas,Outdoor Lighting,CA-OUTLIGHT,0.38,0.38,0.04,15.8,Yes,Normal simulated hourly value
2026-05-24 09:00,Building A,Floor 1,HVAC,F1-HVAC,8.15,8.15,0.04,15.6,Yes,Normal simulated hourly value
2026-05-24 09:00,Building A,Floor 1,Lighting,F1-LIGHT,1.98,1.98,0.04,15.6,Yes,Normal simulated hourly value
2026-05-24 09:00,Building A,Floor 1,Plug Loads,F1-PLUG,2.47,2.47,0.04,15.6,Yes,Normal simulated hourly value
2026-05-24 09:00,Building A,Floor 2,HVAC,F2-HVAC,9.15,9.15,0.04,15.6,Yes,Normal simulated hourly value
2026-05-24 09:00,Building A,Floor 2,Lighting,F2-LIGHT,1.69,1.69,0.04,15.6,Yes,Normal simulated hourly value
2026-05-24 09:00,Building A,Floor 2,Plug Loads,F2-PLUG,3.02,3.02,0.04,15.6,Yes,Normal simulated hourly value
2026-05-24 09:00,Building A,Floor 3,HVAC,F3-HVAC,7.68,7.68,0.04,15.6,Yes,Normal simulated hourly value
2026-05-24 09:00,Building A,Floor 3,Lighting,F3-LIGHT,1.63,1.63,0.04,15.6,Yes,Normal simulated hourly value
2026-05-24 09:00,Building A,Floor 3,Server Room,F3-SERVER,14.57,14.57,0.04,15.6,Yes,Normal simulated hourly value
2026-05-24 09:00,Building A,Common Areas,Elevators,CA-ELEV,1.11,1.11,0.04,15.6,Yes,Normal simulated hourly value
2026-05-24 09:00,Building A,Common Areas,Fire System,CA-FIRE,0.35,0.35,0.04,15.6,Yes,Normal simulated hourly value
2026-05-24 09:00,Building A,Common Areas,Outdoor Lighting,CA-OUTLIGHT,0.38,0.38,0.04,15.6,Yes,Normal simulated hourly value
2026-05-24 10:00,Building A,Floor 1,HVAC,F1-HVAC,11.39,11.39,0.2,15.8,Yes,Normal simulated hourly value
2026-05-24 10:00,Building A,Floor 1,Lighting,F1-LIGHT,2.8,2.8,0.2,15.8,Yes,Normal simulated hourly value
2026-05-24 10:00,Building A,Floor 1,Plug Loads,F1-PLUG,3.66,3.66,0.2,15.8,Yes,Normal simulated hourly value
2026-05-24 10:00,Building A,Floor 2,HVAC,F2-HVAC,11.25,11.25,0.2,15.8,Yes,Normal simulated hourly value
2026-05-24 10:00,Building A,Floor 2,Lighting,F2-LIGHT,2.93,2.93,0.2,15.8,Yes,Normal simulated hourly value
2026-05-24 10:00,Building A,Floor 2,Plug Loads,F2-PLUG,4.06,4.06,0.2,15.8,Yes,Normal simulated hourly value
2026-05-24 10:00,Building A,Floor 3,HVAC,F3-HVAC,9.95,9.95,0.2,15.8,Yes,Normal simulated hourly value
2026-05-24 10:00,Building A,Floor 3,Lighting,F3-LIGHT,2.69,2.69,0.2,15.8,Yes,Normal simulated hourly value
2026-05-24 10:00,Building A,Floor 3,Server Room,F3-SERVER,14.05,14.05,0.2,15.8,Yes,Normal simulated hourly value
2026-05-24 10:00,Building A,Common Areas,Elevators,CA-ELEV,1.91,1.91,0.2,15.8,Yes,Normal simulated hourly value
2026-05-24 10:00,Building A,Common Areas,Fire System,CA-FIRE,0.34,0.34,0.2,15.8,Yes,Normal simulated hourly value
2026-05-24 10:00,Building A,Common Areas,Outdoor Lighting,CA-OUTLIGHT,0.45,0.45,0.2,15.8,Yes,Normal simulated hourly value
2026-05-24 11:00,Building A,Floor 1,HVAC,F1-HVAC,10.81,10.81,0.18,16.5,Yes,Normal simulated hourly value
2026-05-24 11:00,Building A,Floor 1,Lighting,F1-LIGHT,2.55,2.55,0.18,16.5,Yes,Normal simulated hourly value
2026-05-24 11:00,Building A,Floor 1,Plug Loads,F1-PLUG,3.69,3.69,0.18,16.5,Yes,Normal simulated hourly value
2026-05-24 11:00,Building A,Floor 2,HVAC,F2-HVAC,11.52,11.52,0.18,16.5,Yes,Normal simulated hourly value
2026-05-24 11:00,Building A,Floor 2,Lighting,F2-LIGHT,2.93,2.93,0.18,16.5,Yes,Normal simulated hourly value
2026-05-24 11:00,Building A,Floor 2,Plug Loads,F2-PLUG,4.2,4.2,0.18,16.5,Yes,Normal simulated hourly value
2026-05-24 11:00,Building A,Floor 3,HVAC,F3-HVAC,9.51,9.51,0.18,16.5,Yes,Normal simulated hourly value
2026-05-24 11:00,Building A,Floor 3,Lighting,F3-LIGHT,2.05,2.05,0.18,16.5,Yes,Normal simulated hourly value
2026-05-24 11:00,Building A,Floor 3,Server Room,F3-SERVER,14.37,14.37,0.18,16.5,Yes,Normal simulated hourly value
2026-05-24 11:00,Building A,Common Areas,Elevators,CA-ELEV,1.65,1.65,0.18,16.5,Yes,Normal simulated hourly value
2026-05-24 11:00,Building A,Common Areas,Fire System,CA-FIRE,0.38,0.38,0.18,16.5,Yes,Normal simulated hourly value
2026-05-24 11:00,Building A,Common Areas,Outdoor Lighting,CA-OUTLIGHT,0.34,0.34,0.18,16.5,Yes,Normal simulated hourly value
2026-05-24 12:00,Building A,Floor 1,HVAC,F1-HVAC,11.22,11.22,0.2,16.3,Yes,Normal simulated hourly value
2026-05-24 12:00,Building A,Floor 1,Lighting,F1-LIGHT,2.42,2.42,0.2,16.3,Yes,Normal simulated hourly value
2026-05-24 12:00,Building A,Floor 1,Plug Loads,F1-PLUG,3.92,3.92,0.2,16.3,Yes,Normal simulated hourly value
2026-05-24 12:00,Building A,Floor 2,HVAC,F2-HVAC,12.07,12.07,0.2,16.3,Yes,Normal simulated hourly value
2026-05-24 12:00,Building A,Floor 2,Lighting,F2-LIGHT,2.63,2.63,0.2,16.3,Yes,Normal simulated hourly value
2026-05-24 12:00,Building A,Floor 2,Plug Loads,F2-PLUG,4.19,4.19,0.2,16.3,Yes,Normal simulated hourly value
2026-05-24 12:00,Building A,Floor 3,HVAC,F3-HVAC,10.13,10.13,0.2,16.3,Yes,Normal simulated hourly value
2026-05-24 12:00,Building A,Floor 3,Lighting,F3-LIGHT,2.55,2.55,0.2,16.3,Yes,Normal simulated hourly value
2026-05-24 12:00,Building A,Floor 3,Server Room,F3-SERVER,12.97,12.97,0.2,16.3,Yes,Normal simulated hourly value
2026-05-24 12:00,Building A,Common Areas,Elevators,CA-ELEV,1.69,1.69,0.2,16.3,Yes,Normal simulated hourly value
2026-05-24 12:00,Building A,Common Areas,Fire System,CA-FIRE,0.36,0.36,0.2,16.3,Yes,Normal simulated hourly value
2026-05-24 12:00,Building A,Common Areas,Outdoor Lighting,CA-OUTLIGHT,0.32,0.32,0.2,16.3,Yes,Normal simulated hourly value
2026-05-24 13:00,Building A,Floor 1,HVAC,F1-HVAC,9.85,9.85,0.13,16.2,Yes,Normal simulated hourly value
2026-05-24 13:00,Building A,Floor 1,Lighting,F1-LIGHT,2.4,2.4,0.13,16.2,Yes,Normal simulated hourly value
2026-05-24 13:00,Building A,Floor 1,Plug Loads,F1-PLUG,3.09,3.09,0.13,16.2,Yes,Normal simulated hourly value
2026-05-24 13:00,Building A,Floor 2,HVAC,F2-HVAC,10.1,10.1,0.13,16.2,Yes,Normal simulated hourly value
2026-05-24 13:00,Building A,Floor 2,Lighting,F2-LIGHT,2.57,2.57,0.13,16.2,Yes,Normal simulated hourly value
2026-05-24 13:00,Building A,Floor 2,Plug Loads,F2-PLUG,3.63,3.63,0.13,16.2,Yes,Normal simulated hourly value
2026-05-24 13:00,Building A,Floor 3,HVAC,F3-HVAC,8.91,8.91,0.13,16.2,Yes,Normal simulated hourly value
2026-05-24 13:00,Building A,Floor 3,Lighting,F3-LIGHT,1.82,1.82,0.13,16.2,Yes,Normal simulated hourly value
2026-05-24 13:00,Building A,Floor 3,Server Room,F3-SERVER,13.45,13.45,0.13,16.2,Yes,Normal simulated hourly value
2026-05-24 13:00,Building A,Common Areas,Elevators,CA-ELEV,1.46,1.46,0.13,16.2,Yes,Normal simulated hourly value
2026-05-24 13:00,Building A,Common Areas,Fire System,CA-FIRE,0.35,0.35,0.13,16.2,Yes,Normal simulated hourly value
2026-05-24 13:00,Building A,Common Areas,Outdoor Lighting,CA-OUTLIGHT,0.05,0.05,0.13,16.2,Yes,Normal simulated hourly value
2026-05-24 14:00,Building A,Floor 1,HVAC,F1-HVAC,10.58,10.58,0.21,15.6,Yes,Normal simulated hourly value
2026-05-24 14:00,Building A,Floor 1,Lighting,F1-LIGHT,2.5,2.5,0.21,15.6,Yes,Normal simulated hourly value
2026-05-24 14:00,Building A,Floor 1,Plug Loads,F1-PLUG,4.17,4.17,0.21,15.6,Yes,Normal simulated hourly value
2026-05-24 14:00,Building A,Floor 2,HVAC,F2-HVAC,12.22,12.22,0.21,15.6,Yes,Normal simulated hourly value
2026-05-24 14:00,Building A,Floor 2,Lighting,F2-LIGHT,2.92,2.92,0.21,15.6,Yes,Normal simulated hourly value
2026-05-24 14:00,Building A,Floor 2,Plug Loads,F2-PLUG,4.41,4.41,0.21,15.6,Yes,Normal simulated hourly value
2026-05-24 14:00,Building A,Floor 3,HVAC,F3-HVAC,10.68,10.68,0.21,15.6,Yes,Normal simulated hourly value
2026-05-24 14:00,Building A,Floor 3,Lighting,F3-LIGHT,2.3,2.3,0.21,15.6,Yes,Normal simulated hourly value
2026-05-24 14:00,Building A,Floor 3,Server Room,F3-SERVER,14.56,14.56,0.21,15.6,Yes,Normal simulated hourly value
2026-05-24 14:00,Building A,Common Areas,Elevators,CA-ELEV,1.6,1.6,0.21,15.6,Yes,Normal simulated hourly value
2026-05-24 14:00,Building A,Common Areas,Fire System,CA-FIRE,0.36,0.36,0.21,15.6,Yes,Normal simulated hourly value
2026-05-24 14:00,Building A,Common Areas,Outdoor Lighting,CA-OUTLIGHT,0.46,0.46,0.21,15.6,Yes,Normal simulated hourly value
2026-05-24 15:00,Building A,Floor 1,HVAC,F1-HVAC,10.67,10.67,0.2,15.3,Yes,Normal simulated hourly value
2026-05-24 15:00,Building A,Floor 1,Lighting,F1-LIGHT,2.47,2.47,0.2,15.3,Yes,Normal simulated hourly value
2026-05-24 15:00,Building A,Floor 1,Plug Loads,F1-PLUG,3.63,3.63,0.2,15.3,Yes,Normal simulated hourly value
2026-05-24 15:00,Building A,Floor 2,HVAC,F2-HVAC,11.77,11.77,0.2,15.3,Yes,Normal simulated hourly value
2026-05-24 15:00,Building A,Floor 2,Lighting,F2-LIGHT,3.06,3.06,0.2,15.3,Yes,Normal simulated hourly value
2026-05-24 15:00,Building A,Floor 2,Plug Loads,F2-PLUG,4.19,4.19,0.2,15.3,Yes,Normal simulated hourly value
2026-05-24 15:00,Building A,Floor 3,HVAC,F3-HVAC,9.83,9.83,0.2,15.3,Yes,Normal simulated hourly value
2026-05-24 15:00,Building A,Floor 3,Lighting,F3-LIGHT,2.51,2.51,0.2,15.3,Yes,Normal simulated hourly value
2026-05-24 15:00,Building A,Floor 3,Server Room,F3-SERVER,13.09,13.09,0.2,15.3,Yes,Normal simulated hourly value
2026-05-24 15:00,Building A,Common Areas,Elevators,CA-ELEV,1.74,1.74,0.2,15.3,Yes,Normal simulated hourly value
2026-05-24 15:00,Building A,Common Areas,Fire System,CA-FIRE,0.33,0.33,0.2,15.3,Yes,Normal simulated hourly value
2026-05-24 15:00,Building A,Common Areas,Outdoor Lighting,CA-OUTLIGHT,0.21,0.21,0.2,15.3,Yes,Normal simulated hourly value
2026-05-24 16:00,Building A,Floor 1,HVAC,F1-HVAC,11.73,11.73,0.24,15.7,Yes,Normal simulated hourly value
2026-05-24 16:00,Building A,Floor 1,Lighting,F1-LIGHT,2.8,2.8,0.24,15.7,Yes,Normal simulated hourly value
2026-05-24 16:00,Building A,Floor 1,Plug Loads,F1-PLUG,4.53,4.53,0.24,15.7,Yes,Normal simulated hourly value
2026-05-24 16:00,Building A,Floor 2,HVAC,F2-HVAC,12.53,12.53,0.24,15.7,Yes,Normal simulated hourly value
2026-05-24 16:00,Building A,Floor 2,Lighting,F2-LIGHT,2.92,2.92,0.24,15.7,Yes,Normal simulated hourly value
2026-05-24 16:00,Building A,Floor 2,Plug Loads,F2-PLUG,4.78,4.78,0.24,15.7,Yes,Normal simulated hourly value
2026-05-24 16:00,Building A,Floor 3,HVAC,F3-HVAC,10.95,10.95,0.24,15.7,Yes,Normal simulated hourly value
2026-05-24 16:00,Building A,Floor 3,Lighting,F3-LIGHT,2.83,2.83,0.24,15.7,Yes,Normal simulated hourly value
2026-05-24 16:00,Building A,Floor 3,Server Room,F3-SERVER,13.5,13.5,0.24,15.7,Yes,Normal simulated hourly value
2026-05-24 16:00,Building A,Common Areas,Elevators,CA-ELEV,1.76,1.76,0.24,15.7,Yes,Normal simulated hourly value
2026-05-24 16:00,Building A,Common Areas,Fire System,CA-FIRE,0.34,0.34,0.24,15.7,Yes,Normal simulated hourly value
2026-05-24 16:00,Building A,Common Areas,Outdoor Lighting,CA-OUTLIGHT,0.28,0.28,0.24,15.7,Yes,Normal simulated hourly value
2026-05-24 17:00,Building A,Floor 1,HVAC,F1-HVAC,9.24,9.24,0.09,14.7,Yes,Normal simulated hourly value
2026-05-24 17:00,Building A,Floor 1,Lighting,F1-LIGHT,1.96,1.96,0.09,14.7,Yes,Normal simulated hourly value
2026-05-24 17:00,Building A,Floor 1,Plug Loads,F1-PLUG,3.17,3.17,0.09,14.7,Yes,Normal simulated hourly value
2026-05-24 17:00,Building A,Floor 2,HVAC,F2-HVAC,10.71,10.71,0.09,14.7,Yes,Normal simulated hourly value
2026-05-24 17:00,Building A,Floor 2,Lighting,F2-LIGHT,2.54,2.54,0.09,14.7,Yes,Normal simulated hourly value
2026-05-24 17:00,Building A,Floor 2,Plug Loads,F2-PLUG,2.91,2.91,0.09,14.7,Yes,Normal simulated hourly value
2026-05-24 17:00,Building A,Floor 3,HVAC,F3-HVAC,8.99,8.99,0.09,14.7,Yes,Normal simulated hourly value
2026-05-24 17:00,Building A,Floor 3,Lighting,F3-LIGHT,1.73,1.73,0.09,14.7,Yes,Normal simulated hourly value
2026-05-24 17:00,Building A,Floor 3,Server Room,F3-SERVER,13.06,13.06,0.09,14.7,Yes,Normal simulated hourly value
2026-05-24 17:00,Building A,Common Areas,Elevators,CA-ELEV,1.34,1.34,0.09,14.7,Yes,Normal simulated hourly value
2026-05-24 17:00,Building A,Common Areas,Fire System,CA-FIRE,0.34,0.34,0.09,14.7,Yes,Normal simulated hourly value
2026-05-24 17:00,Building A,Common Areas,Outdoor Lighting,CA-OUTLIGHT,0.39,0.39,0.09,14.7,Yes,Normal simulated hourly value
2026-05-24 18:00,Building A,Floor 1,HVAC,F1-HVAC,9.32,9.32,0.04,14.5,Yes,Normal simulated hourly value
2026-05-24 18:00,Building A,Floor 1,Lighting,F1-LIGHT,1.83,1.83,0.04,14.5,Yes,Normal simulated hourly value
2026-05-24 18:00,Building A,Floor 1,Plug Loads,F1-PLUG,2.49,2.49,0.04,14.5,Yes,Normal simulated hourly value
2026-05-24 18:00,Building A,Floor 2,HVAC,F2-HVAC,10.41,10.41,0.04,14.5,Yes,Normal simulated hourly value
2026-05-24 18:00,Building A,Floor 2,Lighting,F2-LIGHT,2.02,2.02,0.04,14.5,Yes,Normal simulated hourly value
2026-05-24 18:00,Building A,Floor 2,Plug Loads,F2-PLUG,2.47,2.47,0.04,14.5,Yes,Normal simulated hourly value
2026-05-24 18:00,Building A,Floor 3,HVAC,F3-HVAC,8.04,8.04,0.04,14.5,Yes,Normal simulated hourly value
2026-05-24 18:00,Building A,Floor 3,Lighting,F3-LIGHT,1.67,1.67,0.04,14.5,Yes,Normal simulated hourly value
2026-05-24 18:00,Building A,Floor 3,Server Room,F3-SERVER,14.03,14.03,0.04,14.5,Yes,Normal simulated hourly value
2026-05-24 18:00,Building A,Common Areas,Elevators,CA-ELEV,1.18,1.18,0.04,14.5,Yes,Normal simulated hourly value
2026-05-24 18:00,Building A,Common Areas,Fire System,CA-FIRE,0.32,0.32,0.04,14.5,Yes,Normal simulated hourly value
2026-05-24 18:00,Building A,Common Areas,Outdoor Lighting,CA-OUTLIGHT,0.06,0.06,0.04,14.5,Yes,Normal simulated hourly value
2026-05-24 19:00,Building A,Floor 1,HVAC,F1-HVAC,9.35,9.35,0.04,13.7,Yes,Normal simulated hourly value
2026-05-24 19:00,Building A,Floor 1,Lighting,F1-LIGHT,1.97,1.97,0.04,13.7,Yes,Normal simulated hourly value
2026-05-24 19:00,Building A,Floor 1,Plug Loads,F1-PLUG,2.56,2.56,0.04,13.7,Yes,Normal simulated hourly value
2026-05-24 19:00,Building A,Floor 2,HVAC,F2-HVAC,9.94,9.94,0.04,13.7,Yes,Normal simulated hourly value
2026-05-24 19:00,Building A,Floor 2,Lighting,F2-LIGHT,2.12,2.12,0.04,13.7,Yes,Normal simulated hourly value
2026-05-24 19:00,Building A,Floor 2,Plug Loads,F2-PLUG,2.84,2.84,0.04,13.7,Yes,Normal simulated hourly value
2026-05-24 19:00,Building A,Floor 3,HVAC,F3-HVAC,8.49,8.49,0.04,13.7,Yes,Normal simulated hourly value
2026-05-24 19:00,Building A,Floor 3,Lighting,F3-LIGHT,1.48,1.48,0.04,13.7,Yes,Normal simulated hourly value
2026-05-24 19:00,Building A,Floor 3,Server Room,F3-SERVER,14.13,14.13,0.04,13.7,Yes,Normal simulated hourly value
2026-05-24 19:00,Building A,Common Areas,Elevators,CA-ELEV,1.26,1.26,0.04,13.7,Yes,Normal simulated hourly value
2026-05-24 19:00,Building A,Common Areas,Fire System,CA-FIRE,0.33,0.33,0.04,13.7,Yes,Normal simulated hourly value
2026-05-24 19:00,Building A,Common Areas,Outdoor Lighting,CA-OUTLIGHT,0.82,0.82,0.04,13.7,Yes,Normal simulated hourly value
2026-05-24 20:00,Building A,Floor 1,HVAC,F1-HVAC,9.76,9.76,0.05,13.3,Yes,Normal simulated hourly value
2026-05-24 20:00,Building A,Floor 1,Lighting,F1-LIGHT,1.79,1.79,0.05,13.3,Yes,Normal simulated hourly value
2026-05-24 20:00,Building A,Floor 1,Plug Loads,F1-PLUG,2.81,2.81,0.05,13.3,Yes,Normal simulated hourly value
2026-05-24 20:00,Building A,Floor 2,HVAC,F2-HVAC,10.94,10.94,0.05,13.3,Yes,Normal simulated hourly value
2026-05-24 20:00,Building A,Floor 2,Lighting,F2-LIGHT,1.77,1.77,0.05,13.3,Yes,Normal simulated hourly value
2026-05-24 20:00,Building A,Floor 2,Plug Loads,F2-PLUG,2.98,2.98,0.05,13.3,Yes,Normal simulated hourly value
2026-05-24 20:00,Building A,Floor 3,HVAC,F3-HVAC,9.56,9.56,0.05,13.3,Yes,Normal simulated hourly value
2026-05-24 20:00,Building A,Floor 3,Lighting,F3-LIGHT,1.54,1.54,0.05,13.3,Yes,Normal simulated hourly value
2026-05-24 20:00,Building A,Floor 3,Server Room,F3-SERVER,13.77,13.77,0.05,13.3,Yes,Normal simulated hourly value
2026-05-24 20:00,Building A,Common Areas,Elevators,CA-ELEV,0.96,0.96,0.05,13.3,Yes,Normal simulated hourly value
2026-05-24 20:00,Building A,Common Areas,Fire System,CA-FIRE,0.36,0.36,0.05,13.3,Yes,Normal simulated hourly value
2026-05-24 20:00,Building A,Common Areas,Outdoor Lighting,CA-OUTLIGHT,4.71,4.71,0.05,13.3,Yes,Normal simulated hourly value
2026-05-24 21:00,Building A,Floor 1,HVAC,F1-HVAC,10.52,10.52,0.08,12.3,Yes,Normal simulated hourly value
2026-05-24 21:00,Building A,Floor 1,Lighting,F1-LIGHT,2.29,2.29,0.08,12.3,Yes,Normal simulated hourly value
2026-05-24 21:00,Building A,Floor 1,Plug Loads,F1-PLUG,2.78,2.78,0.08,12.3,Yes,Normal simulated hourly value
2026-05-24 21:00,Building A,Floor 2,HVAC,F2-HVAC,11.1,11.1,0.08,12.3,Yes,Normal simulated hourly value
2026-05-24 21:00,Building A,Floor 2,Lighting,F2-LIGHT,2.44,2.44,0.08,12.3,Yes,Normal simulated hourly value
2026-05-24 21:00,Building A,Floor 2,Plug Loads,F2-PLUG,3.33,3.33,0.08,12.3,Yes,Normal simulated hourly value
2026-05-24 21:00,Building A,Floor 3,HVAC,F3-HVAC,9.72,9.72,0.08,12.3,Yes,Normal simulated hourly value
2026-05-24 21:00,Building A,Floor 3,Lighting,F3-LIGHT,1.79,1.79,0.08,12.3,Yes,Normal simulated hourly value
2026-05-24 21:00,Building A,Floor 3,Server Room,F3-SERVER,13.77,13.77,0.08,12.3,Yes,Normal simulated hourly value
2026-05-24 21:00,Building A,Common Areas,Elevators,CA-ELEV,1.39,1.39,0.08,12.3,Yes,Normal simulated hourly value
2026-05-24 21:00,Building A,Common Areas,Fire System,CA-FIRE,0.38,0.38,0.08,12.3,Yes,Normal simulated hourly value
2026-05-24 21:00,Building A,Common Areas,Outdoor Lighting,CA-OUTLIGHT,4.74,4.74,0.08,12.3,Yes,Normal simulated hourly value
2026-05-24 22:00,Building A,Floor 1,HVAC,F1-HVAC,11.06,11.06,0.08,11.9,Yes,Normal simulated hourly value
2026-05-24 22:00,Building A,Floor 1,Lighting,F1-LIGHT,2.41,2.41,0.08,11.9,Yes,Normal simulated hourly value
2026-05-24 22:00,Building A,Floor 1,Plug Loads,F1-PLUG,2.7,2.7,0.08,11.9,Yes,Normal simulated hourly value
2026-05-24 22:00,Building A,Floor 2,HVAC,F2-HVAC,11.33,11.33,0.08,11.9,Yes,Normal simulated hourly value
2026-05-24 22:00,Building A,Floor 2,Lighting,F2-LIGHT,2.41,2.41,0.08,11.9,Yes,Normal simulated hourly value
2026-05-24 22:00,Building A,Floor 2,Plug Loads,F2-PLUG,2.85,2.85,0.08,11.9,Yes,Normal simulated hourly value
2026-05-24 22:00,Building A,Floor 3,HVAC,F3-HVAC,9.6,9.6,0.08,11.9,Yes,Normal simulated hourly value
2026-05-24 22:00,Building A,Floor 3,Lighting,F3-LIGHT,2.17,2.17,0.08,11.9,Yes,Normal simulated hourly value
2026-05-24 22:00,Building A,Floor 3,Server Room,F3-SERVER,13.21,13.21,0.08,11.9,Yes,Normal simulated hourly value
2026-05-24 22:00,Building A,Common Areas,Elevators,CA-ELEV,1.17,1.17,0.08,11.9,Yes,Normal simulated hourly value
2026-05-24 22:00,Building A,Common Areas,Fire System,CA-FIRE,0.36,0.36,0.08,11.9,Yes,Normal simulated hourly value
2026-05-24 22:00,Building A,Common Areas,Outdoor Lighting,CA-OUTLIGHT,4.87,4.87,0.08,11.9,Yes,Normal simulated hourly value
2026-05-24 23:00,Building A,Floor 1,HVAC,F1-HVAC,10.71,10.71,0.04,12.3,Yes,Normal simulated hourly value
2026-05-24 23:00,Building A,Floor 1,Lighting,F1-LIGHT,2.03,2.03,0.04,12.3,Yes,Normal simulated hourly value
2026-05-24 23:00,Building A,Floor 1,Plug Loads,F1-PLUG,2.29,2.29,0.04,12.3,Yes,Normal simulated hourly value
2026-05-24 23:00,Building A,Floor 2,HVAC,F2-HVAC,11.38,11.38,0.04,12.3,Yes,Normal simulated hourly value
2026-05-24 23:00,Building A,Floor 2,Lighting,F2-LIGHT,1.95,1.95,0.04,12.3,Yes,Normal simulated hourly value
2026-05-24 23:00,Building A,Floor 2,Plug Loads,F2-PLUG,3.04,3.04,0.04,12.3,Yes,Normal simulated hourly value
2026-05-24 23:00,Building A,Floor 3,HVAC,F3-HVAC,9.44,9.44,0.04,12.3,Yes,Normal simulated hourly value
2026-05-24 23:00,Building A,Floor 3,Lighting,F3-LIGHT,1.87,1.87,0.04,12.3,Yes,Normal simulated hourly value
2026-05-24 23:00,Building A,Floor 3,Server Room,F3-SERVER,14.21,14.21,0.04,12.3,Yes,Normal simulated hourly value
2026-05-24 23:00,Building A,Common Areas,Elevators,CA-ELEV,1.16,1.16,0.04,12.3,Yes,Normal simulated hourly value
2026-05-24 23:00,Building A,Common Areas,Fire System,CA-FIRE,0.34,0.34,0.04,12.3,Yes,Normal simulated hourly value
2026-05-24 23:00,Building A,Common Areas,Outdoor Lighting,CA-OUTLIGHT,5.0,5.0,0.04,12.3,Yes,Normal simulated hourly value
